t_rel,latency_s,ok,op
0.0,0.0175,1,probe_student
0.001,0.0322,1,probe_records
0.002,0.0375,1,probe_timetable
0.003,0.0487,1,probe_payment
0.259,0.0154,1,probe_student
0.26,0.0214,1,probe_records
0.26,0.0242,1,probe_timetable
0.261,0.0219,1,probe_payment
0.508,0.0181,1,probe_student
0.509,0.0279,1,probe_records
0.51,0.0329,1,probe_timetable
0.511,0.0302,1,probe_payment
0.759,0.0165,1,probe_student
0.76,0.0232,1,probe_records
0.761,0.0288,1,probe_timetable
0.763,0.0255,1,probe_payment
1.01,0.0177,1,probe_student
1.011,0.0255,1,probe_records
1.012,0.0518,1,probe_timetable
1.014,0.0487,1,probe_payment
1.258,0.0171,1,probe_student
1.259,0.0219,1,probe_records
1.26,0.026,1,probe_timetable
1.261,0.0237,1,probe_payment
1.51,0.0163,1,probe_student
1.511,0.0266,1,probe_records
1.512,0.0288,1,probe_timetable
1.513,0.0275,1,probe_payment
1.757,2.0445,0,probe_student
1.758,2.0914,0,probe_records
1.759,2.0886,0,probe_timetable
1.76,0.0246,1,probe_payment
2.005,2.056,0,probe_student
2.007,2.0787,0,probe_records
2.007,2.0788,0,probe_timetable
2.008,0.0291,1,probe_payment
2.255,2.0693,0,probe_student
2.257,2.0787,0,probe_records
2.258,2.0783,0,probe_timetable
2.259,0.0211,1,probe_payment
2.504,2.0526,0,probe_student
2.505,2.1029,0,probe_records
2.506,2.0899,0,probe_timetable
2.507,0.0296,1,probe_payment
2.753,2.0526,0,probe_student
2.754,2.0755,0,probe_records
2.755,2.0773,0,probe_timetable
2.756,0.0278,1,probe_payment
3.003,2.0625,0,probe_student
3.004,2.0951,0,probe_records
3.005,2.0852,0,probe_timetable
3.006,0.0286,1,probe_payment
3.252,2.0476,0,probe_student
3.253,2.0702,0,probe_records
3.254,2.071,0,probe_timetable
3.255,0.0286,1,probe_payment
3.514,2.0638,0,probe_student
3.516,2.1009,0,probe_records
3.517,2.0865,0,probe_timetable
3.519,0.0284,1,probe_payment
3.765,2.0625,0,probe_student
3.767,2.0875,0,probe_records
3.768,2.0868,0,probe_timetable
3.771,0.0266,1,probe_payment
4.012,2.0488,0,probe_student
4.013,2.0744,0,probe_records
4.014,2.0718,0,probe_timetable
4.015,0.0288,1,probe_payment
4.26,2.0668,0,probe_student
4.261,2.0752,0,probe_records
4.263,2.0875,0,probe_timetable
4.264,0.0252,1,probe_payment
4.508,2.0671,0,probe_student
4.51,2.0737,0,probe_records
4.511,2.0874,0,probe_timetable
4.512,0.0264,1,probe_payment
4.755,2.0545,0,probe_student
4.756,2.0802,0,probe_records
4.757,2.0769,0,probe_timetable
4.758,0.0213,1,probe_payment
5.002,2.0546,0,probe_student
5.003,2.062,0,probe_records
5.004,2.0603,0,probe_timetable
5.006,0.0252,1,probe_payment
5.266,2.075,1,probe_student
5.267,2.0785,1,probe_records
5.268,2.0748,1,probe_timetable
5.269,0.0232,1,probe_payment
5.514,2.1014,1,probe_student
5.515,2.1031,1,probe_records
5.516,2.1034,1,probe_timetable
5.517,0.0474,1,probe_payment
5.762,1.5627,1,probe_student
5.763,1.5592,1,probe_records
5.764,1.5712,1,probe_timetable
5.765,0.0219,1,probe_payment
6.011,1.5846,1,probe_student
6.012,1.5861,1,probe_records
6.013,1.5965,1,probe_timetable
6.014,0.0275,1,probe_payment
6.26,1.0494,1,probe_student
6.261,1.058,1,probe_records
6.263,1.059,1,probe_timetable
6.264,0.0234,1,probe_payment
6.51,1.0819,1,probe_student
6.512,1.0766,1,probe_records
6.513,1.0992,1,probe_timetable
6.514,0.0332,1,probe_payment
6.758,0.5271,1,probe_student
6.76,0.5531,1,probe_records
6.761,0.5526,1,probe_timetable
6.762,0.0223,1,probe_payment
7.005,0.532,1,probe_student
7.006,0.549,1,probe_records
7.008,0.5779,1,probe_timetable
7.009,0.0345,1,probe_payment
7.255,0.0183,1,probe_student
7.256,0.0469,1,probe_records
7.257,0.0574,1,probe_timetable
7.259,0.0309,1,probe_payment
7.503,0.0366,1,probe_student
7.506,0.0548,1,probe_records
7.509,0.0665,1,probe_timetable
7.512,0.0699,1,probe_payment
7.754,0.0322,1,probe_student
7.756,0.0362,1,probe_records
7.758,0.045,1,probe_timetable
7.762,0.0478,1,probe_payment
8.001,0.0289,1,probe_student
8.002,0.0321,1,probe_records
8.004,0.0508,1,probe_timetable
8.006,0.0458,1,probe_payment
8.264,0.0241,1,probe_student
8.266,0.04,1,probe_records
8.267,0.0436,1,probe_timetable
8.269,0.0394,1,probe_payment
8.513,0.0351,1,probe_student
8.515,0.0435,1,probe_records
8.517,0.0525,1,probe_timetable
8.519,0.0534,1,probe_payment
8.76,0.0235,1,probe_student
8.762,0.0327,1,probe_records
8.763,0.0373,1,probe_timetable
8.765,0.0338,1,probe_payment
9.009,0.0307,1,probe_student
9.011,0.0422,1,probe_records
9.013,0.0535,1,probe_timetable
9.015,0.0492,1,probe_payment
9.259,0.0316,1,probe_student
9.261,0.0354,1,probe_records
9.263,0.0368,1,probe_timetable
9.265,0.04,1,probe_payment
9.508,0.0295,1,probe_student
9.51,0.0338,1,probe_records
9.511,0.0458,1,probe_timetable
9.513,0.0405,1,probe_payment
9.756,0.0228,1,probe_student
9.758,0.0315,1,probe_records
9.76,0.0343,1,probe_timetable
9.761,0.0308,1,probe_payment
10.004,0.0315,1,probe_student
10.006,0.0347,1,probe_records
10.008,0.0523,1,probe_timetable
10.011,0.0467,1,probe_payment
10.266,0.0251,1,probe_student
10.268,0.0401,1,probe_records
10.27,0.0408,1,probe_timetable
10.272,0.0416,1,probe_payment
10.515,0.0336,1,probe_student
10.517,0.0374,1,probe_records
10.519,0.0573,1,probe_timetable
10.521,0.0532,1,probe_payment
10.765,0.0208,1,probe_student
10.767,0.0315,1,probe_records
10.768,0.039,1,probe_timetable
10.77,0.0312,1,probe_payment
11.016,0.032,1,probe_student
11.017,0.0412,1,probe_records
11.02,0.0433,1,probe_timetable
11.023,0.043,1,probe_payment
11.266,0.024,1,probe_student
11.268,0.038,1,probe_records
11.27,0.0418,1,probe_timetable
11.272,0.037,1,probe_payment
11.515,0.0347,1,probe_student
11.517,0.0495,1,probe_records
11.519,0.0588,1,probe_timetable
11.522,0.0534,1,probe_payment
11.765,0.0241,1,probe_student
11.767,0.0319,1,probe_records
11.768,0.0372,1,probe_timetable
11.77,0.0307,1,probe_payment
12.011,0.0381,1,probe_student
12.014,0.0424,1,probe_records
12.017,0.0559,1,probe_timetable
12.02,0.0505,1,probe_payment
12.257,0.0208,1,probe_student
12.258,0.0287,1,probe_records
12.259,0.0333,1,probe_timetable
12.261,0.0289,1,probe_payment
12.505,0.0386,1,probe_student
12.507,0.0242,1,probe_records
12.508,0.0304,1,probe_timetable
12.509,0.0375,1,probe_payment
12.753,0.0176,1,probe_student
12.755,0.0216,1,probe_records
12.756,0.0253,1,probe_timetable
12.757,0.0211,1,probe_payment
13.004,0.0184,1,probe_student
13.006,0.0258,1,probe_records
13.007,0.0506,1,probe_timetable
13.008,0.0293,1,probe_payment
13.256,0.0175,1,probe_student
13.257,0.0218,1,probe_records
13.258,0.0262,1,probe_timetable
13.258,0.0216,1,probe_payment
13.505,0.0161,1,probe_student
13.506,0.0247,1,probe_records
13.506,0.0278,1,probe_timetable
13.507,0.025,1,probe_payment
13.753,0.0176,1,probe_student
13.754,0.0217,1,probe_records
13.755,0.0256,1,probe_timetable
13.756,0.022,1,probe_payment
14.001,0.018,1,probe_student
14.002,0.0262,1,probe_records
14.003,0.0527,1,probe_timetable
14.004,0.0273,1,probe_payment
14.265,0.0164,1,probe_student
14.266,0.0205,1,probe_records
14.267,0.0226,1,probe_timetable
14.268,0.02,1,probe_payment
14.512,0.0193,1,probe_student
14.513,0.028,1,probe_records
14.514,0.0325,1,probe_timetable
14.515,0.0334,1,probe_payment
14.758,0.0175,1,probe_student
14.759,0.0247,1,probe_records
14.76,0.0266,1,probe_timetable
14.761,0.0239,1,probe_payment
15.006,0.0177,1,probe_student
15.007,0.0321,1,probe_records
15.008,0.0341,1,probe_timetable
15.009,0.0322,1,probe_payment
15.256,0.0176,1,probe_student
15.257,2.0528,0,probe_records
15.258,0.0257,1,probe_timetable
15.259,0.0213,1,probe_payment
15.507,0.0186,1,probe_student
15.508,2.0667,0,probe_records
15.509,0.0324,1,probe_timetable
15.51,0.0295,1,probe_payment
15.757,0.0158,1,probe_student
15.758,2.0627,0,probe_records
15.759,0.0279,1,probe_timetable
15.76,0.0256,1,probe_payment
16.003,0.0199,1,probe_student
16.004,2.0652,0,probe_records
16.005,0.0361,1,probe_timetable
16.005,0.0322,1,probe_payment
16.263,0.0162,1,probe_student
16.265,2.0675,0,probe_records
16.265,0.0265,1,probe_timetable
16.266,0.0232,1,probe_payment
16.512,0.0189,1,probe_student
16.513,2.0658,0,probe_records
16.514,0.0316,1,probe_timetable
16.515,0.0323,1,probe_payment
16.762,0.0181,1,probe_student
16.764,2.0472,0,probe_records
16.765,0.0254,1,probe_timetable
16.765,0.0221,1,probe_payment
17.011,0.0193,1,probe_student
17.013,2.0635,0,probe_records
17.014,0.0508,1,probe_timetable
17.014,0.0484,1,probe_payment
17.26,0.0182,1,probe_student
17.261,2.066,0,probe_records
17.262,0.0255,1,probe_timetable
17.263,0.0213,1,probe_payment
17.508,0.0168,1,probe_student
17.509,2.0668,0,probe_records
17.51,0.051,1,probe_timetable
17.51,0.0487,1,probe_payment
17.757,0.0151,1,probe_student
17.758,2.0626,0,probe_records
17.759,0.0244,1,probe_timetable
17.76,0.0213,1,probe_payment
18.003,0.0197,1,probe_student
18.004,2.0541,0,probe_records
18.005,0.0345,1,probe_timetable
18.006,0.0321,1,probe_payment
18.252,0.0217,1,probe_student
18.253,2.0535,0,probe_records
18.255,0.033,1,probe_timetable
18.257,0.0299,1,probe_payment
18.514,0.0225,1,probe_student
18.515,2.0562,0,probe_records
18.516,0.0355,1,probe_timetable
18.517,0.0332,1,probe_payment
18.761,0.0217,1,probe_student
18.762,2.0582,0,probe_records
18.764,0.0293,1,probe_timetable
18.765,0.026,1,probe_payment
19.011,0.0214,1,probe_student
19.013,2.0788,1,probe_records
19.013,0.0298,1,probe_timetable
19.014,0.0307,1,probe_payment
19.26,0.0204,1,probe_student
19.261,2.0561,1,probe_records
19.262,0.0292,1,probe_timetable
19.264,0.0253,1,probe_payment
19.511,0.0226,1,probe_student
19.512,1.5643,1,probe_records
19.514,0.0329,1,probe_timetable
19.515,2.0822,0,probe_payment
19.758,0.018,1,probe_student
19.759,1.5651,1,probe_records
19.76,0.0265,1,probe_timetable
19.762,2.07,0,probe_payment
20.008,0.0212,1,probe_student
20.009,1.0588,1,probe_records
20.01,0.0337,1,probe_timetable
20.011,2.0679,0,probe_payment
20.258,0.0153,1,probe_student
20.259,1.0566,1,probe_records
20.26,0.0268,1,probe_timetable
20.261,2.0656,0,probe_payment
20.506,0.0186,1,probe_student
20.507,0.5679,1,probe_records
20.507,0.0339,1,probe_timetable
20.508,2.0684,0,probe_payment
20.755,0.025,1,probe_student
20.756,0.5395,1,probe_records
20.758,0.0263,1,probe_timetable
20.759,2.0627,0,probe_payment
21.005,0.0236,1,probe_student
21.007,0.5434,1,probe_records
21.007,0.0366,1,probe_timetable
21.008,2.0789,0,probe_payment
21.252,0.0252,1,probe_student
21.253,0.0349,1,probe_records
21.256,0.0352,1,probe_timetable
21.257,2.0631,0,probe_payment
21.516,0.0198,1,probe_student
21.517,0.0314,1,probe_records
21.518,0.0349,1,probe_timetable
21.52,2.0693,0,probe_payment
21.765,0.0164,1,probe_student
21.767,0.0229,1,probe_records
21.768,0.0258,1,probe_timetable
21.769,2.0641,0,probe_payment
22.014,0.023,1,probe_student
22.016,0.0275,1,probe_records
22.017,0.0408,1,probe_timetable
22.019,2.08,0,probe_payment
22.261,0.0246,1,probe_student
22.262,0.0261,1,probe_records
22.264,0.0291,1,probe_timetable
22.265,2.0692,0,probe_payment
22.509,0.0218,1,probe_student
22.51,0.0283,1,probe_records
22.511,0.0516,1,probe_timetable
22.513,2.0549,0,probe_payment
22.757,0.0182,1,probe_student
22.759,0.0263,1,probe_records
22.76,0.03,1,probe_timetable
22.762,2.0531,0,probe_payment
23.006,0.0198,1,probe_student
23.007,0.0309,1,probe_records
23.008,0.0353,1,probe_timetable
23.009,2.0629,0,probe_payment
23.256,0.0191,1,probe_student
23.257,0.0261,1,probe_records
23.258,0.0293,1,probe_timetable
23.259,2.0741,1,probe_payment
23.504,0.0215,1,probe_student
23.505,0.0351,1,probe_records
23.507,0.0368,1,probe_timetable
23.508,2.0772,1,probe_payment
23.753,0.0204,1,probe_student
23.755,0.0267,1,probe_records
23.756,0.0297,1,probe_timetable
23.758,1.5724,1,probe_payment
24.002,0.0226,1,probe_student
24.003,0.0319,1,probe_records
24.005,0.0411,1,probe_timetable
24.006,1.5811,1,probe_payment
24.252,0.0262,1,probe_student
24.253,0.0339,1,probe_records
24.258,0.0341,1,probe_timetable
24.26,1.067,1,probe_payment
24.502,0.0265,1,probe_student
24.505,0.0324,1,probe_records
24.507,0.0371,1,probe_timetable
24.508,1.0622,1,probe_payment
24.766,0.0203,1,probe_student
24.767,0.0304,1,probe_records
24.768,0.0332,1,probe_timetable
24.77,0.5308,1,probe_payment
25.014,0.0253,1,probe_student
25.016,0.0359,1,probe_records
25.017,0.0394,1,probe_timetable
25.019,0.5487,1,probe_payment
25.254,0.0185,1,probe_student
25.256,0.0285,1,probe_records
25.257,0.0292,1,probe_timetable
25.258,0.0254,1,probe_payment
25.509,0.0275,1,probe_student
25.511,0.0381,1,probe_records
25.513,0.0404,1,probe_timetable
25.514,0.0408,1,probe_payment
25.757,0.0272,1,probe_student
25.76,0.0354,1,probe_records
25.763,0.0353,1,probe_timetable
25.765,0.0355,1,probe_payment
26.004,0.0262,1,probe_student
26.005,0.0345,1,probe_records
26.007,0.044,1,probe_timetable
26.008,0.0396,1,probe_payment
26.253,0.0387,1,probe_student
26.255,0.0211,1,probe_records
26.257,0.0286,1,probe_timetable
26.258,0.034,1,probe_payment
26.502,0.0243,1,probe_student
26.503,0.0386,1,probe_records
26.505,0.0667,1,probe_timetable
26.507,0.0372,1,probe_payment
26.751,0.0219,1,probe_student
26.752,0.032,1,probe_records
26.754,0.0332,1,probe_timetable
26.756,0.0288,1,probe_payment
27.016,0.0225,1,probe_student
27.017,0.0383,1,probe_records
27.018,0.043,1,probe_timetable
27.019,0.0388,1,probe_payment
27.266,0.0191,1,probe_student
27.267,0.0299,1,probe_records
27.269,0.032,1,probe_timetable
27.27,0.0285,1,probe_payment
27.515,0.0246,1,probe_student
27.516,0.0313,1,probe_records
27.517,0.0683,1,probe_timetable
27.519,0.0648,1,probe_payment
27.764,0.0191,1,probe_student
27.766,0.0262,1,probe_records
27.767,0.0296,1,probe_timetable
27.769,0.0254,1,probe_payment
28.014,0.0316,1,probe_student
28.016,0.0393,1,probe_records
28.017,0.0655,1,probe_timetable
28.019,0.0618,1,probe_payment
28.262,0.0179,1,probe_student
28.264,0.0265,1,probe_records
28.265,0.0306,1,probe_timetable
28.266,0.0266,1,probe_payment
28.509,0.0217,1,probe_student
28.51,0.0275,1,probe_records
28.511,0.0377,1,probe_timetable
28.513,0.0476,1,probe_payment
28.757,0.0215,1,probe_student
28.759,0.029,1,probe_records
28.761,0.0332,1,probe_timetable
28.763,0.0291,1,probe_payment
29.002,0.025,1,probe_student
29.004,0.0294,1,probe_records
29.005,0.0389,1,probe_timetable
29.007,0.0346,1,probe_payment
29.252,0.018,1,probe_student
29.253,0.0267,1,probe_records
29.254,0.03,1,probe_timetable
29.256,0.0264,1,probe_payment
29.502,0.0206,1,probe_student
29.503,0.0324,1,probe_records
29.504,0.0376,1,probe_timetable
29.505,0.035,1,probe_payment
29.753,0.0172,1,probe_student
29.755,0.0251,1,probe_records
29.756,0.0285,1,probe_timetable
29.758,0.025,1,probe_payment
30.015,0.0229,1,probe_student
30.016,0.0281,1,probe_records
30.018,0.0402,1,probe_timetable
30.019,0.0353,1,probe_payment
30.264,0.0188,1,probe_student
30.265,0.0259,1,probe_records
30.266,0.0303,1,probe_timetable
30.267,0.0258,1,probe_payment
30.513,0.0222,1,probe_student
30.514,0.0282,1,probe_records
30.515,0.0321,1,probe_timetable
30.516,0.0326,1,probe_payment
30.764,0.0163,1,probe_student
30.765,0.0228,1,probe_records
30.766,0.0258,1,probe_timetable
30.766,0.0237,1,probe_payment
31.013,0.0166,1,probe_student
31.014,0.0266,1,probe_records
31.015,0.0505,1,probe_timetable
31.015,2.0644,0,probe_payment
31.262,0.0159,1,probe_student
31.264,0.0218,1,probe_records
31.265,0.0243,1,probe_timetable
31.265,2.0608,0,probe_payment
31.511,0.0205,1,probe_student
31.512,0.0246,1,probe_records
31.513,0.0353,1,probe_timetable
31.514,2.0567,0,probe_payment
31.759,0.0159,1,probe_student
31.761,0.0232,1,probe_records
31.762,0.0233,1,probe_timetable
31.763,2.0564,0,probe_payment
32.006,0.0179,1,probe_student
32.007,0.0226,1,probe_records
32.007,0.033,1,probe_timetable
32.008,2.0622,0,probe_payment
32.255,0.0167,1,probe_student
32.256,0.026,1,probe_records
32.257,0.0294,1,probe_timetable
32.258,2.0593,0,probe_payment
32.505,0.0169,1,probe_student
32.506,0.0226,1,probe_records
32.507,0.0355,1,probe_timetable
32.508,2.0739,0,probe_payment
32.752,0.0167,1,probe_student
32.753,0.0256,1,probe_records
32.753,0.0266,1,probe_timetable
32.755,2.0584,0,probe_payment
33.015,0.0194,1,probe_student
33.016,0.0282,1,probe_records
33.017,0.0362,1,probe_timetable
33.018,2.074,0,probe_payment
33.262,0.0158,1,probe_student
33.263,0.0238,1,probe_records
33.264,0.0243,1,probe_timetable
33.265,2.0489,0,probe_payment
33.508,0.0183,1,probe_student
33.509,0.0301,1,probe_records
33.51,0.0305,1,probe_timetable
33.511,2.0646,0,probe_payment
33.753,0.015,1,probe_student
33.755,0.0219,1,probe_records
33.756,0.0227,1,probe_timetable
33.757,2.0553,0,probe_payment
34.003,0.0224,1,probe_student
34.004,0.03,1,probe_records
34.006,0.0518,1,probe_timetable
34.007,2.0846,0,probe_payment
34.253,0.0193,1,probe_student
34.255,0.028,1,probe_records
34.255,0.0292,1,probe_timetable
34.257,2.0538,0,probe_payment
34.515,0.0197,1,probe_student
34.516,0.0286,1,probe_records
34.517,0.0341,1,probe_timetable
34.519,2.0894,1,probe_payment
34.762,0.0146,1,probe_student
34.763,0.0233,1,probe_records
34.764,0.0236,1,probe_timetable
34.765,2.08,1,probe_payment
35.011,0.02,1,probe_student
35.013,0.0284,1,probe_records
35.014,0.0362,1,probe_timetable
35.015,1.5899,1,probe_payment
35.261,0.0171,1,probe_student
35.262,0.0235,1,probe_records
35.264,0.0262,1,probe_timetable
35.265,1.565,1,probe_payment
35.511,0.0233,1,probe_student
35.513,0.0315,1,probe_records
35.514,0.0355,1,probe_timetable
35.515,1.0912,1,probe_payment
35.762,0.0168,1,probe_student
35.763,0.026,1,probe_records
35.764,0.0276,1,probe_timetable
35.765,1.0491,1,probe_payment
36.011,0.022,1,probe_student
36.013,0.036,1,probe_records
36.014,0.0393,1,probe_timetable
36.015,1.062,1,probe_payment
36.26,0.0178,1,probe_student
36.261,0.0238,1,probe_records
36.263,0.0249,1,probe_timetable
36.264,0.5337,1,probe_payment
36.509,0.0177,1,probe_student
36.51,0.0273,1,probe_records
36.511,0.052,1,probe_timetable
36.512,0.5366,1,probe_payment
36.759,0.0185,1,probe_student
36.761,0.0223,1,probe_records
36.762,0.0259,1,probe_timetable
36.763,0.0238,1,probe_payment
37.007,0.0212,1,probe_student
37.008,0.0295,1,probe_records
37.01,0.0395,1,probe_timetable
37.011,0.034,1,probe_payment
37.254,0.0183,1,probe_student
37.256,0.0266,1,probe_records
37.257,0.0295,1,probe_timetable
37.259,0.026,1,probe_payment
37.501,0.0207,1,probe_student
37.502,0.0289,1,probe_records
37.503,0.0523,1,probe_timetable
37.505,0.0483,1,probe_payment
37.764,0.0185,1,probe_student
37.766,0.0254,1,probe_records
37.767,0.0299,1,probe_timetable
37.769,0.0244,1,probe_payment
38.012,0.0214,1,probe_student
38.013,0.03,1,probe_records
38.014,0.0355,1,probe_timetable
38.015,0.0324,1,probe_payment
38.261,0.019,1,probe_student
38.262,0.028,1,probe_records
38.264,0.0306,1,probe_timetable
38.265,0.0276,1,probe_payment
38.51,0.0652,1,probe_student
38.512,0.0762,1,probe_records
38.514,0.0755,1,probe_timetable
38.516,0.0655,1,probe_payment
38.755,0.0212,1,probe_student
38.757,0.0279,1,probe_records
38.758,0.0312,1,probe_timetable
38.76,0.0273,1,probe_payment
39.002,0.0208,1,probe_student
39.003,0.0276,1,probe_records
39.005,0.0388,1,probe_timetable
39.006,0.0357,1,probe_payment
39.252,0.0182,1,probe_student
39.253,0.0239,1,probe_records
39.254,0.028,1,probe_timetable
39.255,0.0254,1,probe_payment
39.515,0.0214,1,probe_student
39.517,0.0322,1,probe_records
39.519,0.0375,1,probe_timetable
39.52,0.0337,1,probe_payment
39.763,0.0204,1,probe_student
39.765,0.0268,1,probe_records
39.766,0.0311,1,probe_timetable
39.768,0.0265,1,probe_payment
40.012,0.0201,1,probe_student
40.014,0.0329,1,probe_records
40.015,0.0372,1,probe_timetable
40.016,0.0345,1,probe_payment
40.261,0.0165,1,probe_student
40.262,0.0257,1,probe_records
40.263,0.0297,1,probe_timetable
40.264,0.0276,1,probe_payment
40.511,0.0254,1,probe_student
40.512,0.0423,1,probe_records
40.514,0.0416,1,probe_timetable
40.515,0.0271,1,probe_payment
40.758,0.0149,1,probe_student
40.759,0.0236,1,probe_records
40.76,0.026,1,probe_timetable
40.761,0.0236,1,probe_payment
41.008,0.0248,1,probe_student
41.01,0.0272,1,probe_records
41.011,0.041,1,probe_timetable
41.012,0.0366,1,probe_payment
41.259,0.0194,1,probe_student
41.26,0.0278,1,probe_records
41.262,0.0318,1,probe_timetable
41.263,0.0312,1,probe_payment
41.51,0.026,1,probe_student
41.512,0.0365,1,probe_records
41.513,0.0383,1,probe_timetable
41.514,0.0314,1,probe_payment
41.758,0.0209,1,probe_student
41.759,0.0246,1,probe_records
41.76,0.0289,1,probe_timetable
41.762,0.025,1,probe_payment
42.007,0.0195,1,probe_student
42.008,0.027,1,probe_records
42.009,0.028,1,probe_timetable
42.01,0.0286,1,probe_payment
42.258,0.0164,1,probe_student
42.259,0.0231,1,probe_records
42.26,0.0252,1,probe_timetable
42.261,0.0231,1,probe_payment
42.509,0.0313,1,probe_student
42.51,0.0409,1,probe_records
42.511,0.0406,1,probe_timetable
42.512,0.0305,1,probe_payment
42.755,0.0208,1,probe_student
42.757,0.0223,1,probe_records
42.758,0.0267,1,probe_timetable
42.758,0.0235,1,probe_payment
43.005,0.0271,1,probe_student
43.007,0.0384,1,probe_records
43.008,0.0366,1,probe_timetable
43.009,0.0333,1,probe_payment
43.252,0.0183,1,probe_student
43.254,0.0243,1,probe_records
43.255,0.0282,1,probe_timetable
43.257,0.0241,1,probe_payment
43.515,0.0293,1,probe_student
43.516,0.0353,1,probe_records
43.517,0.0361,1,probe_timetable
43.518,0.0274,1,probe_payment
43.764,0.0161,1,probe_student
43.765,0.024,1,probe_records
43.766,0.0271,1,probe_timetable
43.767,0.0234,1,probe_payment
44.013,0.0308,1,probe_student
44.013,0.0346,1,probe_records
44.014,0.035,1,probe_timetable
44.016,0.0262,1,probe_payment
44.264,0.0187,1,probe_student
44.266,0.0267,1,probe_records
44.267,0.0281,1,probe_timetable
44.269,0.0248,1,probe_payment
44.517,0.0286,1,probe_student
44.518,0.0326,1,probe_records
44.519,0.0358,1,probe_timetable
44.52,0.0284,1,probe_payment
44.765,0.0154,1,probe_student
44.766,0.0228,1,probe_records
44.768,0.0262,1,probe_timetable
44.769,0.0237,1,probe_payment
45.014,0.0242,1,probe_student
45.015,0.0337,1,probe_records
45.016,0.0342,1,probe_timetable
45.017,0.0252,1,probe_payment
45.259,0.0169,1,probe_student
45.26,0.0256,1,probe_records
45.261,0.0305,1,probe_timetable
45.262,0.0258,1,probe_payment
45.508,0.0245,1,probe_student
45.51,0.0361,1,probe_records
45.511,0.035,1,probe_timetable
45.512,0.0259,1,probe_payment
45.756,0.0166,1,probe_student
45.758,0.0246,1,probe_records
45.759,0.0292,1,probe_timetable
45.76,0.0248,1,probe_payment
46.005,0.026,1,probe_student
46.006,0.0395,1,probe_records
46.007,0.0394,1,probe_timetable
46.008,0.0293,1,probe_payment
46.266,0.0156,1,probe_student
46.267,0.022,1,probe_records
46.268,0.0251,1,probe_timetable
46.269,0.0223,1,probe_payment
46.503,0.0253,1,probe_student
46.504,0.0348,1,probe_records
46.505,0.0358,1,probe_timetable
46.506,0.0282,1,probe_payment
46.751,0.0173,1,probe_student
46.752,0.0261,1,probe_records
46.753,0.0293,1,probe_timetable
46.755,0.0255,1,probe_payment
47.002,0.0269,1,probe_student
47.003,0.0385,1,probe_records
47.004,0.0381,1,probe_timetable
47.005,0.0279,1,probe_payment
47.265,0.0183,1,probe_student
47.266,0.0211,1,probe_records
47.267,0.0242,1,probe_timetable
47.269,0.0213,1,probe_payment
47.514,0.0408,1,probe_student
47.516,0.0327,1,probe_records
47.517,0.036,1,probe_timetable
47.518,0.0378,1,probe_payment
47.764,0.0165,1,probe_student
47.765,0.0268,1,probe_records
47.766,0.0273,1,probe_timetable
47.767,0.023,1,probe_payment
48.012,0.0237,1,probe_student
48.012,0.0363,1,probe_records
48.014,0.0346,1,probe_timetable
48.015,0.0261,1,probe_payment
48.258,0.0163,1,probe_student
48.26,0.0229,1,probe_records
48.261,0.0278,1,probe_timetable
48.262,0.0227,1,probe_payment
48.509,0.0235,1,probe_student
48.511,0.0355,1,probe_records
48.512,0.0339,1,probe_timetable
48.513,0.0236,1,probe_payment
48.756,0.0163,1,probe_student
48.757,0.0204,1,probe_records
48.758,0.0233,1,probe_timetable
48.759,0.0208,1,probe_payment
49.005,0.0284,1,probe_student
49.006,0.04,1,probe_records
49.008,0.0393,1,probe_timetable
49.009,0.0297,1,probe_payment
49.252,0.0199,1,probe_student
49.253,0.0254,1,probe_records
49.254,0.0296,1,probe_timetable
49.255,0.0262,1,probe_payment
49.514,0.0271,1,probe_student
49.515,0.0388,1,probe_records
49.517,0.0376,1,probe_timetable
49.519,0.0282,1,probe_payment
49.758,0.0193,1,probe_student
49.76,0.0247,1,probe_records
49.76,0.0277,1,probe_timetable
49.762,0.0246,1,probe_payment
50.007,0.025,1,probe_student
50.008,0.0413,1,probe_records
50.009,0.0398,1,probe_timetable
50.01,0.0282,1,probe_payment
50.253,0.0194,1,probe_student
50.254,0.0257,1,probe_records
50.256,0.0297,1,probe_timetable
50.257,0.0265,1,probe_payment
50.517,0.0307,1,probe_student
50.518,0.0438,1,probe_records
50.519,0.0443,1,probe_timetable
50.521,0.0333,1,probe_payment
50.761,0.0194,1,probe_student
50.763,0.0281,1,probe_records
50.765,0.0299,1,probe_timetable
50.767,0.0258,1,probe_payment
51.009,0.0252,1,probe_student
51.01,0.0418,1,probe_records
51.011,0.0384,1,probe_timetable
51.013,0.0274,1,probe_payment
51.255,0.0212,1,probe_student
51.257,0.0248,1,probe_records
51.258,0.0304,1,probe_timetable
51.259,0.0274,1,probe_payment
51.503,0.0258,1,probe_student
51.504,0.0337,1,probe_records
51.505,0.0351,1,probe_timetable
51.505,0.0253,1,probe_payment
51.765,0.0167,1,probe_student
51.766,0.0225,1,probe_records
51.766,0.0266,1,probe_timetable
51.768,0.023,1,probe_payment
52.011,0.0314,1,probe_student
52.012,0.036,1,probe_records
52.013,0.0367,1,probe_timetable
52.014,0.0303,1,probe_payment
52.254,0.0194,1,probe_student
52.256,0.028,1,probe_records
52.258,0.0312,1,probe_timetable
52.259,0.0271,1,probe_payment
52.503,0.0242,1,probe_student
52.504,0.0328,1,probe_records
52.505,0.0331,1,probe_timetable
52.506,0.0243,1,probe_payment
52.766,0.0168,1,probe_student
52.768,0.0241,1,probe_records
52.769,0.0271,1,probe_timetable
52.77,0.0238,1,probe_payment
53.017,0.0259,1,probe_student
53.019,0.0377,1,probe_records
53.02,0.0349,1,probe_timetable
53.021,0.0281,1,probe_payment
53.265,0.0158,1,probe_student
53.266,0.0229,1,probe_records
53.267,0.0248,1,probe_timetable
53.268,0.0223,1,probe_payment
53.516,0.024,1,probe_student
53.517,0.0372,1,probe_records
53.518,0.0367,1,probe_timetable
53.519,0.0245,1,probe_payment
53.765,0.0151,1,probe_student
53.767,0.0221,1,probe_records
53.768,0.0237,1,probe_timetable
53.768,0.0219,1,probe_payment
54.017,0.0231,1,probe_student
54.018,0.0366,1,probe_records
54.019,0.0342,1,probe_timetable
54.02,0.025,1,probe_payment
54.263,0.0156,1,probe_student
54.264,0.0229,1,probe_records
54.264,0.0266,1,probe_timetable
54.265,0.0234,1,probe_payment
54.512,0.0232,1,probe_student
54.513,0.0341,1,probe_records
54.514,0.0342,1,probe_timetable
54.514,0.0263,1,probe_payment
54.759,0.0206,1,probe_student
54.761,0.0227,1,probe_records
54.761,0.0267,1,probe_timetable
54.763,0.0225,1,probe_payment
55.006,0.0244,1,probe_student
55.007,0.0364,1,probe_records
55.008,0.0368,1,probe_timetable
55.009,0.0271,1,probe_payment
55.254,0.0135,1,probe_student
55.254,0.0227,1,probe_records
55.255,0.0245,1,probe_timetable
55.256,0.0223,1,probe_payment
55.517,0.0516,1,probe_student
55.518,0.0549,1,probe_records
55.519,0.0524,1,probe_timetable
55.52,0.049,1,probe_payment
55.762,0.0154,1,probe_student
55.764,0.02,1,probe_records
55.765,0.0238,1,probe_timetable
55.765,0.0207,1,probe_payment
56.009,0.0208,1,probe_student
56.01,0.035,1,probe_records
56.011,0.0349,1,probe_timetable
56.011,0.0257,1,probe_payment
56.256,0.0188,1,probe_student
56.258,0.0216,1,probe_records
56.258,0.026,1,probe_timetable
56.259,0.023,1,probe_payment
56.509,0.0351,1,probe_student
56.511,0.0393,1,probe_records
56.512,0.0381,1,probe_timetable
56.514,0.0256,1,probe_payment
56.755,0.0181,1,probe_student
56.757,0.022,1,probe_records
56.758,0.0261,1,probe_timetable
56.758,0.0229,1,probe_payment
57.004,0.0251,1,probe_student
57.005,0.0411,1,probe_records
57.007,0.0401,1,probe_timetable
57.008,0.0254,1,probe_payment
57.251,0.0187,1,probe_student
57.252,0.025,1,probe_records
57.253,0.0268,1,probe_timetable
57.254,0.0239,1,probe_payment
57.515,0.0269,1,probe_student
57.516,0.033,1,probe_records
57.517,0.034,1,probe_timetable
57.518,0.0262,1,probe_payment
57.763,0.0184,1,probe_student
57.764,0.0229,1,probe_records
57.765,0.0269,1,probe_timetable
57.766,0.0243,1,probe_payment
58.014,0.0218,1,probe_student
58.015,0.0342,1,probe_records
58.017,0.0334,1,probe_timetable
58.018,0.0236,1,probe_payment
58.261,0.0163,1,probe_student
58.262,0.0204,1,probe_records
58.263,0.0235,1,probe_timetable
58.264,0.0208,1,probe_payment
58.51,0.0231,1,probe_student
58.511,0.0348,1,probe_records
58.512,0.0344,1,probe_timetable
58.513,0.0253,1,probe_payment
58.756,0.0155,1,probe_student
58.757,0.0189,1,probe_records
58.758,0.0229,1,probe_timetable
58.759,0.0191,1,probe_payment
59.007,0.0272,1,probe_student
59.008,0.0414,1,probe_records
59.009,0.041,1,probe_timetable
59.011,0.0288,1,probe_payment
59.254,0.0197,1,probe_student
59.255,0.026,1,probe_records
59.256,0.0295,1,probe_timetable
59.257,0.0266,1,probe_payment
59.504,0.0245,1,probe_student
59.505,0.0375,1,probe_records
59.506,0.036,1,probe_timetable
59.507,0.0247,1,probe_payment
59.751,0.0165,1,probe_student
59.752,0.0221,1,probe_records
59.754,0.0241,1,probe_timetable
59.755,0.0213,1,probe_payment
60.003,0.0266,1,probe_student
60.004,0.0378,1,probe_records
60.006,0.0375,1,probe_timetable
60.006,0.0292,1,probe_payment
60.265,0.0183,1,probe_student
60.266,0.0234,1,probe_records
60.267,0.0262,1,probe_timetable
60.269,0.0232,1,probe_payment
60.513,0.0504,1,probe_student
60.514,0.0326,1,probe_records
60.515,0.0309,1,probe_timetable
60.516,0.021,1,probe_payment
60.761,0.0176,1,probe_student
60.762,0.0222,1,probe_records
60.763,0.0243,1,probe_timetable
60.764,0.0216,1,probe_payment
61.011,0.0529,1,probe_student
61.012,0.0561,1,probe_records
61.013,0.0548,1,probe_timetable
61.014,0.0515,1,probe_payment
61.257,0.5164,0,probe_student
61.258,0.516,0,probe_records
61.26,0.5153,0,probe_timetable
61.261,0.5144,0,probe_payment
61.505,0.5188,0,probe_student
61.506,0.5179,0,probe_records
61.508,0.517,0,probe_timetable
61.509,0.5165,0,probe_payment
61.767,0.5149,0,probe_student
61.769,0.5135,0,probe_records
61.77,0.5124,0,probe_timetable
61.771,0.5114,0,probe_payment
62.017,0.5058,0,probe_student
62.018,0.5053,0,probe_records
62.019,0.5045,0,probe_timetable
62.02,0.5041,0,probe_payment
62.265,0.5077,0,probe_student
62.266,0.5073,0,probe_records
62.267,0.5067,0,probe_timetable
62.268,0.5063,0,probe_payment
62.515,0.5085,0,probe_student
62.516,0.5077,0,probe_records
62.517,0.5068,0,probe_timetable
62.519,0.506,0,probe_payment
62.765,0.5156,0,probe_student
62.767,0.5146,0,probe_records
62.768,0.5138,0,probe_timetable
62.769,0.5127,0,probe_payment
63.015,0.5057,0,probe_student
63.016,0.5052,0,probe_records
63.017,0.5045,0,probe_timetable
63.018,0.5039,0,probe_payment
63.264,0.5115,0,probe_student
63.265,0.5102,0,probe_records
63.267,0.5093,0,probe_timetable
63.268,0.5086,0,probe_payment
63.513,0.5126,0,probe_student
63.514,0.5121,0,probe_records
63.515,0.5115,0,probe_timetable
63.516,0.5107,0,probe_payment
63.758,0.5143,0,probe_student
63.76,0.513,0,probe_records
63.762,0.5119,0,probe_timetable
63.763,0.5112,0,probe_payment
64.01,0.5127,0,probe_student
64.011,0.5124,0,probe_records
64.012,0.5117,0,probe_timetable
64.013,0.5109,0,probe_payment
64.256,0.5132,0,probe_student
64.257,0.5123,0,probe_records
64.258,0.5116,0,probe_timetable
64.259,0.5112,0,probe_payment
64.506,0.5194,0,probe_student
64.507,0.5191,0,probe_records
64.508,0.5186,0,probe_timetable
64.509,0.5179,0,probe_payment
64.753,0.5186,0,probe_student
64.755,0.5178,0,probe_records
64.756,0.5174,0,probe_timetable
64.757,0.517,0,probe_payment
65.018,0.5134,0,probe_student
65.02,0.5123,0,probe_records
65.021,0.5116,0,probe_timetable
65.022,0.5109,0,probe_payment
65.266,0.5142,0,probe_student
65.267,0.513,0,probe_records
65.269,0.5121,0,probe_timetable
65.27,0.5113,0,probe_payment
65.516,0.5113,0,probe_student
65.518,0.5104,0,probe_records
65.519,0.5099,0,probe_timetable
65.52,0.5089,0,probe_payment
65.764,0.5102,0,probe_student
65.765,0.5091,0,probe_records
65.767,0.5075,0,probe_timetable
65.768,0.5068,0,probe_payment
66.013,0.5104,0,probe_student
66.014,0.51,0,probe_records
66.015,0.5096,0,probe_timetable
66.017,0.5076,0,probe_payment
66.257,0.5071,0,probe_student
66.259,0.5062,0,probe_records
66.26,0.5055,0,probe_timetable
66.261,0.5052,0,probe_payment
66.508,0.5131,0,probe_student
66.51,0.5111,0,probe_records
66.511,0.5101,0,probe_timetable
66.513,0.509,0,probe_payment
66.756,0.514,0,probe_student
66.758,0.5135,0,probe_records
66.759,0.5126,0,probe_timetable
66.76,0.5116,0,probe_payment
67.004,0.5152,0,probe_student
67.005,0.5142,0,probe_records
67.006,0.5137,0,probe_timetable
67.008,0.5128,0,probe_payment
67.256,0.0202,1,probe_student
67.257,0.0373,1,probe_records
67.258,0.0344,1,probe_timetable
67.259,0.0276,1,probe_payment
67.503,0.0249,1,probe_student
67.505,0.0321,1,probe_records
67.506,0.0361,1,probe_timetable
67.508,0.0233,1,probe_payment
67.763,0.0128,1,probe_student
67.765,0.019,1,probe_records
67.766,0.0192,1,probe_timetable
67.767,0.0159,1,probe_payment
68.014,0.0493,1,probe_student
68.015,0.0511,1,probe_records
68.016,0.0515,1,probe_timetable
68.017,0.0219,1,probe_payment
68.262,0.0144,1,probe_student
68.264,0.0205,1,probe_records
68.265,0.0206,1,probe_timetable
68.266,0.0166,1,probe_payment
68.513,0.0505,1,probe_student
68.514,0.0527,1,probe_records
68.514,0.051,1,probe_timetable
68.515,0.0475,1,probe_payment
68.759,0.0123,1,probe_student
68.76,0.0188,1,probe_records
68.761,0.0197,1,probe_timetable
68.762,0.0169,1,probe_payment
69.003,0.5136,0,probe_student
69.005,0.5126,0,probe_records
69.006,0.5118,0,probe_timetable
69.007,0.5111,0,probe_payment
69.258,0.5135,0,probe_student
69.259,0.5125,0,probe_records
69.26,0.5129,0,probe_timetable
69.261,0.5124,0,probe_payment
69.509,0.511,0,probe_student
69.511,0.5099,0,probe_records
69.512,0.509,0,probe_timetable
69.513,0.5083,0,probe_payment
69.756,0.5142,0,probe_student
69.757,0.5144,0,probe_records
69.757,0.5138,0,probe_timetable
69.758,0.5132,0,probe_payment
70.004,0.5088,0,probe_student
70.006,0.5079,0,probe_records
70.007,0.5072,0,probe_timetable
70.008,0.5064,0,probe_payment
70.253,0.5085,0,probe_student
70.255,0.5075,0,probe_records
70.256,0.5068,0,probe_timetable
70.257,0.5062,0,probe_payment
70.506,0.5072,0,probe_student
70.507,0.507,0,probe_records
70.508,0.5064,0,probe_timetable
70.509,0.5055,0,probe_payment
70.754,0.51,0,probe_student
70.755,0.5089,0,probe_records
70.756,0.5082,0,probe_timetable
70.757,0.5076,0,probe_payment
71.006,0.5078,0,probe_student
71.008,0.5071,0,probe_records
71.009,0.5064,0,probe_timetable
71.01,0.5054,0,probe_payment
71.256,0.5068,0,probe_student
71.257,0.506,0,probe_records
71.259,0.5052,0,probe_timetable
71.26,0.5042,0,probe_payment
71.507,0.5135,0,probe_student
71.508,0.5128,0,probe_records
71.509,0.5118,0,probe_timetable
71.511,0.5109,0,probe_payment
71.755,0.5124,0,probe_student
71.757,0.5113,0,probe_records
71.758,0.5106,0,probe_timetable
71.759,0.51,0,probe_payment
72.005,0.5179,0,probe_student
72.006,0.517,0,probe_records
72.007,0.5162,0,probe_timetable
72.009,0.5154,0,probe_payment
72.251,0.5096,0,probe_student
72.253,0.5083,0,probe_records
72.255,0.5071,0,probe_timetable
72.256,0.5062,0,probe_payment
72.517,0.5175,0,probe_student
72.519,0.5167,0,probe_records
72.52,0.5162,0,probe_timetable
72.521,0.5156,0,probe_payment
72.753,0.5101,0,probe_student
72.754,0.5088,0,probe_records
72.756,0.508,0,probe_timetable
72.757,0.5073,0,probe_payment
73.005,0.5159,0,probe_student
73.007,0.5146,0,probe_records
73.008,0.5134,0,probe_timetable
73.01,0.5117,0,probe_payment
73.254,0.5069,0,probe_student
73.256,0.5062,0,probe_records
73.257,0.5053,0,probe_timetable
73.258,0.5042,0,probe_payment
73.505,0.5067,0,probe_student
73.506,0.5061,0,probe_records
73.507,0.5054,0,probe_timetable
73.508,0.5047,0,probe_payment
73.753,0.5093,0,probe_student
73.755,0.5084,0,probe_records
73.756,0.5076,0,probe_timetable
73.757,0.5069,0,probe_payment
74.004,0.5123,0,probe_student
74.005,0.5118,0,probe_records
74.006,0.5113,0,probe_timetable
74.007,0.5106,0,probe_payment
74.252,0.5158,0,probe_student
74.253,0.515,0,probe_records
74.255,0.5141,0,probe_timetable
74.257,0.5126,0,probe_payment
74.504,0.5156,0,probe_student
74.505,0.5147,0,probe_records
74.507,0.5134,0,probe_timetable
74.51,0.5114,0,probe_payment
74.751,0.5161,0,probe_student
74.753,0.5156,0,probe_records
74.755,0.5136,0,probe_timetable
74.756,0.5131,0,probe_payment
75.014,0.0279,1,probe_student
75.015,0.052,1,probe_records
75.016,0.0326,1,probe_timetable
75.017,0.5459,1,probe_payment
75.26,0.0209,1,probe_student
75.262,0.025,1,probe_records
75.264,0.0253,1,probe_timetable
75.265,0.5279,1,probe_payment
75.512,0.0179,1,probe_student
75.513,0.0323,1,probe_records
75.513,0.0324,1,probe_timetable
75.514,0.0376,1,probe_payment
75.757,2.051,0,probe_student
75.76,2.0476,0,probe_records
75.761,2.0664,0,probe_timetable
75.762,0.0141,1,probe_payment
76.007,2.0468,0,probe_student
76.008,2.0542,0,probe_records
76.01,2.0686,0,probe_timetable
76.011,0.0184,1,probe_payment
76.253,2.0524,0,probe_student
76.255,2.0585,0,probe_records
76.256,2.0696,0,probe_timetable
76.257,0.0151,1,probe_payment
76.506,2.0626,0,probe_student
76.507,2.0696,0,probe_records
76.508,2.0692,0,probe_timetable
76.51,0.0215,1,probe_payment
76.754,2.0635,0,probe_student
76.755,2.0855,0,probe_records
76.756,2.0864,0,probe_timetable
76.757,0.0175,1,probe_payment
77.006,2.0617,0,probe_student
77.007,2.0825,0,probe_records
77.008,2.0686,0,probe_timetable
77.009,0.0218,1,probe_payment
77.255,2.0592,0,probe_student
77.256,2.0824,0,probe_records
77.257,2.0825,0,probe_timetable
77.258,0.0234,1,probe_payment
77.508,2.0583,0,probe_student
77.509,2.095,0,probe_records
77.51,2.0845,0,probe_timetable
77.512,0.0288,1,probe_payment
77.755,2.0531,0,probe_student
77.756,2.077,0,probe_records
77.757,2.0768,0,probe_timetable
77.758,0.0254,1,probe_payment
78.005,2.0607,0,probe_student
78.006,2.0727,0,probe_records
78.007,2.0541,0,probe_timetable
78.008,0.0245,1,probe_payment
78.254,2.049,0,probe_student
78.255,2.0712,0,probe_records
78.256,1.8045,0,probe_timetable
78.257,0.021,1,probe_payment
78.504,2.0514,0,probe_student
78.505,2.0716,0,probe_records
78.506,1.5565,0,probe_timetable
78.507,0.0219,1,probe_payment
78.752,2.047,0,probe_student
78.753,2.0713,0,probe_records
78.754,1.3077,0,probe_timetable
78.755,0.0227,1,probe_payment
79.003,2.0586,0,probe_student
79.004,2.0848,0,probe_records
79.005,1.0524,0,probe_timetable
79.006,0.0237,1,probe_payment
79.25,2.0643,0,probe_student
79.252,2.0677,0,probe_records
79.253,0.8038,0,probe_timetable
79.254,0.0232,1,probe_payment
79.515,2.0668,1,probe_student
79.516,2.079,1,probe_records
79.517,0.5415,0,probe_timetable
79.518,0.0251,1,probe_payment
79.759,2.0754,1,probe_student
79.761,2.0701,1,probe_records
79.762,0.3007,0,probe_timetable
79.763,0.0206,1,probe_payment
80.006,1.5674,1,probe_student
80.007,1.5762,1,probe_records
80.008,2.0664,0,probe_timetable
80.009,0.0317,1,probe_payment
80.253,1.5612,1,probe_student
80.254,1.5714,1,probe_records
80.256,2.067,0,probe_timetable
80.257,0.0276,1,probe_payment
80.505,1.0562,1,probe_student
80.507,1.0646,1,probe_records
80.508,2.0809,0,probe_timetable
80.509,0.0306,1,probe_payment
80.763,1.065,1,probe_student
80.764,1.0623,1,probe_records
80.767,2.0692,0,probe_timetable
80.769,0.0239,1,probe_payment
81.016,0.5471,1,probe_student
81.018,0.5536,1,probe_records
81.02,2.0812,0,probe_timetable
81.022,0.03,1,probe_payment
81.257,0.5346,1,probe_student
81.258,0.553,1,probe_records
81.259,2.0604,0,probe_timetable
81.26,0.0299,1,probe_payment
81.511,0.0451,1,probe_student
81.512,0.0551,1,probe_records
81.513,2.0863,0,probe_timetable
81.514,0.0273,1,probe_payment
81.759,0.0278,1,probe_student
81.761,0.0431,1,probe_records
81.765,2.0652,0,probe_timetable
81.767,0.0496,1,probe_payment
82.008,0.0311,1,probe_student
82.009,0.0413,1,probe_records
82.011,2.0799,0,probe_timetable
82.012,0.0346,1,probe_payment
82.257,0.0205,1,probe_student
82.259,0.0327,1,probe_records
82.261,2.0494,0,probe_timetable
82.262,0.0286,1,probe_payment
82.509,0.0322,1,probe_student
82.51,0.0417,1,probe_records
82.512,2.0722,0,probe_timetable
82.514,0.0303,1,probe_payment
82.754,0.0245,1,probe_student
82.756,0.0322,1,probe_records
82.757,2.0669,0,probe_timetable
82.759,0.0312,1,probe_payment
83.006,0.0329,1,probe_student
83.008,0.0449,1,probe_records
83.01,2.0625,0,probe_timetable
83.011,0.0307,1,probe_payment
83.253,0.0221,1,probe_student
83.255,0.0297,1,probe_records
83.256,2.0484,0,probe_timetable
83.258,0.0294,1,probe_payment
83.505,2.0495,0,probe_student
83.506,2.0706,0,probe_records
83.508,2.0602,0,probe_timetable
83.51,0.0266,1,probe_payment
83.764,2.0521,0,probe_student
83.768,2.0721,0,probe_records
83.77,2.0608,0,probe_timetable
83.771,0.024,1,probe_payment
84.012,2.0509,0,probe_student
84.013,2.073,0,probe_records
84.015,4.129,0,probe_timetable
84.016,0.0267,1,probe_payment
84.259,2.037,0,probe_student
84.261,2.077,0,probe_records
84.262,4.1465,0,probe_timetable
84.263,0.022,1,probe_payment
84.506,2.0685,0,probe_student
84.508,2.0752,0,probe_records
84.509,3.619,0,probe_timetable
84.51,0.0235,1,probe_payment
84.754,2.0542,0,probe_student
84.756,2.0758,0,probe_records
84.757,3.6492,0,probe_timetable
84.758,0.0239,1,probe_payment
85.007,2.0609,0,probe_student
85.009,2.0858,0,probe_records
85.011,3.1105,0,probe_timetable
85.012,0.0248,1,probe_payment
85.255,2.0463,0,probe_student
85.256,2.0703,0,probe_records
85.258,3.1016,0,probe_timetable
85.26,0.0203,1,probe_payment
85.503,2.0634,0,probe_student
85.504,2.0858,0,probe_records
85.506,2.6139,0,probe_timetable
85.507,0.029,1,probe_payment
85.751,2.0647,0,probe_student
85.753,2.0719,0,probe_records
85.754,2.6026,0,probe_timetable
85.755,0.0221,1,probe_payment
86.015,2.061,0,probe_student
86.017,2.0838,0,probe_records
86.018,2.1,0,probe_timetable
86.019,0.0236,1,probe_payment
86.261,2.0547,0,probe_student
86.262,2.0862,0,probe_records
86.264,2.094,0,probe_timetable
86.265,0.0276,1,probe_payment
86.511,2.0652,0,probe_student
86.512,2.0733,0,probe_records
86.513,2.0815,0,probe_timetable
86.514,0.0318,1,probe_payment
86.758,2.0527,0,probe_student
86.759,2.0782,0,probe_records
86.761,2.0893,0,probe_timetable
86.762,0.0259,1,probe_payment
87.005,2.089,1,probe_student
87.006,2.1265,1,probe_records
87.007,2.1239,1,probe_timetable
87.008,0.0258,1,probe_payment
87.252,2.0709,1,probe_student
87.253,2.0851,1,probe_records
87.255,2.0791,1,probe_timetable
87.256,0.0229,1,probe_payment
87.503,1.5998,1,probe_student
87.504,1.6148,1,probe_records
87.505,1.6183,1,probe_timetable
87.506,0.0353,1,probe_payment
87.751,1.5556,1,probe_student
87.752,1.5683,1,probe_records
87.754,1.5744,1,probe_timetable
87.755,0.0236,1,probe_payment
88.014,1.0947,1,probe_student
88.015,1.0913,1,probe_records
88.016,1.1123,1,probe_timetable
88.017,0.028,1,probe_payment
88.262,1.0393,1,probe_student
88.263,1.0562,1,probe_records
88.264,1.0537,1,probe_timetable
88.266,0.0223,1,probe_payment
88.513,1.0819,1,probe_student
88.515,0.5961,1,probe_records
88.517,0.6037,1,probe_timetable
88.518,0.0299,1,probe_payment
88.76,0.5441,1,probe_student
88.761,0.5752,1,probe_records
88.764,0.5617,1,probe_timetable
88.766,0.029,1,probe_payment
89.012,0.5484,1,probe_student
89.013,0.5742,1,probe_records
89.014,0.5761,1,probe_timetable
89.016,0.0315,1,probe_payment
89.253,0.0276,1,probe_student
89.254,0.0354,1,probe_records
89.256,0.047,1,probe_timetable
89.257,0.0577,1,probe_payment
89.511,0.0701,1,probe_student
89.513,0.0512,1,probe_records
89.514,0.0646,1,probe_timetable
89.516,0.0571,1,probe_payment
89.757,0.0305,1,probe_student
89.759,0.0325,0,probe_records
89.762,0.0258,0,probe_timetable
89.764,0.0287,0,probe_payment
90.006,0.509,0,probe_student
90.008,0.5079,0,probe_records
90.009,0.5069,0,probe_timetable
90.011,0.5061,0,probe_payment
90.254,0.5139,0,probe_student
90.255,0.5128,0,probe_records
90.261,0.5075,0,probe_timetable
90.262,0.5062,0,probe_payment
90.505,0.5181,0,probe_student
90.507,0.5168,0,probe_records
90.509,0.5151,0,probe_timetable
90.511,0.5133,0,probe_payment
90.751,0.5217,0,probe_student
90.752,0.5208,0,probe_records
90.753,0.5204,0,probe_timetable
90.754,0.5199,0,probe_payment
91.016,0.5075,0,probe_student
91.018,0.5066,0,probe_records
91.019,0.5058,0,probe_timetable
91.02,0.505,0,probe_payment
91.265,0.5125,0,probe_student
91.267,0.5109,0,probe_records
91.268,0.5099,0,probe_timetable
91.27,0.5081,0,probe_payment
91.515,0.5121,0,probe_student
91.517,0.5112,0,probe_records
91.518,0.5102,0,probe_timetable
91.519,0.5093,0,probe_payment
91.761,0.5081,0,probe_student
91.762,0.5072,0,probe_records
91.766,0.5044,0,probe_timetable
91.767,0.5038,0,probe_payment
92.011,0.5083,0,probe_student
92.013,0.5074,0,probe_records
92.014,0.5066,0,probe_timetable
92.015,0.5055,0,probe_payment
92.259,0.5165,0,probe_student
92.261,0.5151,0,probe_records
92.264,0.5126,0,probe_timetable
92.266,0.5115,0,probe_payment
92.512,0.5115,0,probe_student
92.513,0.5111,0,probe_records
92.514,0.5107,0,probe_timetable
92.516,0.5101,0,probe_payment
92.758,0.5135,0,probe_student
92.76,0.5126,0,probe_records
92.762,0.5107,0,probe_timetable
92.763,0.51,0,probe_payment
93.007,0.5123,0,probe_student
93.008,0.5116,0,probe_records
93.01,0.5106,0,probe_timetable
93.011,0.5098,0,probe_payment
93.254,0.5175,0,probe_student
93.256,0.5158,0,probe_records
93.257,0.5152,0,probe_timetable
93.259,0.5143,0,probe_payment
93.504,0.5199,0,probe_student
93.505,0.5193,0,probe_records
93.506,0.5187,0,probe_timetable
93.507,0.5181,0,probe_payment
93.766,0.506,0,probe_student
93.767,0.5055,0,probe_records
93.769,0.5048,0,probe_timetable
93.77,0.5042,0,probe_payment
94.017,0.5113,0,probe_student
94.019,0.5105,0,probe_records
94.02,0.5098,0,probe_timetable
94.021,0.509,0,probe_payment
94.266,0.5141,0,probe_student
94.267,0.5134,0,probe_records
94.268,0.5128,0,probe_timetable
94.269,0.512,0,probe_payment
94.513,0.5098,0,probe_student
94.513,0.5097,0,probe_records
94.515,0.509,0,probe_timetable
94.517,0.5073,0,probe_payment
94.762,0.5151,0,probe_student
94.764,0.5142,0,probe_records
94.765,0.5134,0,probe_timetable
94.766,0.5127,0,probe_payment
95.013,0.5128,0,probe_student
95.015,0.5115,0,probe_records
95.017,0.51,0,probe_timetable
95.018,0.51,0,probe_payment
95.26,0.5107,0,probe_student
95.262,0.5095,0,probe_records
95.263,0.5085,0,probe_timetable
95.265,0.5076,0,probe_payment
95.51,0.5145,0,probe_student
95.511,0.514,0,probe_records
95.512,0.5136,0,probe_timetable
95.513,0.5131,0,probe_payment
95.758,0.0197,1,probe_student
95.759,0.0311,1,probe_records
95.76,0.0309,1,probe_timetable
95.761,0.0279,1,probe_payment
96.009,0.0248,1,probe_student
96.01,0.0308,1,probe_records
96.011,0.0316,1,probe_timetable
96.012,0.0234,1,probe_payment
96.254,0.0139,1,probe_student
96.255,0.0177,1,probe_records
96.255,0.0217,1,probe_timetable
96.257,0.0191,1,probe_payment
96.506,0.0173,1,probe_student
96.507,0.0267,1,probe_records
96.508,0.027,1,probe_timetable
96.508,0.0157,1,probe_payment
96.753,0.0136,1,probe_student
96.755,0.0192,1,probe_records
96.755,0.0197,1,probe_timetable
96.756,0.0163,1,probe_payment
97.015,0.0497,1,probe_student
97.016,0.0505,1,probe_records
97.017,0.0499,1,probe_timetable
97.018,0.0453,1,probe_payment
97.26,0.0112,1,probe_student
97.261,0.018,1,probe_records
97.262,0.019,1,probe_timetable
97.262,0.0146,1,probe_payment
97.51,0.0209,1,probe_student
97.511,0.0241,1,probe_records
97.511,0.0252,1,probe_timetable
97.512,0.0194,1,probe_payment
97.758,0.0124,1,probe_student
97.76,0.019,1,probe_records
97.76,0.0199,1,probe_timetable
97.761,0.0159,1,probe_payment
98.011,0.0251,1,probe_student
98.012,0.0338,1,probe_records
98.013,0.032,1,probe_timetable
98.013,0.026,1,probe_payment
98.259,0.0172,1,probe_student
98.26,0.0219,1,probe_records
98.261,0.0239,1,probe_timetable
98.262,0.0214,1,probe_payment
98.509,0.0323,1,probe_student
98.51,0.0344,1,probe_records
98.511,0.0349,1,probe_timetable
98.512,0.0277,1,probe_payment
98.757,0.015,1,probe_student
98.758,0.0215,1,probe_records
98.759,0.0251,1,probe_timetable
98.76,0.0225,1,probe_payment
99.01,0.0226,1,probe_student
99.011,0.0349,1,probe_records
99.012,0.0344,1,probe_timetable
99.013,0.0237,1,probe_payment
99.256,0.0134,1,probe_student
99.257,0.0185,1,probe_records
99.258,0.0226,1,probe_timetable
99.259,0.02,1,probe_payment
99.504,0.0511,1,probe_student
99.505,0.0533,1,probe_records
99.506,2.0686,0,probe_timetable
99.507,0.0503,1,probe_payment
99.766,0.015,1,probe_student
99.767,0.0222,1,probe_records
99.767,2.0727,0,probe_timetable
99.768,0.0219,1,probe_payment
100.017,0.0325,1,probe_student
100.018,0.0341,1,probe_records
100.019,2.0871,0,probe_timetable
100.019,0.0294,1,probe_payment
100.266,0.0163,1,probe_student
100.267,0.0206,1,probe_records
100.268,2.0709,0,probe_timetable
100.269,0.0227,1,probe_payment
100.515,0.0272,1,probe_student
100.516,0.0322,1,probe_records
100.517,2.0712,0,probe_timetable
100.519,0.0261,1,probe_payment
100.765,0.015,1,probe_student
100.766,0.0234,1,probe_records
100.767,2.0714,0,probe_timetable
100.768,0.023,1,probe_payment
101.012,0.05,1,probe_student
101.013,0.051,1,probe_records
101.014,2.0737,0,probe_timetable
101.015,0.024,1,probe_payment
101.261,0.0168,1,probe_student
101.261,0.0228,1,probe_records
101.262,2.0738,0,probe_timetable
101.263,0.0234,1,probe_payment
101.511,0.0232,1,probe_student
101.512,0.0347,1,probe_records
101.513,2.0739,0,probe_timetable
101.514,0.0286,1,probe_payment
101.758,0.0155,1,probe_student
101.759,0.023,1,probe_records
101.76,2.0733,0,probe_timetable
101.761,0.0224,1,probe_payment
102.011,0.0204,1,probe_student
102.012,0.0295,1,probe_records
102.013,2.0683,0,probe_timetable
102.014,0.021,1,probe_payment
102.259,0.0137,1,probe_student
102.26,0.0253,1,probe_records
102.261,2.0717,0,probe_timetable
102.262,0.0225,1,probe_payment
102.509,0.036,1,probe_student
102.51,0.0337,1,probe_records
102.511,2.0563,0,probe_timetable
102.512,0.0251,1,probe_payment
102.758,0.0154,1,probe_student
102.76,0.0217,1,probe_records
102.761,2.0692,0,probe_timetable
102.761,0.0211,1,probe_payment
103.009,0.0226,1,probe_student
103.01,0.0377,1,probe_records
103.011,2.0675,0,probe_timetable
103.012,0.0281,1,probe_payment
103.256,0.0155,1,probe_student
103.257,0.0225,1,probe_records
103.258,2.0698,0,probe_timetable
103.259,0.0217,1,probe_payment
103.507,0.0263,1,probe_student
103.509,0.0301,1,probe_records
103.51,2.0734,1,probe_timetable
103.511,0.0247,1,probe_payment
103.754,0.0164,1,probe_student
103.755,0.0227,1,probe_records
103.755,2.0751,1,probe_timetable
103.756,0.023,1,probe_payment
104.003,0.0182,1,probe_student
104.003,0.0289,1,probe_records
104.004,1.5712,1,probe_timetable
104.005,0.0211,1,probe_payment
104.251,0.0153,1,probe_student
104.252,0.0223,1,probe_records
104.253,1.5709,1,probe_timetable
104.254,0.0223,1,probe_payment
104.503,0.0248,1,probe_student
104.504,0.0387,1,probe_records
104.505,1.0699,1,probe_timetable
104.507,0.026,1,probe_payment
104.765,0.0196,1,probe_student
104.767,0.0262,1,probe_records
104.768,1.0536,1,probe_timetable
104.77,0.0255,1,probe_payment
105.015,0.0315,1,probe_student
105.016,0.0396,1,probe_records
105.018,0.5531,1,probe_timetable
105.019,0.0326,1,probe_payment
105.261,0.0166,1,probe_student
105.262,0.0239,1,probe_records
105.263,0.5359,1,probe_timetable
105.264,0.0236,1,probe_payment
105.511,0.0244,1,probe_student
105.512,0.0351,1,probe_records
105.513,0.0417,1,probe_timetable
105.514,0.0299,1,probe_payment
105.758,0.0173,1,probe_student
105.759,0.025,1,probe_records
105.76,0.0298,1,probe_timetable
105.762,0.0291,1,probe_payment
106.009,0.0247,1,probe_student
106.01,0.034,1,probe_records
106.011,0.0352,1,probe_timetable
106.012,0.0261,1,probe_payment
106.257,0.0159,1,probe_student
106.259,0.0257,1,probe_records
106.26,0.0264,1,probe_timetable
106.261,0.0229,1,probe_payment
106.508,0.0289,1,probe_student
106.509,0.0366,1,probe_records
106.511,0.0364,1,probe_timetable
106.512,0.0299,1,probe_payment
106.759,0.0165,1,probe_student
106.76,0.0221,1,probe_records
106.761,0.0256,1,probe_timetable
106.762,0.0226,1,probe_payment
107.008,0.0253,1,probe_student
107.01,0.0363,1,probe_records
107.011,0.0336,1,probe_timetable
107.012,0.0276,1,probe_payment
107.252,0.0182,1,probe_student
107.253,0.0221,1,probe_records
107.254,0.026,1,probe_timetable
107.255,0.0229,1,probe_payment
107.516,0.0376,1,probe_student
107.517,0.0399,1,probe_records
107.517,0.0383,1,probe_timetable
107.518,0.0267,1,probe_payment
107.765,0.0209,1,probe_student
107.766,0.0303,1,probe_records
107.767,0.0344,1,probe_timetable
107.768,0.0302,1,probe_payment
108.016,0.0253,1,probe_student
108.017,0.0377,1,probe_records
108.017,0.0388,1,probe_timetable
108.019,0.0301,1,probe_payment
108.259,0.0194,1,probe_student
108.26,0.0247,1,probe_records
108.262,0.0276,1,probe_timetable
108.263,0.0247,1,probe_payment
108.511,0.0246,1,probe_student
108.512,0.0387,1,probe_records
108.513,0.0351,1,probe_timetable
108.515,0.0231,1,probe_payment
108.761,0.0191,1,probe_student
108.762,0.0282,1,probe_records
108.763,0.0349,1,probe_timetable
108.765,0.0317,1,probe_payment
109.011,0.0392,1,probe_student
109.013,0.0388,1,probe_records
109.013,0.0343,1,probe_timetable
109.015,0.03,1,probe_payment
109.259,0.0169,1,probe_student
109.261,0.0235,1,probe_records
109.262,0.0269,1,probe_timetable
109.263,0.0244,1,probe_payment
109.508,0.0251,1,probe_student
109.51,0.0385,1,probe_records
109.511,0.0396,1,probe_timetable
109.512,0.0257,1,probe_payment
109.756,0.0185,1,probe_student
109.758,0.0256,1,probe_records
109.76,0.0298,1,probe_timetable
109.761,0.0281,1,probe_payment
110.009,0.0428,1,probe_student
110.01,0.0444,1,probe_records
110.011,0.0424,1,probe_timetable
110.012,0.0363,1,probe_payment
110.256,0.0208,1,probe_student
110.257,0.0245,1,probe_records
110.258,0.0281,1,probe_timetable
110.26,0.0242,1,probe_payment
110.508,0.0285,1,probe_student
110.51,0.0341,1,probe_records
110.511,0.0358,1,probe_timetable
110.512,0.0273,1,probe_payment
110.757,0.021,1,probe_student
110.758,0.022,1,probe_records
110.759,0.0259,1,probe_timetable
110.761,0.0221,1,probe_payment
111.006,0.0246,1,probe_student
111.007,0.0266,1,probe_records
111.008,0.0296,1,probe_timetable
111.009,0.0229,1,probe_payment
111.253,0.0171,1,probe_student
111.254,0.0217,1,probe_records
111.255,0.0252,1,probe_timetable
111.256,0.0219,1,probe_payment
111.503,0.0228,1,probe_student
111.504,0.0358,1,probe_records
111.505,0.0338,1,probe_timetable
111.506,0.0266,1,probe_payment
111.751,0.0155,1,probe_student
111.752,0.0233,1,probe_records
111.753,0.0246,1,probe_timetable
111.754,0.0227,1,probe_payment
112.014,0.0258,1,probe_student
112.015,0.0297,1,probe_records
112.016,0.032,1,probe_timetable
112.017,0.0245,1,probe_payment
112.264,0.0175,1,probe_student
112.266,0.0209,1,probe_records
112.266,0.0245,1,probe_timetable
112.268,0.021,1,probe_payment
112.513,0.0405,1,probe_student
112.514,0.0408,1,probe_records
112.515,0.0404,1,probe_timetable
112.516,0.0332,1,probe_payment
112.761,0.0162,1,probe_student
112.762,0.0254,1,probe_records
112.764,0.0276,1,probe_timetable
112.765,0.0247,1,probe_payment
113.008,0.0264,1,probe_student
113.009,0.0372,1,probe_records
113.011,0.0376,1,probe_timetable
113.012,0.0285,1,probe_payment
113.256,0.0194,1,probe_student
113.258,0.0237,1,probe_records
113.259,0.0295,1,probe_timetable
113.26,0.0233,1,probe_payment
113.507,0.0305,1,probe_student
113.508,0.0327,1,probe_records
113.509,0.0341,1,probe_timetable
113.511,0.0279,1,probe_payment
113.75,0.0178,1,probe_student
113.752,0.0244,1,probe_records
113.753,0.0283,1,probe_timetable
113.754,0.0239,1,probe_payment
114.016,0.04,1,probe_student
114.018,0.0413,1,probe_records
114.019,0.0407,1,probe_timetable
114.02,0.0327,1,probe_payment
114.261,0.0163,1,probe_student
114.262,0.0243,1,probe_records
114.263,0.0265,1,probe_timetable
114.265,0.024,1,probe_payment
114.511,0.0416,1,probe_student
114.512,0.041,1,probe_records
114.513,0.0391,1,probe_timetable
114.514,0.0364,1,probe_payment
114.755,0.0174,1,probe_student
114.756,0.0245,1,probe_records
114.757,0.0286,1,probe_timetable
114.759,0.0233,1,probe_payment
115.016,0.0376,1,probe_student
115.017,0.032,1,probe_records
115.018,0.0343,1,probe_timetable
115.019,0.0229,1,probe_payment
115.262,0.0172,1,probe_student
115.263,0.0237,1,probe_records
115.264,0.0262,1,probe_timetable
115.266,0.0225,1,probe_payment
115.512,0.0279,1,probe_student
115.513,0.0405,1,probe_records
115.515,0.0382,1,probe_timetable
115.517,0.0266,1,probe_payment
115.756,0.019,1,probe_student
115.757,0.0258,1,probe_records
115.758,0.0289,1,probe_timetable
115.76,0.0251,1,probe_payment
116.004,0.0279,1,probe_student
116.005,0.0441,1,probe_records
116.006,0.0417,1,probe_timetable
116.007,0.031,1,probe_payment
116.252,0.0151,1,probe_student
116.253,0.0205,1,probe_records
116.254,0.023,1,probe_timetable
116.255,0.0199,1,probe_payment
116.504,0.0258,1,probe_student
116.505,0.028,1,probe_records
116.505,0.031,1,probe_timetable
116.506,0.025,1,probe_payment
116.752,0.0162,1,probe_student
116.753,0.0207,1,probe_records
116.754,0.0253,1,probe_timetable
116.755,0.0223,1,probe_payment
117.014,0.0206,1,probe_student
117.015,0.0328,1,probe_records
117.016,0.033,1,probe_timetable
117.017,0.0214,1,probe_payment
117.26,0.0147,1,probe_student
117.262,0.0196,1,probe_records
117.262,0.0235,1,probe_timetable
117.263,2.0595,0,probe_payment
117.507,0.0264,1,probe_student
117.508,0.0326,1,probe_records
117.509,0.0331,1,probe_timetable
117.51,2.0438,0,probe_payment
117.752,0.0158,1,probe_student
117.753,0.0202,1,probe_records
117.754,0.0242,1,probe_timetable
117.755,2.067,0,probe_payment
118.014,0.0188,1,probe_student
118.015,0.0343,1,probe_records
118.015,0.0347,1,probe_timetable
118.016,2.0554,0,probe_payment
118.262,0.0152,1,probe_student
118.263,0.0246,1,probe_records
118.264,0.0273,1,probe_timetable
118.265,2.0711,0,probe_payment
118.514,0.0221,1,probe_student
118.515,0.0327,1,probe_records
118.515,0.0331,1,probe_timetable
118.516,2.051,0,probe_payment
118.759,0.0152,1,probe_student
118.761,0.021,1,probe_records
118.761,0.0222,1,probe_timetable
118.762,2.0598,0,probe_payment
119.008,0.0214,1,probe_student
119.009,0.0341,1,probe_records
119.01,0.0322,1,probe_timetable
119.011,2.0412,0,probe_payment
119.256,0.0162,1,probe_student
119.258,0.0206,1,probe_records
119.259,0.022,1,probe_timetable
119.26,2.072,0,probe_payment
119.507,0.0234,1,probe_student
119.508,0.0366,1,probe_records
119.509,0.0342,1,probe_timetable
119.51,2.0575,0,probe_payment
119.755,0.0171,1,probe_student
119.756,0.0256,1,probe_records
119.757,0.0258,1,probe_timetable
119.758,2.0697,0,probe_payment
120.009,0.023,1,probe_student
120.01,0.036,1,probe_records
120.011,0.0344,1,probe_timetable
120.012,2.0658,0,probe_payment
120.255,0.0209,1,probe_student
120.256,0.0341,1,probe_records
120.259,0.0348,1,probe_timetable
120.26,2.0658,0,probe_payment
120.503,0.0217,1,probe_student
120.503,0.0315,1,probe_records
120.504,2.0579,0,probe_timetable
120.505,2.0599,0,probe_payment
120.753,0.0164,1,probe_student
120.754,0.0242,1,probe_records
120.755,2.0738,0,probe_timetable
120.755,2.0721,0,probe_payment
121.003,0.0254,1,probe_student
121.004,0.0364,1,probe_records
121.005,2.0702,0,probe_timetable
121.006,2.0739,1,probe_payment
121.252,0.0138,1,probe_student
121.253,0.0231,1,probe_records
121.254,2.0712,0,probe_timetable
121.255,2.0746,1,probe_payment
121.502,0.0262,1,probe_student
121.503,0.0352,1,probe_records
121.504,2.0834,0,probe_timetable
121.505,1.5645,1,probe_payment
121.764,0.0157,1,probe_student
121.766,0.0248,1,probe_records
121.766,2.054,0,probe_timetable
121.768,1.5514,1,probe_payment
122.012,0.0225,1,probe_student
122.013,0.0328,1,probe_records
122.015,2.0709,0,probe_timetable
122.016,1.0534,1,probe_payment
122.261,0.0177,1,probe_student
122.262,0.022,1,probe_records
122.263,2.0591,0,probe_timetable
122.265,1.0554,1,probe_payment
122.511,0.0213,1,probe_student
122.512,0.0354,1,probe_records
122.513,2.0688,0,probe_timetable
122.514,0.5491,1,probe_payment
122.76,0.0191,1,probe_student
122.761,0.0286,1,probe_records
122.762,2.0697,0,probe_timetable
122.763,0.5366,1,probe_payment
123.011,0.0278,1,probe_student
123.012,0.0377,1,probe_records
123.013,2.0682,0,probe_timetable
123.015,0.0463,1,probe_payment
123.26,0.0198,1,probe_student
123.261,0.0272,1,probe_records
123.262,2.0655,0,probe_timetable
123.263,0.026,1,probe_payment
123.509,0.0524,1,probe_student
123.51,0.0563,1,probe_records
123.512,2.0793,0,probe_timetable
123.514,0.049,1,probe_payment
123.755,0.0208,1,probe_student
123.756,0.0281,1,probe_records
123.758,2.0663,0,probe_timetable
123.759,0.0292,1,probe_payment
124.004,0.022,1,probe_student
124.005,0.038,1,probe_records
124.006,2.0794,0,probe_timetable
124.008,0.0264,1,probe_payment
124.253,0.0197,1,probe_student
124.254,0.0249,1,probe_records
124.255,2.0642,0,probe_timetable
124.257,0.0245,1,probe_payment
124.503,0.0259,1,probe_student
124.504,0.0395,1,probe_records
124.505,2.0907,1,probe_timetable
124.507,0.0305,1,probe_payment
124.751,0.0209,1,probe_student
124.752,0.0287,1,probe_records
124.754,2.0897,1,probe_timetable
124.755,0.0282,1,probe_payment
125.018,0.0541,1,probe_student
125.019,0.0549,1,probe_records
125.02,1.5754,1,probe_timetable
125.021,0.0485,1,probe_payment
125.263,0.0185,1,probe_student
125.265,0.0237,1,probe_records
125.266,1.5762,1,probe_timetable
125.267,0.023,1,probe_payment
125.511,0.0272,1,probe_student
125.512,0.0387,1,probe_records
125.513,1.065,1,probe_timetable
125.514,0.031,1,probe_payment
125.759,0.0233,1,probe_student
125.761,0.0317,1,probe_records
125.763,1.0483,1,probe_timetable
125.765,0.0306,1,probe_payment
126.007,0.0335,1,probe_student
126.009,0.0384,1,probe_records
126.01,0.5642,1,probe_timetable
126.012,0.0314,1,probe_payment
126.254,0.0181,1,probe_student
126.256,0.0273,1,probe_records
126.257,0.5422,1,probe_timetable
126.259,0.0264,1,probe_payment
126.505,0.057,1,probe_student
126.506,0.0583,1,probe_records
126.508,0.0584,1,probe_timetable
126.51,0.0504,1,probe_payment
126.753,0.0245,1,probe_student
126.755,0.0314,1,probe_records
126.757,0.0342,1,probe_timetable
126.759,0.0348,1,probe_payment
127.004,0.0289,1,probe_student
127.005,0.0476,1,probe_records
127.007,0.044,1,probe_timetable
127.008,0.0284,1,probe_payment
127.252,0.0239,1,probe_student
127.254,0.032,1,probe_records
127.256,0.0369,1,probe_timetable
127.258,0.0322,1,probe_payment
127.503,0.0313,1,probe_student
127.504,0.0482,1,probe_records
127.505,0.0453,1,probe_timetable
127.507,0.0295,1,probe_payment
127.754,0.019,1,probe_student
127.755,0.0294,1,probe_records
127.757,0.0333,1,probe_timetable
127.759,0.0306,1,probe_payment
128.005,0.026,1,probe_student
128.006,0.036,1,probe_records
128.007,0.0366,1,probe_timetable
128.009,0.0274,1,probe_payment
128.252,0.0202,1,probe_student
128.253,0.0282,1,probe_records
128.255,0.0318,1,probe_timetable
128.256,0.0284,1,probe_payment
128.504,0.0348,1,probe_student
128.505,0.0411,1,probe_records
128.506,0.0384,1,probe_timetable
128.508,0.0326,1,probe_payment
128.753,0.0172,1,probe_student
128.754,0.0236,1,probe_records
128.755,0.0267,1,probe_timetable
128.756,0.0237,1,probe_payment
129.005,0.1992,1,probe_student
129.007,0.2034,1,probe_records
129.009,0.2021,1,probe_timetable
129.01,0.1876,1,probe_payment
129.252,0.0157,1,probe_student
129.253,0.0225,1,probe_records
129.254,0.0256,1,probe_timetable
129.255,0.0228,1,probe_payment
129.516,0.0248,1,probe_student
129.518,0.0411,1,probe_records
129.519,0.0383,1,probe_timetable
129.52,0.0262,1,probe_payment
129.766,0.0157,1,probe_student
129.767,0.0224,1,probe_records
129.768,0.0256,1,probe_timetable
129.769,0.0228,1,probe_payment
130.015,0.0244,1,probe_student
130.016,0.0412,1,probe_records
130.017,0.0383,1,probe_timetable
130.018,0.0248,1,probe_payment
130.262,0.0194,1,probe_student
130.264,0.0239,1,probe_records
130.266,0.027,1,probe_timetable
130.267,0.0231,1,probe_payment
130.513,0.0243,1,probe_student
130.514,0.0388,1,probe_records
130.515,0.0387,1,probe_timetable
130.517,0.0263,1,probe_payment
130.762,0.0184,1,probe_student
130.764,0.0249,1,probe_records
130.766,0.0278,1,probe_timetable
130.767,0.0241,1,probe_payment
131.017,0.0309,1,probe_student
131.018,0.0394,1,probe_records
131.02,0.0385,1,probe_timetable
131.021,0.0288,1,probe_payment
131.251,0.0195,1,probe_student
131.253,0.0282,1,probe_records
131.254,0.0329,1,probe_timetable
131.255,0.0289,1,probe_payment
131.516,0.0256,1,probe_student
131.517,0.0399,1,probe_records
131.518,0.0405,1,probe_timetable
131.519,0.0299,1,probe_payment
131.764,0.0289,1,probe_student
131.765,0.02,1,probe_records
131.766,0.0223,1,probe_timetable
131.767,0.0233,1,probe_payment
132.014,0.0399,1,probe_student
132.015,0.0308,1,probe_records
132.016,0.0377,1,probe_timetable
132.017,0.0352,1,probe_payment
132.262,0.0173,1,probe_student
132.263,0.0222,1,probe_records
132.264,0.0259,1,probe_timetable
132.266,0.0224,1,probe_payment
132.514,0.0207,1,probe_student
132.515,0.0338,1,probe_records
132.516,0.0321,1,probe_timetable
132.517,0.0237,1,probe_payment
132.761,0.019,1,probe_student
132.762,0.0233,1,probe_records
132.764,0.0262,1,probe_timetable
132.765,0.0231,1,probe_payment
133.011,0.0227,1,probe_student
133.012,0.0326,1,probe_records
133.013,0.034,1,probe_timetable
133.014,0.0243,1,probe_payment
133.258,0.0132,1,probe_student
133.259,0.0222,1,probe_records
133.26,0.0239,1,probe_timetable
133.261,0.0216,1,probe_payment
133.509,0.0244,1,probe_student
133.51,0.0386,1,probe_records
133.51,0.0397,1,probe_timetable
133.511,0.0284,1,probe_payment
133.757,0.0169,1,probe_student
133.759,0.0232,1,probe_records
133.76,0.0272,1,probe_timetable
133.761,0.0258,1,probe_payment
134.009,0.0246,1,probe_student
134.01,0.0379,1,probe_records
134.011,0.0386,1,probe_timetable
134.012,0.0286,1,probe_payment
134.254,0.0167,1,probe_student
134.255,0.0222,1,probe_records
134.257,0.0244,1,probe_timetable
134.258,0.021,1,probe_payment
134.507,0.0246,1,probe_student
134.508,0.0315,1,probe_records
134.509,0.0313,1,probe_timetable
134.51,0.0228,1,probe_payment
134.757,0.0166,1,probe_student
134.758,0.0212,1,probe_records
134.759,0.0245,1,probe_timetable
134.76,0.0223,1,probe_payment
135.007,0.0258,1,probe_student
135.008,0.0344,1,probe_records
135.009,0.0313,1,probe_timetable
135.01,0.0244,1,probe_payment
135.252,0.0177,1,probe_student
135.254,0.0207,1,probe_records
135.254,0.0252,1,probe_timetable
135.255,0.0209,1,probe_payment
135.504,0.0321,1,probe_student
135.505,0.0343,1,probe_records
135.507,0.0345,1,probe_timetable
135.508,0.0297,1,probe_payment
135.752,0.0149,1,probe_student
135.754,0.02,1,probe_records
135.754,0.0223,1,probe_timetable
135.755,0.02,1,probe_payment
136.004,0.0253,1,probe_student
136.005,0.0347,1,probe_records
136.005,0.0336,1,probe_timetable
136.006,0.0267,1,probe_payment
136.253,0.0162,1,probe_student
136.254,0.0221,1,probe_records
136.255,0.0256,1,probe_timetable
136.256,0.0223,1,probe_payment
136.502,0.0226,1,probe_student
136.502,0.0329,1,probe_records
136.503,0.0335,1,probe_timetable
136.504,0.0257,1,probe_payment
136.751,0.0164,1,probe_student
136.752,0.0223,1,probe_records
136.753,0.0254,1,probe_timetable
136.754,0.0223,1,probe_payment
137.016,0.0238,1,probe_student
137.017,0.0344,1,probe_records
137.018,0.0346,1,probe_timetable
137.019,0.0259,1,probe_payment
137.252,0.0167,1,probe_student
137.253,0.0201,1,probe_records
137.254,0.0238,1,probe_timetable
137.255,0.0202,1,probe_payment
137.503,0.0268,1,probe_student
137.504,0.0396,1,probe_records
137.505,0.0398,1,probe_timetable
137.507,0.0282,1,probe_payment
137.765,0.0156,1,probe_student
137.766,0.0204,1,probe_records
137.767,0.0241,1,probe_timetable
137.768,0.0209,1,probe_payment
138.013,0.022,1,probe_student
138.013,0.0358,1,probe_records
138.014,0.0338,1,probe_timetable
138.016,0.0244,1,probe_payment
138.257,0.0163,1,probe_student
138.258,0.024,1,probe_records
138.259,0.027,1,probe_timetable
138.26,0.0238,1,probe_payment
138.504,0.0231,1,probe_student
138.505,0.0273,1,probe_records
138.506,0.0295,1,probe_timetable
138.507,0.0218,1,probe_payment
138.753,0.0157,1,probe_student
138.754,0.0211,1,probe_records
138.755,0.0242,1,probe_timetable
138.757,0.0204,1,probe_payment
139.002,0.0217,1,probe_student
139.002,0.0349,1,probe_records
139.003,0.0325,1,probe_timetable
139.004,0.0235,1,probe_payment
139.252,0.017,1,probe_student
139.253,0.0207,1,probe_records
139.254,0.0254,1,probe_timetable
139.255,0.021,1,probe_payment
139.503,0.0246,1,probe_student
139.504,0.0342,1,probe_records
139.505,0.0344,1,probe_timetable
139.507,0.0258,1,probe_payment
139.754,0.0165,1,probe_student
139.755,0.0237,1,probe_records
139.756,0.0242,1,probe_timetable
139.757,0.0203,1,probe_payment
140.004,0.0553,1,probe_student
140.004,0.057,1,probe_records
140.005,0.0555,1,probe_timetable
140.007,0.0508,1,probe_payment
140.265,0.0176,1,probe_student
140.266,0.0229,1,probe_records
140.267,0.026,1,probe_timetable
140.268,0.0234,1,probe_payment
140.515,0.0237,1,probe_student
140.516,0.0346,1,probe_records
140.517,0.0349,1,probe_timetable
140.517,0.0267,1,probe_payment
140.761,0.0162,1,probe_student
140.762,0.0213,1,probe_records
140.763,0.0244,1,probe_timetable
140.764,0.0208,1,probe_payment
141.013,0.0244,1,probe_student
141.014,0.038,1,probe_records
141.015,0.0375,1,probe_timetable
141.016,0.0261,1,probe_payment
141.261,0.0168,1,probe_student
141.262,0.0213,1,probe_records
141.263,0.0255,1,probe_timetable
141.264,0.0217,1,probe_payment
141.51,0.022,1,probe_student
141.511,0.0337,1,probe_records
141.512,0.0314,1,probe_timetable
141.513,0.0253,1,probe_payment
141.759,0.0145,1,probe_student
141.76,0.0193,1,probe_records
141.761,0.0239,1,probe_timetable
141.761,0.0198,1,probe_payment
142.013,0.0386,1,probe_student
142.014,0.0372,1,probe_records
142.015,0.0348,1,probe_timetable
142.016,0.0232,1,probe_payment
142.259,0.017,1,probe_student
142.26,0.024,1,probe_records
142.261,0.026,1,probe_timetable
142.262,0.0236,1,probe_payment
142.511,0.0346,1,probe_student
142.512,0.0324,1,probe_records
142.512,0.0302,1,probe_timetable
142.513,0.0223,1,probe_payment
142.758,0.0166,1,probe_student
142.759,0.0196,1,probe_records
142.76,0.0245,1,probe_timetable
142.761,0.0199,1,probe_payment
143.01,0.5136,0,probe_student
143.012,0.5127,0,probe_records
143.013,0.512,0,probe_timetable
143.014,0.511,0,probe_payment
143.256,0.5154,0,probe_student
143.257,0.5145,0,probe_records
143.26,0.5127,0,probe_timetable
143.261,0.5116,0,probe_payment
143.507,0.5081,0,probe_student
143.508,0.5072,0,probe_records
143.509,0.5064,0,probe_timetable
143.51,0.5056,0,probe_payment
143.754,0.5148,0,probe_student
143.756,0.5137,0,probe_records
143.757,0.5131,0,probe_timetable
143.758,0.5121,0,probe_payment
144.006,0.518,0,probe_student
144.007,0.5169,0,probe_records
144.009,0.5161,0,probe_timetable
144.01,0.515,0,probe_payment
144.253,0.5189,0,probe_student
144.254,0.5177,0,probe_records
144.255,0.517,0,probe_timetable
144.257,0.5151,0,probe_payment
144.518,0.5068,0,probe_student
144.519,0.5062,0,probe_records
144.52,0.5053,0,probe_timetable
144.522,0.5043,0,probe_payment
144.766,0.5172,0,probe_student
144.767,0.5164,0,probe_records
144.768,0.516,0,probe_timetable
144.77,0.5147,0,probe_payment
145.016,0.5153,0,probe_student
145.018,0.5137,0,probe_records
145.019,0.5128,0,probe_timetable
145.021,0.5113,0,probe_payment
145.251,0.5198,0,probe_student
145.252,0.5191,0,probe_records
145.254,0.5173,0,probe_timetable
145.255,0.5165,0,probe_payment
145.515,0.5135,0,probe_student
145.516,0.5131,0,probe_records
145.517,0.5125,0,probe_timetable
145.518,0.5118,0,probe_payment
145.764,0.5109,0,probe_student
145.766,0.509,0,probe_records
145.767,0.5083,0,probe_timetable
145.768,0.5077,0,probe_payment
146.012,0.5109,0,probe_student
146.013,0.5107,0,probe_records
146.014,0.5102,0,probe_timetable
146.015,0.5096,0,probe_payment
146.259,0.5154,0,probe_student
146.261,0.5135,0,probe_records
146.262,0.5129,0,probe_timetable
146.264,0.5115,0,probe_payment
146.508,0.5065,0,probe_student
146.509,0.5057,0,probe_records
146.51,0.505,0,probe_timetable
146.511,0.5043,0,probe_payment
146.757,0.5061,0,probe_student
146.759,0.5055,0,probe_records
146.76,0.5047,0,probe_timetable
146.761,0.5041,0,probe_payment
147.007,0.5081,0,probe_student
147.008,0.5076,0,probe_records
147.009,0.5073,0,probe_timetable
147.01,0.5065,0,probe_payment
147.256,0.5157,0,probe_student
147.258,0.5145,0,probe_records
147.259,0.5139,0,probe_timetable
147.26,0.5131,0,probe_payment
147.508,0.5119,0,probe_student
147.509,0.5115,0,probe_records
147.51,0.5109,0,probe_timetable
147.511,0.5104,0,probe_payment
147.755,0.5085,0,probe_student
147.757,0.5079,0,probe_records
147.757,0.5078,0,probe_timetable
147.759,0.5073,0,probe_payment
148.004,0.5222,0,probe_student
148.005,0.5209,0,probe_records
148.007,0.5196,0,probe_timetable
148.009,0.5183,0,probe_payment
148.253,0.5193,0,probe_student
148.254,0.5187,0,probe_records
148.256,0.5172,0,probe_timetable
148.258,0.5151,0,probe_payment
148.518,0.5121,0,probe_student
148.519,0.5111,0,probe_records
148.521,0.5112,0,probe_timetable
148.522,0.5105,0,probe_payment
148.766,0.5087,0,probe_student
148.767,0.508,0,probe_records
148.768,0.5073,0,probe_timetable
148.77,0.5065,0,probe_payment
149.016,0.0287,1,probe_student
149.017,0.0333,1,probe_records
149.018,0.0357,1,probe_timetable
149.019,0.0299,1,probe_payment
149.262,0.0161,1,probe_student
149.264,0.0183,1,probe_records
149.265,0.0187,1,probe_timetable
149.265,0.0194,1,probe_payment
149.513,0.5083,0,probe_student
149.515,0.5072,0,probe_records
149.516,0.506,0,probe_timetable
149.518,0.505,0,probe_payment
149.758,0.5116,0,probe_student
149.758,0.5112,0,probe_records
149.759,0.5113,0,probe_timetable
149.76,0.5108,0,probe_payment
150.006,0.5135,0,probe_student
150.007,0.5128,0,probe_records
150.008,0.512,0,probe_timetable
150.01,0.5111,0,probe_payment
150.253,0.5149,0,probe_student
150.254,0.514,0,probe_records
150.255,0.5132,0,probe_timetable
150.257,0.5117,0,probe_payment
150.503,0.5087,0,probe_student
150.504,0.5081,0,probe_records
150.505,0.5074,0,probe_timetable
150.507,0.5063,0,probe_payment
150.752,0.5216,0,probe_student
150.753,0.5207,0,probe_records
150.754,0.5201,0,probe_timetable
150.755,0.5195,0,probe_payment
151.002,0.5218,0,probe_student
151.004,0.5209,0,probe_records
151.005,0.5202,0,probe_timetable
151.007,0.519,0,probe_payment
151.265,0.513,0,probe_student
151.267,0.5116,0,probe_records
151.268,0.5107,0,probe_timetable
151.269,0.5096,0,probe_payment
151.517,0.5089,0,probe_student
151.518,0.508,0,probe_records
151.519,0.5068,0,probe_timetable
151.521,0.5058,0,probe_payment
151.762,0.5097,0,probe_student
151.763,0.5086,0,probe_records
151.765,0.5077,0,probe_timetable
151.766,0.5062,0,probe_payment
152.011,0.5105,0,probe_student
152.012,0.5099,0,probe_records
152.014,0.5082,0,probe_timetable
152.016,0.5063,0,probe_payment
152.255,0.51,0,probe_student
152.256,0.5089,0,probe_records
152.258,0.5078,0,probe_timetable
152.259,0.5069,0,probe_payment
152.506,0.5085,0,probe_student
152.507,0.5073,0,probe_records
152.509,0.506,0,probe_timetable
152.51,0.505,0,probe_payment
152.755,0.5065,0,probe_student
152.757,0.5052,0,probe_records
152.758,0.5046,0,probe_timetable
152.759,0.5038,0,probe_payment
153.007,0.5158,0,probe_student
153.008,0.5149,0,probe_records
153.01,0.514,0,probe_timetable
153.011,0.5133,0,probe_payment
153.253,0.5179,0,probe_student
153.254,0.517,0,probe_records
153.256,0.5161,0,probe_timetable
153.257,0.5151,0,probe_payment
153.517,0.5108,0,probe_student
153.518,0.51,0,probe_records
153.52,0.509,0,probe_timetable
153.521,0.5082,0,probe_payment
153.764,0.5132,0,probe_student
153.766,0.5121,0,probe_records
153.767,0.5112,0,probe_timetable
153.768,0.5104,0,probe_payment
154.014,0.5072,0,probe_student
154.015,0.5066,0,probe_records
154.016,0.5059,0,probe_timetable
154.017,0.5053,0,probe_payment
154.261,0.5123,0,probe_student
154.263,0.5113,0,probe_records
154.264,0.5105,0,probe_timetable
154.265,0.51,0,probe_payment
154.512,0.5135,0,probe_student
154.513,0.5123,0,probe_records
154.514,0.5114,0,probe_timetable
154.515,0.5109,0,probe_payment
154.758,0.5135,0,probe_student
154.759,0.5127,0,probe_records
154.76,0.5122,0,probe_timetable
154.762,0.5108,0,probe_payment
155.009,0.5097,0,probe_student
155.01,0.5087,0,probe_records
155.011,0.508,0,probe_timetable
155.012,0.5082,0,probe_payment
155.257,2.0498,0,probe_student
155.258,0.3504,0,probe_records
155.259,2.0925,0,probe_timetable
155.261,0.0264,1,probe_payment
155.505,2.066,0,probe_student
155.507,0.1008,0,probe_records
155.508,2.0761,0,probe_timetable
155.509,0.0602,1,probe_payment
155.752,2.0535,0,probe_student
155.753,2.0533,0,probe_records
155.754,2.0752,0,probe_timetable
155.755,0.0156,1,probe_payment
156.003,2.0825,1,probe_student
156.004,2.0699,0,probe_records
156.006,2.0745,1,probe_timetable
156.007,0.0229,1,probe_payment
156.265,2.0882,1,probe_student
156.266,2.072,0,probe_records
156.267,2.0759,1,probe_timetable
156.268,0.0173,1,probe_payment
156.515,1.5689,1,probe_student
156.516,2.0553,0,probe_records
156.517,1.5601,1,probe_timetable
156.517,0.0229,1,probe_payment
156.762,1.5551,1,probe_student
156.763,2.0705,0,probe_records
156.764,1.5612,1,probe_timetable
156.765,0.019,1,probe_payment
157.011,1.0548,1,probe_student
157.012,2.0575,0,probe_records
157.013,1.0656,1,probe_timetable
157.015,0.0186,1,probe_payment
157.257,1.039,1,probe_student
157.258,2.0612,0,probe_records
157.259,1.0566,1,probe_timetable
157.26,0.0167,1,probe_payment
157.507,0.5608,1,probe_student
157.508,2.0607,0,probe_records
157.51,0.5629,1,probe_timetable
157.511,0.0272,1,probe_payment
157.755,0.5258,1,probe_student
157.757,2.0754,0,probe_records
157.758,0.541,1,probe_timetable
157.759,0.0228,1,probe_payment
158.007,0.0434,1,probe_student
158.007,2.0712,0,probe_records
158.008,0.0649,1,probe_timetable
158.009,0.0265,1,probe_payment
158.254,0.0232,1,probe_student
158.256,2.056,0,probe_records
158.258,0.0407,1,probe_timetable
158.26,0.0324,1,probe_payment
158.508,0.0341,1,probe_student
158.51,2.0816,0,probe_records
158.512,0.0507,1,probe_timetable
158.514,0.0362,1,probe_payment
158.754,0.0219,1,probe_student
158.756,2.0691,0,probe_records
158.758,0.0331,1,probe_timetable
158.759,0.0283,1,probe_payment
159.006,0.0312,1,probe_student
159.007,2.081,0,probe_records
159.009,0.0426,1,probe_timetable
159.01,0.0338,1,probe_payment
159.253,0.0223,1,probe_student
159.255,2.0714,0,probe_records
159.256,0.0334,1,probe_timetable
159.258,0.0293,1,probe_payment
159.504,0.031,1,probe_student
159.505,2.0998,1,probe_records
159.507,0.0396,1,probe_timetable
159.509,0.033,1,probe_payment
159.752,0.0244,1,probe_student
159.753,2.0713,1,probe_records
159.755,0.0346,1,probe_timetable
159.756,0.0308,1,probe_payment
160.015,0.0326,1,probe_student
160.017,1.5852,1,probe_records
160.018,0.0459,1,probe_timetable
160.023,0.0317,1,probe_payment
160.262,0.0232,1,probe_student
160.263,1.5591,1,probe_records
160.265,0.0336,1,probe_timetable
160.267,0.031,1,probe_payment
160.511,0.0286,1,probe_student
160.512,1.084,1,probe_records
160.514,0.0424,1,probe_timetable
160.516,0.0298,1,probe_payment
160.76,0.0252,1,probe_student
160.761,1.0493,1,probe_records
160.763,0.0392,1,probe_timetable
160.765,0.0341,1,probe_payment
161.009,0.0319,1,probe_student
161.011,0.5554,1,probe_records
161.013,0.0477,1,probe_timetable
161.014,0.0377,1,probe_payment
161.256,0.0218,1,probe_student
161.257,0.55,1,probe_records
161.259,0.0345,1,probe_timetable
161.26,0.0307,1,probe_payment
161.509,0.0297,1,probe_student
161.511,0.0502,1,probe_records
161.514,0.0419,1,probe_timetable
161.515,0.035,1,probe_payment
161.757,0.0232,1,probe_student
161.759,0.0333,1,probe_records
161.76,0.0392,1,probe_timetable
161.761,0.0336,1,probe_payment
162.009,0.0317,1,probe_student
162.011,0.0406,1,probe_records
162.013,0.0435,1,probe_timetable
162.015,0.0336,1,probe_payment
162.258,0.0236,1,probe_student
162.259,0.0337,1,probe_records
162.261,0.0386,1,probe_timetable
162.262,0.0331,1,probe_payment
162.507,0.0549,1,probe_student
162.509,0.0488,1,probe_records
162.51,0.0492,1,probe_timetable
162.512,0.0388,1,probe_payment
162.755,0.0231,1,probe_student
162.757,0.0317,1,probe_records
162.759,0.0378,1,probe_timetable
162.761,0.0301,1,probe_payment
163.006,0.0317,1,probe_student
163.008,0.0513,1,probe_records
163.009,0.0482,1,probe_timetable
163.011,0.0308,1,probe_payment
163.252,0.0227,1,probe_student
163.254,0.03,1,probe_records
163.257,0.0319,1,probe_timetable
163.259,0.0283,1,probe_payment
163.516,0.0222,1,probe_student
163.517,0.0256,1,probe_records
163.518,0.0409,1,probe_timetable
163.52,0.0343,1,probe_payment
163.764,0.0177,1,probe_student
163.766,0.0278,1,probe_records
163.767,0.0305,1,probe_timetable
163.768,0.0267,1,probe_payment
164.015,0.034,1,probe_student
164.017,0.0479,1,probe_records
164.018,0.0462,1,probe_timetable
164.023,0.0307,1,probe_payment
164.264,0.0191,1,probe_student
164.265,0.026,1,probe_records
164.266,0.0301,1,probe_timetable
164.267,0.0262,1,probe_payment
164.513,0.0287,1,probe_student
164.514,0.0409,1,probe_records
164.515,0.0415,1,probe_timetable
164.516,0.0323,1,probe_payment
164.758,0.019,1,probe_student
164.759,0.0259,1,probe_records
164.761,0.0292,1,probe_timetable
164.762,0.0258,1,probe_payment
165.008,0.0379,1,probe_student
165.009,0.0483,1,probe_records
165.01,0.0456,1,probe_timetable
165.012,0.0363,1,probe_payment
165.254,0.0179,1,probe_student
165.256,0.0269,1,probe_records
165.258,0.0299,1,probe_timetable
165.259,0.0267,1,probe_payment
165.505,0.0321,1,probe_student
165.507,0.0401,1,probe_records
165.508,0.04,1,probe_timetable
165.509,0.0313,1,probe_payment
165.751,0.0209,1,probe_student
165.752,0.0267,1,probe_records
165.754,0.0333,1,probe_timetable
165.755,0.0308,1,probe_payment
166.016,0.0281,1,probe_student
166.017,0.04,1,probe_records
166.019,0.0401,1,probe_timetable
166.02,0.0311,1,probe_payment
166.266,0.0202,1,probe_student
166.267,0.027,1,probe_records
166.269,0.0307,1,probe_timetable
166.27,0.0275,1,probe_payment
166.502,0.0258,1,probe_student
166.503,0.0411,1,probe_records
166.504,0.039,1,probe_timetable
166.506,0.0273,1,probe_payment
166.765,0.0206,1,probe_student
166.766,0.0267,1,probe_records
166.767,0.0302,1,probe_timetable
166.769,0.0268,1,probe_payment
167.014,0.0254,1,probe_student
167.015,0.0408,1,probe_records
167.016,0.0389,1,probe_timetable
167.017,0.0265,1,probe_payment
167.261,0.0167,1,probe_student
167.263,0.0254,1,probe_records
167.264,0.0272,1,probe_timetable
167.265,0.0245,1,probe_payment
167.508,0.0261,1,probe_student
167.509,0.0346,1,probe_records
167.51,0.0323,1,probe_timetable
167.511,0.0258,1,probe_payment
167.756,0.0186,1,probe_student
167.757,0.0248,1,probe_records
167.757,0.0288,1,probe_timetable
167.758,0.0247,1,probe_payment
168.009,0.0375,1,probe_student
168.01,0.0329,1,probe_records
168.011,0.0299,1,probe_timetable
168.012,0.0349,1,probe_payment
168.257,0.0178,1,probe_student
168.258,0.0227,1,probe_records
168.259,0.0257,1,probe_timetable
168.26,0.0231,1,probe_payment
168.507,0.0264,1,probe_student
168.508,0.0396,1,probe_records
168.509,0.0342,1,probe_timetable
168.51,0.0296,1,probe_payment
168.756,0.0174,1,probe_student
168.757,0.0221,1,probe_records
168.758,0.0255,1,probe_timetable
168.759,0.0223,1,probe_payment
169.004,0.0251,1,probe_student
169.006,0.0298,1,probe_records
169.007,0.0315,1,probe_timetable
169.008,0.0244,1,probe_payment
169.251,0.0176,1,probe_student
169.252,0.0272,1,probe_records
169.253,0.0275,1,probe_timetable
169.254,0.0235,1,probe_payment
169.515,0.0241,1,probe_student
169.516,0.036,1,probe_records
169.517,0.0362,1,probe_timetable
169.518,0.0276,1,probe_payment
169.759,0.0197,1,probe_student
169.761,0.0234,1,probe_records
169.762,0.0261,1,probe_timetable
169.764,0.0225,1,probe_payment
170.008,0.0394,1,probe_student
170.009,0.0354,1,probe_records
170.01,0.037,1,probe_timetable
170.011,0.0251,1,probe_payment
170.256,0.0163,1,probe_student
170.257,0.0222,1,probe_records
170.258,0.0245,1,probe_timetable
170.259,0.0218,1,probe_payment
170.506,0.0251,1,probe_student
170.507,0.0364,1,probe_records
170.508,0.0355,1,probe_timetable
170.509,0.0258,1,probe_payment
170.754,0.0198,1,probe_student
170.755,0.0242,1,probe_records
170.757,0.0276,1,probe_timetable
170.758,0.0242,1,probe_payment
171.006,0.0249,1,probe_student
171.007,0.0334,1,probe_records
171.008,0.035,1,probe_timetable
171.009,0.0261,1,probe_payment
171.265,0.0162,1,probe_student
171.267,0.0221,1,probe_records
171.268,0.0266,1,probe_timetable
171.269,0.023,1,probe_payment
171.516,0.0252,1,probe_student
171.517,0.0399,1,probe_records
171.518,0.0376,1,probe_timetable
171.519,0.0263,1,probe_payment
171.763,0.0165,1,probe_student
171.764,0.0214,1,probe_records
171.765,0.025,1,probe_timetable
171.766,0.0224,1,probe_payment
172.012,0.0246,1,probe_student
172.013,0.0376,1,probe_records
172.014,0.0362,1,probe_timetable
172.015,0.0297,1,probe_payment
172.261,0.0187,1,probe_student
172.262,0.0237,1,probe_records
172.263,0.0279,1,probe_timetable
172.264,0.0246,1,probe_payment
172.511,0.0248,1,probe_student
172.511,0.0352,1,probe_records
172.512,0.0353,1,probe_timetable
172.513,0.0249,1,probe_payment
172.76,0.0171,1,probe_student
172.761,0.0215,1,probe_records
172.762,0.0248,1,probe_timetable
172.763,0.022,1,probe_payment
173.01,0.0504,1,probe_student
173.011,0.0542,1,probe_records
173.012,0.0528,1,probe_timetable
173.013,0.0242,1,probe_payment
173.257,0.0158,1,probe_student
173.258,0.0237,1,probe_records
173.259,0.0265,1,probe_timetable
173.26,0.0242,1,probe_payment
173.504,0.0257,1,probe_student
173.505,0.0336,1,probe_records
173.506,0.0342,1,probe_timetable
173.507,0.0254,1,probe_payment
173.752,0.0163,1,probe_student
173.753,0.0221,1,probe_records
173.754,0.0253,1,probe_timetable
173.755,0.0223,1,probe_payment
174.003,0.0257,1,probe_student
174.004,0.0295,1,probe_records
174.004,0.0333,1,probe_timetable
174.005,0.0252,1,probe_payment
174.266,0.0152,1,probe_student
174.267,0.0222,1,probe_records
174.268,0.0257,1,probe_timetable
174.269,0.0233,1,probe_payment
174.515,0.04,1,probe_student
174.516,0.0415,1,probe_records
174.517,0.0401,1,probe_timetable
174.518,0.0335,1,probe_payment
174.759,0.025,1,probe_student
174.761,0.0334,1,probe_records
174.762,0.0399,1,probe_timetable
174.763,0.0348,1,probe_payment
175.007,0.0272,1,probe_student
175.008,0.0353,1,probe_records
175.009,0.0363,1,probe_timetable
175.01,0.0259,1,probe_payment
175.256,0.0152,1,probe_student
175.257,0.0221,1,probe_records
175.258,0.0251,1,probe_timetable
175.259,0.0218,1,probe_payment
175.506,0.0267,1,probe_student
175.507,0.0359,1,probe_records
175.509,0.034,1,probe_timetable
175.51,0.0258,1,probe_payment
175.752,0.0177,1,probe_student
175.753,0.0221,1,probe_records
175.755,0.0253,1,probe_timetable
175.756,0.0207,1,probe_payment
176.013,0.0274,1,probe_student
176.014,0.0395,1,probe_records
176.015,0.04,1,probe_timetable
176.016,0.0292,1,probe_payment
176.262,0.02,1,probe_student
176.263,0.0241,1,probe_records
176.265,0.028,1,probe_timetable
176.266,0.023,1,probe_payment
176.51,0.0326,1,probe_student
176.511,0.0373,1,probe_records
176.513,0.0368,1,probe_timetable
176.514,0.0296,1,probe_payment
176.756,0.0179,1,probe_student
176.758,0.0255,1,probe_records
176.759,0.0298,1,probe_timetable
176.76,2.044,0,probe_payment
177.004,0.0246,1,probe_student
177.005,0.0402,1,probe_records
177.006,0.0411,1,probe_timetable
177.008,2.059,0,probe_payment
177.265,0.0184,1,probe_student
177.266,0.0246,1,probe_records
177.266,0.0285,1,probe_timetable
177.268,2.0608,0,probe_payment
177.51,0.0291,1,probe_student
177.511,0.0386,1,probe_records
177.511,0.0383,1,probe_timetable
177.512,2.0617,0,probe_payment
177.755,0.0178,1,probe_student
177.757,0.025,1,probe_records
177.758,0.0289,1,probe_timetable
177.759,2.0462,0,probe_payment
178.003,0.0241,1,probe_student
178.004,0.04,1,probe_records
178.005,0.0392,1,probe_timetable
178.006,2.0621,0,probe_payment
178.263,0.0185,1,probe_student
178.264,0.0246,1,probe_records
178.265,0.0254,1,probe_timetable
178.267,2.051,0,probe_payment
178.509,0.038,1,probe_student
178.511,0.0455,1,probe_records
178.512,0.042,1,probe_timetable
178.513,2.0557,0,probe_payment
178.755,0.0167,1,probe_student
178.756,0.0259,1,probe_records
178.758,0.0264,1,probe_timetable
178.759,2.0571,0,probe_payment
179.004,0.0293,1,probe_student
179.006,0.0386,1,probe_records
179.007,0.0367,1,probe_timetable
179.008,2.0554,0,probe_payment
179.251,0.0223,1,probe_student
179.253,0.0286,1,probe_records
179.254,0.0303,1,probe_timetable
179.256,2.0745,0,probe_payment
179.51,0.0327,1,probe_student
179.512,0.038,1,probe_records
179.513,0.0382,1,probe_timetable
179.515,2.0637,0,probe_payment
179.754,0.0196,1,probe_student
179.755,0.0242,1,probe_records
179.757,0.0243,1,probe_timetable
179.759,2.0532,0,probe_payment
180.006,0.0281,1,probe_student
180.007,0.035,1,probe_records
180.008,0.0352,1,probe_timetable
180.009,2.063,0,probe_payment
180.251,0.0175,1,probe_student
180.252,0.0245,1,probe_records
180.253,0.0265,1,probe_timetable
180.254,2.0513,0,probe_payment
180.503,0.0265,1,probe_student
180.504,0.0379,1,probe_records
180.506,0.0375,1,probe_timetable
180.507,2.0754,1,probe_payment
180.767,0.0211,1,probe_student
180.768,0.0265,1,probe_records
180.77,0.0309,1,probe_timetable
180.771,2.0679,1,probe_payment
181.016,0.0269,1,probe_student
181.017,0.0329,1,probe_records
181.018,0.0333,1,probe_timetable
181.019,1.5639,1,probe_payment
181.251,0.0176,1,probe_student
181.252,0.0278,1,probe_records
181.252,0.029,1,probe_timetable
181.253,1.5583,1,probe_payment
181.515,0.0289,1,probe_student
181.516,0.0421,1,probe_records
181.518,0.0389,1,probe_timetable
181.519,1.0599,1,probe_payment
181.762,0.0252,1,probe_student
181.763,0.0308,1,probe_records
181.764,0.0312,1,probe_timetable
181.766,1.0467,1,probe_payment
182.01,0.0317,1,probe_student
182.011,0.0444,1,probe_records
182.013,0.0408,1,probe_timetable
182.015,0.5333,1,probe_payment
182.255,0.0181,1,probe_student
182.257,0.0236,1,probe_records
182.259,0.0264,1,probe_timetable
182.26,0.5356,1,probe_payment
182.505,0.0279,1,probe_student
182.507,0.0383,1,probe_records
182.508,0.0384,1,probe_timetable
182.509,0.0286,1,probe_payment
182.754,0.0265,1,probe_student
182.755,0.0302,1,probe_records
182.757,0.0408,1,probe_timetable
182.759,0.032,1,probe_payment
183.006,0.0307,1,probe_student
183.007,0.0387,1,probe_records
183.008,0.0405,1,probe_timetable
183.009,0.0303,1,probe_payment
183.265,0.0263,1,probe_student
183.267,0.0319,1,probe_records
183.269,0.0382,1,probe_timetable
183.271,0.0314,1,probe_payment
183.518,0.0285,1,probe_student
183.519,0.0539,1,probe_records
183.521,0.0519,1,probe_timetable
183.522,0.0473,1,probe_payment
183.765,0.0191,1,probe_student
183.767,0.024,1,probe_records
183.768,0.0274,1,probe_timetable
183.77,0.0232,1,probe_payment
184.015,0.0265,1,probe_student
184.017,0.0361,1,probe_records
184.018,0.0368,1,probe_timetable
184.02,0.0263,1,probe_payment
184.26,0.0181,1,probe_student
184.262,0.0253,1,probe_records
184.263,0.0292,1,probe_timetable
184.265,0.0249,1,probe_payment
184.512,0.035,1,probe_student
184.514,0.0416,1,probe_records
184.515,0.0424,1,probe_timetable
184.516,0.0334,1,probe_payment
184.76,0.023,1,probe_student
184.761,0.0326,1,probe_records
184.763,0.0349,1,probe_timetable
184.764,0.0311,1,probe_payment
185.009,0.0394,1,probe_student
185.011,0.0437,1,probe_records
185.013,0.0384,1,probe_timetable
185.014,0.0324,1,probe_payment
185.256,0.0197,1,probe_student
185.257,0.024,1,probe_records
185.258,0.0272,1,probe_timetable
185.259,0.0245,1,probe_payment
185.507,0.0303,1,probe_student
185.508,0.0413,1,probe_records
185.51,0.0389,1,probe_timetable
185.511,0.0315,1,probe_payment
185.753,0.0192,1,probe_student
185.755,0.0245,1,probe_records
185.756,0.0292,1,probe_timetable
185.758,0.0248,1,probe_payment
186.004,0.0297,1,probe_student
186.006,0.0448,1,probe_records
186.007,0.0414,1,probe_timetable
186.009,0.0267,1,probe_payment
186.266,0.0183,1,probe_student
186.267,0.0293,1,probe_records
186.269,0.0317,1,probe_timetable
186.271,0.0284,1,probe_payment
186.514,0.0263,1,probe_student
186.516,0.0423,0,probe_records
186.517,0.0438,1,probe_timetable
186.519,0.0285,1,probe_payment
186.761,0.02,1,probe_student
186.762,2.0569,0,probe_records
186.763,0.0284,1,probe_timetable
186.765,0.0246,1,probe_payment
187.01,0.0323,1,probe_student
187.012,2.084,0,probe_records
187.014,0.0394,1,probe_timetable
187.015,0.0302,1,probe_payment
187.258,0.0193,1,probe_student
187.26,2.0615,0,probe_records
187.261,0.03,1,probe_timetable
187.262,0.0249,1,probe_payment
187.511,0.0422,1,probe_student
187.512,2.0551,0,probe_records
187.513,0.0419,1,probe_timetable
187.514,0.0395,1,probe_payment
187.758,0.0194,1,probe_student
187.759,2.0734,0,probe_records
187.76,0.0282,1,probe_timetable
187.762,0.0247,1,probe_payment
188.006,0.0209,1,probe_student
188.007,2.059,0,probe_records
188.008,0.0331,1,probe_timetable
188.009,0.0251,1,probe_payment
188.255,0.0171,1,probe_student
188.256,2.0478,0,probe_records
188.257,0.0242,1,probe_timetable
188.258,0.0223,1,probe_payment
188.505,0.0228,1,probe_student
188.506,2.0609,0,probe_records
188.507,0.034,1,probe_timetable
188.508,0.0245,1,probe_payment
188.753,0.0168,1,probe_student
188.755,2.0607,0,probe_records
188.756,0.0242,1,probe_timetable
188.757,0.0217,1,probe_payment
189.002,0.0207,1,probe_student
189.003,2.0591,0,probe_records
189.003,0.0317,1,probe_timetable
189.005,0.0235,1,probe_payment
189.252,0.016,1,probe_student
189.253,2.059,0,probe_records
189.255,0.0265,1,probe_timetable
189.256,0.0236,1,probe_payment
189.503,0.0389,1,probe_student
189.504,2.0722,0,probe_records
189.505,0.0382,1,probe_timetable
189.507,0.0337,1,probe_payment
189.751,0.0186,1,probe_student
189.752,2.0592,0,probe_records
189.753,0.0282,1,probe_timetable
189.754,0.0247,1,probe_payment
190.002,0.0363,1,probe_student
190.003,2.0695,0,probe_records
190.004,0.0316,1,probe_timetable
190.005,0.0352,1,probe_payment
190.252,0.0169,1,probe_student
190.253,2.0683,0,probe_records
190.254,0.0264,1,probe_timetable
190.256,0.0224,1,probe_payment
190.503,0.0369,1,probe_student
190.504,2.0786,1,probe_records
190.505,0.0284,1,probe_timetable
190.507,0.0323,1,probe_payment
190.751,0.0176,1,probe_student
190.752,2.0861,1,probe_records
190.753,0.0251,1,probe_timetable
190.754,0.0225,1,probe_payment
191.013,0.0219,1,probe_student
191.014,1.5669,1,probe_records
191.015,0.0309,1,probe_timetable
191.016,0.0255,1,probe_payment
191.262,0.0191,1,probe_student
191.263,1.5763,1,probe_records
191.264,0.0266,1,probe_timetable
191.265,0.0232,1,probe_payment
191.513,0.0247,1,probe_student
191.514,1.0523,1,probe_records
191.515,0.0321,1,probe_timetable
191.516,0.0267,1,probe_payment
191.761,0.0164,1,probe_student
191.762,1.0445,1,probe_records
191.763,0.0238,1,probe_timetable
191.764,0.0211,1,probe_payment
192.01,0.0264,1,probe_student
192.012,0.5564,1,probe_records
192.014,0.036,1,probe_timetable
192.015,0.0283,1,probe_payment
192.256,0.0148,1,probe_student
192.257,0.5365,1,probe_records
192.258,0.023,1,probe_timetable
192.259,0.021,1,probe_payment
192.509,0.0378,1,probe_student
192.51,0.0517,1,probe_records
192.512,0.0364,1,probe_timetable
192.513,0.0332,1,probe_payment
192.751,0.0237,1,probe_student
192.752,0.0302,1,probe_records
192.754,0.0426,1,probe_timetable
192.756,0.0315,1,probe_payment
193.007,0.0251,1,probe_student
193.008,0.0367,1,probe_records
193.009,0.0376,1,probe_timetable
193.01,2.0692,0,probe_payment
193.254,0.0185,1,probe_student
193.256,0.0244,1,probe_records
193.257,0.0289,1,probe_timetable
193.258,2.0691,0,probe_payment
193.505,0.0292,1,probe_student
193.506,0.0369,1,probe_records
193.507,0.0374,1,probe_timetable
193.509,2.0553,0,probe_payment
193.753,0.0174,1,probe_student
193.754,0.0258,1,probe_records
193.756,0.0281,1,probe_timetable
193.757,2.0572,0,probe_payment
194.002,0.0265,1,probe_student
194.003,0.0372,1,probe_records
194.004,0.0376,1,probe_timetable
194.005,2.0716,0,probe_payment
194.265,0.02,1,probe_student
194.266,0.0276,1,probe_records
194.267,0.0315,1,probe_timetable
194.269,2.0553,0,probe_payment
194.517,0.0283,1,probe_student
194.518,0.0356,1,probe_records
194.52,0.0362,1,probe_timetable
194.521,2.0678,0,probe_payment
194.765,0.0173,1,probe_student
194.766,0.0224,1,probe_records
194.767,0.0253,1,probe_timetable
194.768,2.0523,0,probe_payment
195.017,0.025,1,probe_student
195.018,0.0377,1,probe_records
195.019,0.0359,1,probe_timetable
195.021,2.0644,0,probe_payment
195.262,0.0164,1,probe_student
195.263,0.0226,1,probe_records
195.264,0.0273,1,probe_timetable
195.265,2.07,0,probe_payment
195.515,0.0233,1,probe_student
195.516,0.0357,1,probe_records
195.517,0.0365,1,probe_timetable
195.518,2.0641,0,probe_payment
195.764,0.022,1,probe_student
195.765,0.026,1,probe_records
195.766,0.032,1,probe_timetable
195.767,2.0623,0,probe_payment
196.013,0.0264,1,probe_student
196.014,0.0374,1,probe_records
196.015,0.0385,1,probe_timetable
196.016,2.063,0,probe_payment
196.259,0.0176,1,probe_student
196.26,0.0255,1,probe_records
196.262,0.0293,1,probe_timetable
196.263,2.0654,0,probe_payment
196.509,0.0276,1,probe_student
196.509,0.0355,1,probe_records
196.51,0.036,1,probe_timetable
196.511,2.0622,0,probe_payment
196.756,0.0162,1,probe_student
196.757,0.0209,1,probe_records
196.758,0.0259,1,probe_timetable
196.758,2.0674,1,probe_payment
197.006,0.0241,1,probe_student
197.007,0.036,1,probe_records
197.008,0.0361,1,probe_timetable
197.009,2.0672,1,probe_payment
197.253,0.0181,1,probe_student
197.255,0.0275,1,probe_records
197.256,0.0288,1,probe_timetable
197.257,1.5617,1,probe_payment
197.502,0.036,1,probe_student
197.503,0.047,1,probe_records
197.506,0.0443,1,probe_timetable
197.508,1.5675,1,probe_payment
197.764,0.023,1,probe_student
197.766,0.0286,1,probe_records
197.767,0.0303,1,probe_timetable
197.77,1.051,1,probe_payment
198.017,0.0207,1,probe_student
198.018,0.0356,1,probe_records
198.02,0.0316,1,probe_timetable
198.021,1.0558,1,probe_payment
198.262,0.0186,1,probe_student
198.264,0.0263,1,probe_records
198.265,0.0312,1,probe_timetable
198.267,0.5278,1,probe_payment
198.511,0.0232,1,probe_student
198.512,0.0367,1,probe_records
198.514,0.035,1,probe_timetable
198.515,0.5399,1,probe_payment
198.757,0.0191,1,probe_student
198.758,0.024,1,probe_records
198.76,0.0274,1,probe_timetable
198.761,0.0248,1,probe_payment
199.006,0.0416,1,probe_student
199.008,0.0454,1,probe_records
199.009,0.0424,1,probe_timetable
199.011,0.04,1,probe_payment
199.254,0.0174,1,probe_student
199.256,0.0252,1,probe_records
199.257,0.0288,1,probe_timetable
199.258,0.0258,1,probe_payment
199.506,0.0246,1,probe_student
199.507,0.0408,1,probe_records
199.508,0.0377,1,probe_timetable
199.509,0.0258,1,probe_payment
199.753,0.0189,1,probe_student
199.755,0.0289,1,probe_records
199.757,0.0309,1,probe_timetable
199.758,0.0284,1,probe_payment
200.002,0.0284,1,probe_student
200.003,0.0384,1,probe_records
200.004,0.0387,1,probe_timetable
200.006,0.0283,1,probe_payment
200.265,0.017,1,probe_student
200.266,0.0257,1,probe_records
200.268,0.0272,1,probe_timetable
200.269,0.0245,1,probe_payment
200.516,0.0527,1,probe_student
200.517,0.0542,1,probe_records
200.519,0.0535,1,probe_timetable
200.523,0.0436,1,probe_payment
200.761,0.0176,1,probe_student
200.762,0.0241,1,probe_records
200.764,0.0257,1,probe_timetable
200.765,0.0228,1,probe_payment
201.012,0.025,1,probe_student
201.014,0.0376,1,probe_records
201.015,0.0385,1,probe_timetable
201.016,0.0295,1,probe_payment
201.263,0.0198,1,probe_student
201.265,0.0269,1,probe_records
201.266,0.029,1,probe_timetable
201.267,0.0296,1,probe_payment
201.514,0.0289,1,probe_student
201.515,0.0427,1,probe_records
201.516,0.043,1,probe_timetable
201.518,0.0331,1,probe_payment
201.76,0.0204,1,probe_student
201.762,0.0277,1,probe_records
201.764,0.0308,1,probe_timetable
201.766,0.027,1,probe_payment
202.01,0.196,1,probe_student
202.012,0.2272,1,probe_records
202.013,0.2298,1,probe_timetable
202.014,0.1898,1,probe_payment
202.256,0.0182,1,probe_student
202.257,0.027,1,probe_records
202.258,0.0318,1,probe_timetable
202.259,0.0279,1,probe_payment
202.508,0.027,1,probe_student
202.509,0.0437,1,probe_records
202.511,0.0402,1,probe_timetable
202.513,0.0278,1,probe_payment
202.755,0.0192,1,probe_student
202.757,0.027,1,probe_records
202.758,0.0303,1,probe_timetable
202.759,0.0269,1,probe_payment
203.006,0.03,1,probe_student
203.007,0.0397,1,probe_records
203.008,0.0367,1,probe_timetable
203.009,0.0288,1,probe_payment
203.252,0.0192,1,probe_student
203.254,0.0248,1,probe_records
203.255,0.029,1,probe_timetable
203.256,0.0252,1,probe_payment
203.507,0.0366,1,probe_student
203.509,0.0415,1,probe_records
203.51,0.0405,1,probe_timetable
203.512,0.029,1,probe_payment
203.754,0.0319,1,probe_student
203.755,0.0252,1,probe_records
203.756,0.0266,1,probe_timetable
203.758,0.0293,1,probe_payment
204.006,0.0185,1,probe_student
204.007,0.0263,1,probe_records
204.008,0.0506,1,probe_timetable
204.009,0.0482,1,probe_payment
204.254,0.0148,1,probe_student
204.256,0.0249,1,probe_records
204.257,0.0294,1,probe_timetable
204.258,0.0272,1,probe_payment
204.502,0.0224,1,probe_student
204.503,0.0394,1,probe_records
204.504,0.0378,1,probe_timetable
204.505,0.0255,1,probe_payment
204.75,0.017,1,probe_student
204.752,0.0227,1,probe_records
204.753,0.0267,1,probe_timetable
204.754,0.0241,1,probe_payment
205.015,0.0235,1,probe_student
205.016,0.0361,1,probe_records
205.016,0.0377,1,probe_timetable
205.018,0.0239,1,probe_payment
205.261,0.0167,1,probe_student
205.263,0.0222,1,probe_records
205.264,0.0249,1,probe_timetable
205.265,0.0216,1,probe_payment
205.512,0.0228,1,probe_student
205.513,0.0367,1,probe_records
205.514,0.0363,1,probe_timetable
205.515,0.0245,1,probe_payment
205.759,0.018,1,probe_student
205.761,0.0225,1,probe_records
205.762,0.0267,1,probe_timetable
205.763,0.0222,1,probe_payment
206.008,0.0269,1,probe_student
206.009,0.036,1,probe_records
206.009,0.0358,1,probe_timetable
206.011,0.0265,1,probe_payment
206.253,0.0162,1,probe_student
206.255,0.0217,1,probe_records
206.256,0.0253,1,probe_timetable
206.257,0.0211,1,probe_payment
206.503,0.0406,1,probe_student
206.504,0.0415,1,probe_records
206.505,0.0409,1,probe_timetable
206.506,0.0338,1,probe_payment
206.751,0.0162,1,probe_student
206.752,0.0251,1,probe_records
206.754,0.0291,1,probe_timetable
206.755,0.0248,1,probe_payment
207.003,0.0241,1,probe_student
207.003,0.0387,1,probe_records
207.005,0.0367,1,probe_timetable
207.006,0.0253,1,probe_payment
207.264,0.0308,1,probe_student
207.266,0.0218,1,probe_records
207.267,0.0261,1,probe_timetable
207.268,0.0257,1,probe_payment
207.515,0.0235,1,probe_student
207.516,0.0347,1,probe_records
207.516,0.0351,1,probe_timetable
207.517,0.0249,1,probe_payment
207.763,0.0179,1,probe_student
207.765,0.0228,1,probe_records
207.766,0.0263,1,probe_timetable
207.767,0.0226,1,probe_payment
208.014,0.0501,1,probe_student
208.015,0.0527,1,probe_records
208.016,0.0528,1,probe_timetable
208.017,0.0487,1,probe_payment
208.262,0.0179,1,probe_student
208.263,0.0251,1,probe_records
208.264,0.0279,1,probe_timetable
208.266,0.0248,1,probe_payment
208.508,0.0267,1,probe_student
208.509,0.0291,1,probe_records
208.509,0.0322,1,probe_timetable
208.511,0.0254,1,probe_payment
208.757,0.0152,1,probe_student
208.758,0.0238,1,probe_records
208.759,0.027,1,probe_timetable
208.76,0.0237,1,probe_payment
209.005,0.0254,1,probe_student
209.006,0.0349,1,probe_records
209.007,0.0361,1,probe_timetable
209.008,0.0264,1,probe_payment
209.251,0.0145,1,probe_student
209.252,0.0229,1,probe_records
209.253,0.0245,1,probe_timetable
209.254,0.0219,1,probe_payment
209.517,0.0573,1,probe_student
209.518,0.0672,1,probe_records
209.52,0.0674,1,probe_timetable
209.522,0.0584,1,probe_payment
209.764,0.0156,1,probe_student
209.765,0.0233,1,probe_records
209.766,0.0257,1,probe_timetable
209.767,0.0227,1,probe_payment
210.013,0.0242,1,probe_student
210.014,0.0361,1,probe_records
210.015,0.0384,1,probe_timetable
210.016,0.0359,1,probe_payment
210.259,0.015,1,probe_student
210.26,0.0226,1,probe_records
210.261,0.025,1,probe_timetable
210.262,0.0228,1,probe_payment
210.506,0.0255,1,probe_student
210.508,0.0291,1,probe_records
210.509,0.0306,1,probe_timetable
210.51,0.024,1,probe_payment
210.754,0.0184,1,probe_student
210.755,0.0246,1,probe_records
210.756,0.0282,1,probe_timetable
210.757,0.0252,1,probe_payment
211.005,0.0261,1,probe_student
211.006,0.0326,1,probe_records
211.007,0.0331,1,probe_timetable
211.008,0.0259,1,probe_payment
211.251,0.0171,1,probe_student
211.252,0.0212,1,probe_records
211.253,0.0253,1,probe_timetable
211.254,0.0223,1,probe_payment
211.517,0.0242,1,probe_student
211.519,0.0364,1,probe_records
211.52,0.034,1,probe_timetable
211.521,0.0257,1,probe_payment
211.766,0.0164,1,probe_student
211.768,0.0252,1,probe_records
211.769,0.0279,1,probe_timetable
211.771,0.0245,1,probe_payment
212.003,0.0308,1,probe_student
212.005,0.0364,1,probe_records
212.006,0.0366,1,probe_timetable
212.007,0.0287,1,probe_payment
212.251,0.0179,1,probe_student
212.252,0.0226,1,probe_records
212.253,0.0262,1,probe_timetable
212.254,0.0235,1,probe_payment
212.515,0.0342,1,probe_student
212.516,0.0404,1,probe_records
212.518,0.0372,1,probe_timetable
212.519,0.032,1,probe_payment
212.763,0.0179,1,probe_student
212.764,0.024,1,probe_records
212.766,0.027,1,probe_timetable
212.766,0.0246,1,probe_payment
213.012,0.0297,1,probe_student
213.013,0.0401,1,probe_records
213.015,0.0366,1,probe_timetable
213.016,0.0292,1,probe_payment
213.259,0.0169,1,probe_student
213.261,0.0222,1,probe_records
213.262,0.0252,1,probe_timetable
213.262,0.0226,1,probe_payment
213.509,0.0241,1,probe_student
213.509,0.0294,1,probe_records
213.51,0.0321,1,probe_timetable
213.511,0.0242,1,probe_payment
213.758,0.0179,1,probe_student
213.759,0.0245,1,probe_records
213.761,0.0296,1,probe_timetable
213.762,0.0242,1,probe_payment
214.007,0.0316,1,probe_student
214.008,0.0327,1,probe_records
214.009,0.0351,1,probe_timetable
214.01,0.0279,1,probe_payment
214.252,0.0167,1,probe_student
214.254,0.0234,1,probe_records
214.255,0.026,1,probe_timetable
214.256,0.0227,1,probe_payment
214.517,0.0353,1,probe_student
214.518,0.0369,1,probe_records
214.519,0.0372,1,probe_timetable
214.52,0.0246,1,probe_payment
214.762,0.0156,1,probe_student
214.764,0.0189,1,probe_records
214.765,0.0224,1,probe_timetable
214.766,0.019,1,probe_payment
215.013,0.0221,1,probe_student
215.014,0.0347,1,probe_records
215.015,0.0325,1,probe_timetable
215.016,0.0257,1,probe_payment
215.261,0.0175,1,probe_student
215.262,0.0221,1,probe_records
215.263,0.0251,1,probe_timetable
215.264,0.0221,1,probe_payment
215.512,0.0517,1,probe_student
215.513,0.0541,1,probe_records
215.514,0.0531,1,probe_timetable
215.514,0.0496,1,probe_payment
215.76,0.0169,1,probe_student
215.762,0.0203,1,probe_records
215.763,0.0234,1,probe_timetable
215.764,0.0211,1,probe_payment
216.008,0.0241,1,probe_student
216.008,0.031,1,probe_records
216.009,0.0307,1,probe_timetable
216.01,0.0231,1,probe_payment
216.255,0.0174,1,probe_student
216.256,0.0216,1,probe_records
216.257,0.0256,1,probe_timetable
216.258,0.0222,1,probe_payment
216.506,0.0245,1,probe_student
216.507,0.0336,1,probe_records
216.508,0.0342,1,probe_timetable
216.509,0.0257,1,probe_payment
216.756,0.0189,1,probe_student
216.758,0.0218,1,probe_records
216.758,0.0257,1,probe_timetable
216.759,0.0223,1,probe_payment
217.005,0.0261,1,probe_student
217.006,0.0345,1,probe_records
217.007,0.0331,1,probe_timetable
217.008,0.0258,1,probe_payment
217.252,0.0207,1,probe_student
217.254,0.026,1,probe_records
217.255,0.029,1,probe_timetable
217.257,0.0253,1,probe_payment
217.503,0.052,1,probe_student
217.504,0.0536,1,probe_records
217.505,0.0538,1,probe_timetable
217.506,0.0501,1,probe_payment
217.751,0.0181,1,probe_student
217.752,0.0231,1,probe_records
217.753,0.0263,1,probe_timetable
217.754,0.0232,1,probe_payment
218.017,0.0202,1,probe_student
218.018,0.0321,1,probe_records
218.019,0.0301,1,probe_timetable
218.02,0.0234,1,probe_payment
218.266,0.0184,1,probe_student
218.267,0.0226,1,probe_records
218.268,0.0248,1,probe_timetable
218.269,0.0227,1,probe_payment
218.516,0.0257,1,probe_student
218.517,0.0384,1,probe_records
218.519,0.0375,1,probe_timetable
218.521,0.0266,1,probe_payment
218.763,0.0174,1,probe_student
218.764,0.0232,1,probe_records
218.765,0.0269,1,probe_timetable
218.766,0.023,1,probe_payment
219.013,0.0242,1,probe_student
219.014,0.0314,1,probe_records
219.014,0.0333,1,probe_timetable
219.015,0.0245,1,probe_payment
219.258,0.0156,1,probe_student
219.26,0.0213,1,probe_records
219.26,0.0248,1,probe_timetable
219.261,0.022,1,probe_payment
219.506,0.0224,1,probe_student
219.507,0.0352,1,probe_records
219.508,0.034,1,probe_timetable
219.509,0.0246,1,probe_payment
219.754,0.018,1,probe_student
219.756,0.0221,1,probe_records
219.756,0.0272,1,probe_timetable
219.757,0.0241,1,probe_payment
220.005,0.0231,1,probe_student
220.006,0.0343,1,probe_records
220.007,0.0331,1,probe_timetable
220.008,0.0231,1,probe_payment
220.265,0.0183,1,probe_student
220.267,0.0233,1,probe_records
220.268,0.0274,1,probe_timetable
220.27,0.0236,1,probe_payment
220.515,0.0336,1,probe_student
220.517,0.0422,1,probe_records
220.519,0.0436,1,probe_timetable
220.52,0.0323,1,probe_payment
220.759,0.0191,1,probe_student
220.76,0.0254,1,probe_records
220.761,0.0295,1,probe_timetable
220.763,0.0261,1,probe_payment
221.009,0.025,1,probe_student
221.01,0.0398,1,probe_records
221.011,0.0505,1,probe_timetable
221.012,0.048,1,probe_payment
221.257,0.0176,1,probe_student
221.258,0.022,1,probe_records
221.259,0.0261,1,probe_timetable
221.26,0.0231,1,probe_payment
221.507,0.0251,1,probe_student
221.508,0.0308,1,probe_records
221.508,0.0321,1,probe_timetable
221.509,0.0254,1,probe_payment
221.756,0.0169,1,probe_student
221.757,0.0239,1,probe_records
221.758,0.027,1,probe_timetable
221.758,0.025,1,probe_payment
222.008,0.0237,1,probe_student
222.008,0.033,1,probe_records
222.009,0.0337,1,probe_timetable
222.009,0.0273,1,probe_payment
222.254,0.0176,1,probe_student
222.255,0.0236,1,probe_records
222.255,0.0273,1,probe_timetable
222.256,0.024,1,probe_payment
222.504,0.0294,1,probe_student
222.506,0.0335,1,probe_records
222.507,0.0356,1,probe_timetable
222.509,0.0269,1,probe_payment
222.751,0.0178,1,probe_student
222.752,0.0231,1,probe_records
222.753,0.0261,1,probe_timetable
222.754,0.0228,1,probe_payment
223.016,0.028,1,probe_student
223.017,0.0347,1,probe_records
223.018,0.0326,1,probe_timetable
223.019,0.0266,1,probe_payment
223.264,0.0171,1,probe_student
223.265,0.0237,1,probe_records
223.266,0.0275,1,probe_timetable
223.268,0.0233,1,probe_payment
223.516,0.0273,1,probe_student
223.516,0.0351,1,probe_records
223.517,0.0351,1,probe_timetable
223.519,2.065,0,probe_payment
223.764,0.0167,1,probe_student
223.765,0.0234,1,probe_records
223.766,0.0249,1,probe_timetable
223.767,2.0658,0,probe_payment
224.014,0.0232,1,probe_student
224.015,0.034,1,probe_records
224.016,0.034,1,probe_timetable
224.016,2.0654,0,probe_payment
224.263,0.0181,1,probe_student
224.264,0.0196,1,probe_records
224.265,0.0238,1,probe_timetable
224.265,2.0732,0,probe_payment
224.514,0.0196,1,probe_student
224.514,0.0326,1,probe_records
224.515,0.0305,1,probe_timetable
224.516,2.0659,0,probe_payment
224.759,0.018,1,probe_student
224.761,0.0229,1,probe_records
224.762,0.026,1,probe_timetable
224.763,2.05,0,probe_payment
225.005,0.024,1,probe_student
225.006,0.0397,1,probe_records
225.007,0.0402,1,probe_timetable
225.008,2.0678,0,probe_payment
225.254,0.0174,1,probe_student
225.255,0.0246,1,probe_records
225.256,0.0281,1,probe_timetable
225.257,2.0665,0,probe_payment
225.505,0.0253,1,probe_student
225.506,0.0379,1,probe_records
225.507,0.0373,1,probe_timetable
225.508,2.0665,0,probe_payment
225.752,0.0166,1,probe_student
225.753,0.0285,1,probe_records
225.754,0.0302,1,probe_timetable
225.755,2.0656,0,probe_payment
226.005,0.0249,1,probe_student
226.006,0.0309,1,probe_records
226.007,2.0637,0,probe_timetable
226.007,2.0631,0,probe_payment
226.251,0.0195,1,probe_student
226.252,0.0263,1,probe_records
226.253,2.0674,0,probe_timetable
226.254,2.0658,0,probe_payment
226.516,0.0207,1,probe_student
226.517,0.0306,1,probe_records
226.518,2.0644,0,probe_timetable
226.519,2.0637,0,probe_payment
226.765,0.0182,1,probe_student
226.767,0.0255,1,probe_records
226.768,2.0651,0,probe_timetable
226.77,2.0639,0,probe_payment
227.014,0.0316,1,probe_student
227.015,0.0321,1,probe_records
227.017,2.0782,0,probe_timetable
227.018,2.0764,0,probe_payment
227.258,0.0162,1,probe_student
227.26,0.0239,1,probe_records
227.261,2.0646,0,probe_timetable
227.262,2.0758,1,probe_payment
227.51,0.0239,1,probe_student
227.511,0.0327,1,probe_records
227.512,2.0736,0,probe_timetable
227.513,2.0629,1,probe_payment
227.755,0.0182,1,probe_student
227.756,0.0235,1,probe_records
227.758,2.0598,0,probe_timetable
227.759,1.5545,1,probe_payment
228.005,0.0357,1,probe_student
228.006,0.0377,1,probe_records
228.007,2.0755,0,probe_timetable
228.008,1.5561,1,probe_payment
228.252,0.0172,1,probe_student
228.253,0.0227,1,probe_records
228.254,2.0629,0,probe_timetable
228.255,1.0441,1,probe_payment
228.504,0.0257,1,probe_student
228.505,0.037,1,probe_records
228.506,2.0715,0,probe_timetable
228.507,1.0407,1,probe_payment
228.766,0.0179,1,probe_student
228.767,0.0246,1,probe_records
228.768,2.0565,0,probe_timetable
228.77,0.5296,1,probe_payment
229.013,0.0275,1,probe_student
229.014,0.0379,1,probe_records
229.016,2.0771,0,probe_timetable
229.017,0.5442,1,probe_payment
229.259,0.0146,1,probe_student
229.26,0.0226,1,probe_records
229.261,2.0592,0,probe_timetable
229.262,0.022,1,probe_payment
229.507,0.0513,1,probe_student
229.509,0.0407,1,probe_records
229.511,2.0757,0,probe_timetable
229.512,0.0252,1,probe_payment
229.752,0.0228,1,probe_student
229.753,0.0284,1,probe_records
229.755,2.0496,0,probe_timetable
229.757,0.0282,1,probe_payment
230.004,0.0243,1,probe_student
230.005,0.0359,1,probe_records
230.007,4.1373,0,probe_timetable
230.008,0.0262,1,probe_payment
230.253,2.0511,0,probe_student
230.254,2.0721,0,probe_records
230.255,4.1241,0,probe_timetable
230.256,0.0273,1,probe_payment
230.515,2.0533,0,probe_student
230.516,2.0801,0,probe_records
230.518,3.6276,0,probe_timetable
230.519,0.0265,1,probe_payment
230.759,2.0415,0,probe_student
230.76,2.0639,0,probe_records
230.761,3.612,0,probe_timetable
230.762,0.0254,1,probe_payment
231.009,2.053,0,probe_student
231.01,2.0764,0,probe_records
231.011,3.1211,0,probe_timetable
231.013,0.0285,1,probe_payment
231.256,2.0566,0,probe_student
231.257,2.0777,0,probe_records
231.258,3.1166,0,probe_timetable
231.259,0.0222,1,probe_payment
231.505,2.0719,0,probe_student
231.505,2.0946,0,probe_records
231.506,2.6371,0,probe_timetable
231.507,0.0363,1,probe_payment
231.755,2.0552,0,probe_student
231.756,2.0771,0,probe_records
231.758,2.5948,0,probe_timetable
231.759,0.0267,1,probe_payment
232.006,2.069,0,probe_student
232.007,2.0915,0,probe_records
232.008,2.1246,0,probe_timetable
232.01,0.0374,1,probe_payment
232.253,2.0574,0,probe_student
232.255,2.0967,0,probe_records
232.256,2.0745,0,probe_timetable
232.257,0.0239,1,probe_payment
232.504,2.0682,0,probe_student
232.505,2.0928,0,probe_records
232.506,2.0904,0,probe_timetable
232.507,0.0373,1,probe_payment
232.751,2.0529,0,probe_student
232.753,2.0737,0,probe_records
232.754,2.0746,0,probe_timetable
232.755,0.0232,1,probe_payment
233.014,2.0733,0,probe_student
233.015,2.0934,0,probe_records
233.016,2.0779,0,probe_timetable
233.018,0.0244,1,probe_payment
233.261,2.0576,0,probe_student
233.262,2.0793,0,probe_records
233.266,2.0607,0,probe_timetable
233.267,0.0249,1,probe_payment
233.511,2.0688,0,probe_student
233.512,2.0962,0,probe_records
233.514,2.0959,0,probe_timetable
233.516,0.0274,1,probe_payment
233.76,2.0531,0,probe_student
233.761,2.0802,0,probe_records
233.762,2.0749,0,probe_timetable
233.763,0.0221,1,probe_payment
234.011,2.1014,1,probe_student
234.012,2.1058,1,probe_records
234.013,2.1019,1,probe_timetable
234.014,0.0272,1,probe_payment
234.261,2.0825,1,probe_student
234.262,2.0943,1,probe_records
234.263,2.0903,1,probe_timetable
234.265,0.0272,1,probe_payment
234.503,1.5774,1,probe_student
234.504,1.6018,1,probe_records
234.505,1.6032,1,probe_timetable
234.507,0.0291,1,probe_payment
234.751,1.5737,1,probe_student
234.753,1.5816,1,probe_records
234.755,1.5823,1,probe_timetable
234.756,0.0262,1,probe_payment
235.005,1.0616,1,probe_student
235.006,1.0922,1,probe_records
235.007,1.0998,1,probe_timetable
235.008,0.0248,1,probe_payment
235.253,1.0696,1,probe_student
235.254,1.081,1,probe_records
235.255,1.0826,1,probe_timetable
235.257,2.0665,0,probe_payment
235.517,0.5519,1,probe_student
235.519,0.584,1,probe_records
235.52,0.579,1,probe_timetable
235.522,2.0507,0,probe_payment
235.763,0.5608,1,probe_student
235.764,0.551,1,probe_records
235.766,0.5526,1,probe_timetable
235.768,2.0515,0,probe_payment
236.014,0.0259,1,probe_student
236.015,0.0472,1,probe_records
236.016,0.0716,1,probe_timetable
236.017,2.0646,0,probe_payment
236.259,0.0228,1,probe_student
236.262,0.0375,1,probe_records
236.264,0.0474,1,probe_timetable
236.266,2.0631,0,probe_payment
236.515,0.0387,1,probe_student
236.517,0.0489,1,probe_records
236.52,0.0497,1,probe_timetable
236.523,2.0725,0,probe_payment
236.763,0.0254,1,probe_student
236.765,0.0421,1,probe_records
236.767,0.0431,1,probe_timetable
236.769,2.0737,0,probe_payment
237.014,0.0375,1,probe_student
237.016,0.0473,1,probe_records
237.018,0.0474,1,probe_timetable
237.02,2.0715,0,probe_payment
237.257,0.026,1,probe_student
237.259,0.0356,1,probe_records
237.261,0.0363,1,probe_timetable
237.263,2.0763,0,probe_payment
237.507,0.0374,1,probe_student
237.509,0.0475,1,probe_records
237.511,0.0479,1,probe_timetable
237.513,2.0748,0,probe_payment
237.753,0.0207,1,probe_student
237.755,0.0329,1,probe_records
237.756,0.0359,1,probe_timetable
237.758,2.077,0,probe_payment
238.016,0.0306,1,probe_student
238.017,0.0457,1,probe_records
238.018,0.0423,1,probe_timetable
238.02,2.0676,0,probe_payment
238.264,0.0219,1,probe_student
238.266,0.0304,1,probe_records
238.268,2.0662,0,probe_timetable
238.27,2.0646,0,probe_payment
238.515,0.037,1,probe_student
238.517,0.0457,1,probe_records
238.518,2.0764,0,probe_timetable
238.52,2.0735,0,probe_payment
238.76,0.0261,1,probe_student
238.762,0.0355,1,probe_records
238.764,2.0809,0,probe_timetable
238.765,2.0753,0,probe_payment
239.011,0.0285,1,probe_student
239.013,0.0395,1,probe_records
239.014,2.0833,0,probe_timetable
239.016,2.0801,1,probe_payment
239.258,0.0205,1,probe_student
239.26,0.0313,1,probe_records
239.261,2.0647,0,probe_timetable
239.262,2.0949,1,probe_payment
239.507,0.0289,1,probe_student
239.509,0.039,1,probe_records
239.51,2.069,0,probe_timetable
239.512,1.5831,1,probe_payment
239.754,0.0255,1,probe_student
239.755,0.0335,1,probe_records
239.757,2.0691,0,probe_timetable
239.758,1.6011,1,probe_payment
240.003,0.0302,1,probe_student
240.005,0.0423,1,probe_records
240.008,2.0662,0,probe_timetable
240.01,1.0834,1,probe_payment
240.265,0.026,1,probe_student
240.267,0.0363,1,probe_records
240.269,2.0642,0,probe_timetable
240.271,1.0618,1,probe_payment
240.514,0.032,1,probe_student
240.515,0.0448,1,probe_records
240.517,2.062,0,probe_timetable
240.519,0.5796,1,probe_payment
240.758,0.0248,1,probe_student
240.759,0.031,1,probe_records
240.761,2.0652,0,probe_timetable
240.763,0.5481,1,probe_payment
241.008,0.0394,1,probe_student
241.01,0.0427,1,probe_records
241.011,2.0785,0,probe_timetable
241.012,0.5592,1,probe_payment
241.252,0.025,1,probe_student
241.255,0.0327,1,probe_records
241.256,2.0664,0,probe_timetable
241.257,0.0346,1,probe_payment
241.515,0.0349,1,probe_student
241.518,0.0573,1,probe_records
241.52,2.0796,0,probe_timetable
241.522,0.0421,1,probe_payment
241.759,0.0213,1,probe_student
241.762,0.0281,1,probe_records
241.763,2.069,0,probe_timetable
241.765,0.0277,1,probe_payment
242.009,0.0308,1,probe_student
242.011,0.0411,1,probe_records
242.013,2.0803,0,probe_timetable
242.015,0.0294,1,probe_payment
242.253,0.0203,1,probe_student
242.254,0.0311,1,probe_records
242.256,2.0803,1,probe_timetable
242.258,0.0301,1,probe_payment
242.516,0.0542,1,probe_student
242.518,0.0469,1,probe_records
242.52,2.0732,1,probe_timetable
242.522,0.0489,1,probe_payment
242.751,0.0206,1,probe_student
242.753,0.0298,1,probe_records
242.755,1.5703,1,probe_timetable
242.756,0.0286,1,probe_payment
243.011,0.0348,1,probe_student
243.012,0.0457,1,probe_records
243.015,1.5806,1,probe_timetable
243.017,0.0367,1,probe_payment
243.256,0.0201,1,probe_student
243.257,0.0319,1,probe_records
243.26,1.0631,1,probe_timetable
243.262,0.0294,1,probe_payment
243.504,0.035,1,probe_student
243.507,0.0487,1,probe_records
243.509,1.0875,1,probe_timetable
243.511,0.0352,1,probe_payment
243.751,0.0217,1,probe_student
243.753,0.0278,1,probe_records
243.755,0.5558,1,probe_timetable
243.757,0.026,1,probe_payment
244.014,0.0335,1,probe_student
244.015,0.0457,1,probe_records
244.017,0.5511,1,probe_timetable
244.018,0.0338,1,probe_payment
244.262,0.0183,1,probe_student
244.264,0.0293,1,probe_records
244.265,0.0525,1,probe_timetable
244.267,0.0305,1,probe_payment
244.513,0.0352,1,probe_student
244.514,0.0371,1,probe_records
244.516,0.0399,1,probe_timetable
244.517,0.032,1,probe_payment
244.758,0.0221,1,probe_student
244.759,0.0313,1,probe_records
244.76,0.036,1,probe_timetable
244.762,0.0354,1,probe_payment
245.009,0.0406,1,probe_student
245.011,0.0447,1,probe_records
245.013,0.0456,1,probe_timetable
245.014,0.0324,1,probe_payment
245.251,0.0204,1,probe_student
245.253,0.0316,1,probe_records
245.254,0.0314,1,probe_timetable
245.256,0.0321,1,probe_payment
245.517,0.0284,1,probe_student
245.519,0.0443,1,probe_records
245.52,0.0409,1,probe_timetable
245.522,0.0261,1,probe_payment
245.76,0.0221,1,probe_student
245.762,0.0298,1,probe_records
245.763,0.0317,1,probe_timetable
245.764,0.0322,1,probe_payment
246.011,0.0535,1,probe_student
246.012,0.0467,1,probe_records
246.014,0.0427,1,probe_timetable
246.015,0.0484,1,probe_payment
246.256,0.021,1,probe_student
246.258,0.029,1,probe_records
246.26,0.0315,1,probe_timetable
246.261,0.0279,1,probe_payment
246.507,0.0284,1,probe_student
246.508,0.0448,1,probe_records
246.51,0.0424,1,probe_timetable
246.511,0.0266,1,probe_payment
246.755,0.0176,1,probe_student
246.757,0.026,1,probe_records
246.758,0.0291,1,probe_timetable
246.759,0.0255,1,probe_payment
247.005,0.0539,1,probe_student
247.006,0.0575,1,probe_records
247.007,0.0559,1,probe_timetable
247.008,0.0526,1,probe_payment
247.254,0.0181,1,probe_student
247.255,0.0251,1,probe_records
247.256,0.0282,1,probe_timetable
247.257,0.0256,1,probe_payment
247.504,0.0244,1,probe_student
247.505,0.0354,1,probe_records
247.506,0.0359,1,probe_timetable
247.507,0.0231,1,probe_payment
247.765,0.032,1,probe_student
247.766,0.0221,1,probe_records
247.767,0.0246,1,probe_timetable
247.769,0.0255,1,probe_payment
248.017,0.0258,1,probe_student
248.018,0.0371,1,probe_records
248.019,0.0369,1,probe_timetable
248.02,0.0287,1,probe_payment
248.264,0.0218,1,probe_student
248.266,0.0309,1,probe_records
248.267,0.0335,1,probe_timetable
248.268,0.0301,1,probe_payment
248.515,0.0429,1,probe_student
248.517,0.0421,1,probe_records
248.518,0.0361,1,probe_timetable
248.519,0.0383,1,probe_payment
248.767,0.0178,1,probe_student
248.768,0.025,1,probe_records
248.769,0.0281,1,probe_timetable
248.77,0.0245,1,probe_payment
249.018,0.0566,1,probe_student
249.019,0.0579,1,probe_records
249.02,0.0564,1,probe_timetable
249.021,0.0491,1,probe_payment
249.265,0.0182,1,probe_student
249.267,0.0243,1,probe_records
249.268,0.0273,1,probe_timetable
249.27,0.0239,1,probe_payment
249.513,0.0233,1,probe_student
249.513,0.0344,1,probe_records
249.514,0.0353,1,probe_timetable
249.515,0.0276,1,probe_payment
249.761,0.0184,1,probe_student
249.763,0.0209,1,probe_records
249.764,0.0242,1,probe_timetable
249.765,0.0207,1,probe_payment
250.01,0.0272,1,probe_student
250.011,0.0394,1,probe_records
250.012,0.0373,1,probe_timetable
250.013,0.0295,1,probe_payment
250.258,0.0159,1,probe_student
250.259,0.0223,1,probe_records
250.26,0.0248,1,probe_timetable
250.26,0.0227,1,probe_payment
250.507,0.0237,1,probe_student
250.508,0.0354,1,probe_records
250.509,0.0362,1,probe_timetable
250.51,0.0259,1,probe_payment
250.755,0.0183,1,probe_student
250.756,0.0227,1,probe_records
250.757,0.0264,1,probe_timetable
250.759,0.0235,1,probe_payment
251.003,0.025,1,probe_student
251.004,0.0334,1,probe_records
251.005,0.034,1,probe_timetable
251.006,0.0253,1,probe_payment
251.251,0.0174,1,probe_student
251.252,0.0228,1,probe_records
251.253,0.0272,1,probe_timetable
251.254,0.0247,1,probe_payment
251.502,0.0239,1,probe_student
251.503,0.0541,1,probe_records
251.504,0.0528,1,probe_timetable
251.505,0.0483,1,probe_payment
251.763,0.0164,1,probe_student
251.764,0.0239,1,probe_records
251.765,0.027,1,probe_timetable
251.766,0.0237,1,probe_payment
252.011,0.0225,1,probe_student
252.012,0.0337,1,probe_records
252.013,0.0335,1,probe_timetable
252.014,0.0238,1,probe_payment
252.255,0.0178,1,probe_student
252.256,0.0233,1,probe_records
252.257,0.0265,1,probe_timetable
252.259,0.0235,1,probe_payment
252.505,0.0245,1,probe_student
252.506,0.035,1,probe_records
252.507,0.0353,1,probe_timetable
252.508,0.0256,1,probe_payment
252.754,0.0164,1,probe_student
252.755,0.0226,1,probe_records
252.756,0.0265,1,probe_timetable
252.757,0.0238,1,probe_payment
253.004,0.0266,1,probe_student
253.004,0.0335,1,probe_records
253.005,0.0356,1,probe_timetable
253.006,0.0264,1,probe_payment
253.253,0.0163,1,probe_student
253.254,0.0246,1,probe_records
253.255,0.0269,1,probe_timetable
253.256,0.0243,1,probe_payment
253.518,0.0381,1,probe_student
253.519,0.0339,1,probe_records
253.519,0.0336,1,probe_timetable
253.52,0.0352,1,probe_payment
253.753,0.5181,0,probe_student
253.754,0.5172,0,probe_records
253.756,0.5153,0,probe_timetable
253.757,0.5146,0,probe_payment
254.003,0.5191,0,probe_student
254.004,0.5186,0,probe_records
254.006,0.5178,0,probe_timetable
254.007,0.5172,0,probe_payment
254.266,0.5055,0,probe_student
254.267,0.5048,0,probe_records
254.268,0.5048,0,probe_timetable
254.268,0.5048,0,probe_payment
254.517,0.5119,0,probe_student
254.518,0.5116,0,probe_records
254.519,0.511,0,probe_timetable
254.52,0.5105,0,probe_payment
254.764,0.5136,0,probe_student
254.765,0.5129,0,probe_records
254.766,0.5122,0,probe_timetable
254.767,0.5113,0,probe_payment
255.013,0.5156,0,probe_student
255.014,0.5146,0,probe_records
255.015,0.5139,0,probe_timetable
255.017,0.5125,0,probe_payment
255.261,0.5073,0,probe_student
255.262,0.5065,0,probe_records
255.263,0.5061,0,probe_timetable
255.264,0.5058,0,probe_payment
255.512,0.5068,0,probe_student
255.513,0.5062,0,probe_records
255.514,0.5058,0,probe_timetable
255.515,0.5054,0,probe_payment
255.759,0.5131,0,probe_student
255.761,0.5124,0,probe_records
255.762,0.5114,0,probe_timetable
255.763,0.5106,0,probe_payment
256.01,0.5121,0,probe_student
256.011,0.5112,0,probe_records
256.013,0.5102,0,probe_timetable
256.014,0.5098,0,probe_payment
256.256,0.508,0,probe_student
256.257,0.507,0,probe_records
256.259,0.5059,0,probe_timetable
256.261,0.5044,0,probe_payment
256.507,0.5147,0,probe_student
256.508,0.5139,0,probe_records
256.509,0.5133,0,probe_timetable
256.51,0.5129,0,probe_payment
256.755,0.515,0,probe_student
256.756,0.514,0,probe_records
256.758,0.5132,0,probe_timetable
256.761,0.5105,0,probe_payment
257.005,0.5105,0,probe_student
257.006,0.51,0,probe_records
257.007,0.5094,0,probe_timetable
257.008,0.5089,0,probe_payment
257.254,0.5078,0,probe_student
257.255,0.5069,0,probe_records
257.257,0.5054,0,probe_timetable
257.259,0.5043,0,probe_payment
257.506,0.5145,0,probe_student
257.508,0.514,0,probe_records
257.51,0.5123,0,probe_timetable
257.511,0.5115,0,probe_payment
257.753,0.5206,0,probe_student
257.756,0.5189,0,probe_records
257.757,0.5184,0,probe_timetable
257.758,0.5178,0,probe_payment
258.005,0.5176,0,probe_student
258.006,0.5174,0,probe_records
258.007,0.5167,0,probe_timetable
258.009,0.5155,0,probe_payment
258.267,0.5093,0,probe_student
258.268,0.5086,0,probe_records
258.27,0.5072,0,probe_timetable
258.271,0.5066,0,probe_payment
258.516,0.5074,0,probe_student
258.517,0.5064,0,probe_records
258.519,0.5059,0,probe_timetable
258.52,0.5055,0,probe_payment
258.759,0.5124,0,probe_student
258.762,0.5092,0,probe_records
258.764,0.5084,0,probe_timetable
258.765,0.5075,0,probe_payment
259.007,0.5158,0,probe_student
259.008,0.5145,0,probe_records
259.011,0.5128,0,probe_timetable
259.013,0.5113,0,probe_payment
259.255,0.5112,0,probe_student
259.256,0.5112,0,probe_records
259.257,0.511,0,probe_timetable
259.258,0.5106,0,probe_payment
259.506,0.0473,1,probe_student
259.508,0.0726,1,probe_records
259.509,0.0702,1,probe_timetable
259.511,0.0439,1,probe_payment
259.756,0.0185,1,probe_student
259.758,0.0252,1,probe_records
259.759,0.0284,1,probe_timetable
259.76,0.0248,1,probe_payment
260.008,0.0292,1,probe_student
260.009,0.0397,1,probe_records
260.013,0.0348,1,probe_timetable
260.014,0.027,1,probe_payment
260.253,0.014,1,probe_student
260.254,0.0188,1,probe_records
260.255,0.0205,1,probe_timetable
260.256,0.0191,1,probe_payment
260.517,0.0356,1,probe_student
260.518,0.0368,1,probe_records
260.519,0.0363,1,probe_timetable
260.52,0.0316,1,probe_payment
260.751,0.0134,1,probe_student
260.753,0.0208,1,probe_records
260.754,0.0217,1,probe_timetable
260.755,0.0164,1,probe_payment
261.015,0.0503,1,probe_student
261.016,0.0523,1,probe_records
261.017,0.0511,1,probe_timetable
261.018,0.0478,1,probe_payment
261.259,0.0134,1,probe_student
261.26,0.019,1,probe_records
261.262,0.0194,1,probe_timetable
261.263,0.0151,1,probe_payment
261.509,0.0496,1,probe_student
261.51,0.0517,1,probe_records
261.511,0.0517,1,probe_timetable
261.512,0.0485,1,probe_payment
261.755,0.0156,1,probe_student
261.756,0.0217,1,probe_records
261.757,0.0219,1,probe_timetable
261.758,0.0181,1,probe_payment
262.005,0.0389,1,probe_student
262.006,0.0402,1,probe_records
262.007,0.0336,1,probe_timetable
262.007,0.0379,1,probe_payment
262.253,0.0169,1,probe_student
262.254,0.02,1,probe_records
262.255,0.0238,1,probe_timetable
262.256,0.0204,1,probe_payment
262.517,0.0255,1,probe_student
262.518,0.0401,1,probe_records
262.519,0.0373,1,probe_timetable
262.52,0.0275,1,probe_payment
262.763,0.0182,1,probe_student
262.764,0.0229,1,probe_records
262.764,0.0259,1,probe_timetable
262.765,0.0234,1,probe_payment
263.012,0.0278,1,probe_student
263.013,0.0292,1,probe_records
263.014,0.0307,1,probe_timetable
263.015,0.0244,1,probe_payment
263.26,0.015,1,probe_student
263.262,0.0221,1,probe_records
263.262,0.0245,1,probe_timetable
263.263,0.0219,1,probe_payment
263.509,0.0257,1,probe_student
263.51,0.0329,1,probe_records
263.511,0.0338,1,probe_timetable
263.512,0.0266,1,probe_payment
263.756,0.0161,1,probe_student
263.758,0.0235,1,probe_records
263.759,0.025,1,probe_timetable
263.76,0.0228,1,probe_payment
264.005,0.022,1,probe_student
264.006,0.0356,1,probe_records
264.006,0.0345,1,probe_timetable
264.007,0.0243,1,probe_payment
264.252,0.0163,1,probe_student
264.253,0.0256,1,probe_records
264.254,0.0283,1,probe_timetable
264.255,0.0258,1,probe_payment
264.513,0.0364,1,probe_student
264.514,0.0381,1,probe_records
264.516,0.0373,1,probe_timetable
264.517,0.0236,1,probe_payment
264.758,0.015,1,probe_student
264.76,0.0242,1,probe_records
264.76,0.0249,1,probe_timetable
264.761,0.021,1,probe_payment
265.01,0.0229,1,probe_student
265.01,0.031,1,probe_records
265.011,0.0306,1,probe_timetable
265.012,0.0231,1,probe_payment
265.257,0.0145,1,probe_student
265.258,0.0197,1,probe_records
265.259,0.0231,1,probe_timetable
265.26,0.0206,1,probe_payment
265.506,0.037,1,probe_student
265.507,0.0277,1,probe_records
265.507,0.0334,1,probe_timetable
265.508,0.034,1,probe_payment
265.752,0.017,1,probe_student
265.754,0.0247,1,probe_records
265.754,0.0295,1,probe_timetable
265.756,0.0254,1,probe_payment
266.017,0.0211,1,probe_student
266.018,0.0324,1,probe_records
266.019,0.0297,1,probe_timetable
266.02,0.0229,1,probe_payment
266.264,0.0177,1,probe_student
266.265,0.0242,1,probe_records
266.266,0.028,1,probe_timetable
266.268,0.0233,1,probe_payment
266.514,0.0247,1,probe_student
266.515,0.0325,1,probe_records
266.517,0.0324,1,probe_timetable
266.518,0.0243,1,probe_payment
266.76,0.016,1,probe_student
266.761,0.0222,1,probe_records
266.762,0.0251,1,probe_timetable
266.763,0.0218,1,probe_payment
267.009,0.0372,1,probe_student
267.01,0.0386,1,probe_records
267.011,0.0382,1,probe_timetable
267.012,0.0332,1,probe_payment
267.259,0.0148,1,probe_student
267.26,0.0238,1,probe_records
267.261,0.0265,1,probe_timetable
267.262,0.0239,1,probe_payment
267.507,0.0411,1,probe_student
267.508,0.043,1,probe_records
267.51,0.0411,1,probe_timetable
267.511,0.0351,1,probe_payment
267.759,0.0127,1,probe_student
267.76,0.0228,1,probe_records
267.761,0.0261,1,probe_timetable
267.762,0.0235,1,probe_payment
268.011,0.0224,1,probe_student
268.012,0.0361,1,probe_records
268.013,0.0367,1,probe_timetable
268.014,0.0289,1,probe_payment
268.26,0.0158,1,probe_student
268.261,0.0222,1,probe_records
268.262,0.0254,1,probe_timetable
268.263,0.022,1,probe_payment
268.511,0.0253,1,probe_student
268.512,0.0349,1,probe_records
268.513,0.032,1,probe_timetable
268.514,0.0241,1,probe_payment
268.759,0.0149,1,probe_student
268.76,0.0212,1,probe_records
268.761,0.0237,1,probe_timetable
268.762,0.0212,1,probe_payment
269.009,0.0241,1,probe_student
269.01,0.0368,1,probe_records
269.011,0.0354,1,probe_timetable
269.012,0.0265,1,probe_payment
269.256,0.015,1,probe_student
269.257,0.0222,1,probe_records
269.258,0.025,1,probe_timetable
269.259,0.0215,1,probe_payment
269.507,0.0534,1,probe_student
269.508,0.0562,1,probe_records
269.509,0.054,1,probe_timetable
269.51,0.0489,1,probe_payment
269.755,0.0152,1,probe_student
269.756,0.0211,1,probe_records
269.757,0.0243,1,probe_timetable
269.758,0.0211,1,probe_payment
270.004,0.0211,1,probe_student
270.004,0.0303,1,probe_records
270.005,0.0329,1,probe_timetable
270.006,0.0258,1,probe_payment
270.251,0.0137,1,probe_student
270.252,0.021,1,probe_records
270.253,0.0247,1,probe_timetable
270.254,0.0216,1,probe_payment
270.503,0.0284,1,probe_student
270.504,0.0377,1,probe_records
270.505,0.036,1,probe_timetable
270.506,0.0272,1,probe_payment
270.752,0.0161,1,probe_student
270.754,0.0232,1,probe_records
270.755,0.0253,1,probe_timetable
270.756,0.0226,1,probe_payment
271.003,0.0235,1,probe_student
271.004,0.0323,1,probe_records
271.004,0.0333,1,probe_timetable
271.005,0.0266,1,probe_payment
271.252,0.0165,1,probe_student
271.254,0.0212,1,probe_records
271.255,0.0254,1,probe_timetable
271.256,0.0213,1,probe_payment
271.517,0.0268,1,probe_student
271.518,0.0401,1,probe_records
271.519,0.0401,1,probe_timetable
271.52,0.0264,1,probe_payment
271.75,0.0161,1,probe_student
271.752,0.0298,1,probe_records
271.754,0.0256,1,probe_timetable
271.755,0.0207,1,probe_payment
272.017,0.0274,1,probe_student
272.018,0.0347,1,probe_records
272.019,0.0351,1,probe_timetable
272.02,0.0271,1,probe_payment
272.262,0.0156,1,probe_student
272.264,0.0241,1,probe_records
272.265,0.0262,1,probe_timetable
272.266,0.0235,1,probe_payment
272.512,0.0234,1,probe_student
272.513,0.0349,1,probe_records
272.514,0.036,1,probe_timetable
272.515,0.0251,1,probe_payment
272.761,0.0156,1,probe_student
272.762,0.0212,1,probe_records
272.763,0.0249,1,probe_timetable
272.764,0.0228,1,probe_payment
273.011,0.0231,1,probe_student
273.012,0.0348,1,probe_records
273.012,0.0348,1,probe_timetable
273.013,0.0239,1,probe_payment
273.26,0.0191,1,probe_student
273.261,0.0233,1,probe_records
273.262,0.0272,1,probe_timetable
273.264,0.0231,1,probe_payment
273.51,0.0245,1,probe_student
273.511,0.0321,1,probe_records
273.512,0.0323,1,probe_timetable
273.513,0.0243,1,probe_payment
273.757,0.3231,1,probe_student
273.758,0.356,1,probe_records
273.759,0.3513,1,probe_timetable
273.76,0.3161,1,probe_payment
274.007,0.0714,1,probe_student
274.009,0.1061,1,probe_records
274.01,0.0983,1,probe_timetable
274.011,0.0639,1,probe_payment
274.255,0.0179,1,probe_student
274.256,0.0224,1,probe_records
274.257,0.0263,1,probe_timetable
274.258,0.023,1,probe_payment
274.504,0.0372,1,probe_student
274.505,0.0405,1,probe_records
274.506,0.0407,1,probe_timetable
274.507,0.0311,1,probe_payment
274.766,0.0178,1,probe_student
274.768,0.0255,1,probe_records
274.769,0.029,1,probe_timetable
274.77,0.0258,1,probe_payment
275.004,0.0517,1,probe_student
275.005,0.055,1,probe_records
275.006,0.0546,1,probe_timetable
275.007,0.0252,1,probe_payment
275.252,0.0174,1,probe_student
275.254,0.0255,1,probe_records
275.255,0.0279,1,probe_timetable
275.256,0.0255,1,probe_payment
275.503,0.0299,1,probe_student
275.504,0.0384,1,probe_records
275.505,0.039,1,probe_timetable
275.506,0.0302,1,probe_payment
275.766,0.0173,1,probe_student
275.767,0.0226,1,probe_records
275.768,0.0244,1,probe_timetable
275.769,0.0219,1,probe_payment
276.013,0.0256,1,probe_student
276.014,0.0395,1,probe_records
276.015,0.0391,1,probe_timetable
276.016,0.0273,1,probe_payment
276.26,0.0224,1,probe_student
276.262,0.0274,1,probe_records
276.263,0.0311,1,probe_timetable
276.264,0.0279,1,probe_payment
276.514,0.0253,1,probe_student
276.515,0.0344,1,probe_records
276.516,0.0351,1,probe_timetable
276.517,0.0268,1,probe_payment
276.76,0.0166,1,probe_student
276.761,0.0258,1,probe_records
276.762,0.0281,1,probe_timetable
276.763,0.026,1,probe_payment
277.013,0.0246,1,probe_student
277.014,0.0369,1,probe_records
277.015,0.0344,1,probe_timetable
277.016,0.0284,1,probe_payment
277.258,0.0177,1,probe_student
277.26,0.0236,1,probe_records
277.262,0.0268,1,probe_timetable
277.263,0.0237,1,probe_payment
277.51,0.0245,1,probe_student
277.511,0.0364,1,probe_records
277.512,0.0367,1,probe_timetable
277.513,0.0279,1,probe_payment
277.756,0.0169,1,probe_student
277.757,0.0242,1,probe_records
277.758,0.0265,1,probe_timetable
277.759,0.0244,1,probe_payment
278.009,0.0533,1,probe_student
278.01,0.0555,1,probe_records
278.01,0.054,1,probe_timetable
278.011,0.0494,1,probe_payment
278.256,0.0172,1,probe_student
278.257,0.0215,1,probe_records
278.258,0.0249,1,probe_timetable
278.259,0.022,1,probe_payment
278.505,0.0264,1,probe_student
278.506,0.0315,1,probe_records
278.507,0.0333,1,probe_timetable
278.508,0.0256,1,probe_payment
278.751,0.0183,1,probe_student
278.753,0.0239,1,probe_records
278.754,0.0261,1,probe_timetable
278.755,0.0237,1,probe_payment
279.002,0.0376,1,probe_student
279.003,0.0384,1,probe_records
279.004,0.0387,1,probe_timetable
279.005,0.0332,1,probe_payment
279.254,0.0152,1,probe_student
279.255,0.0217,1,probe_records
279.256,0.0245,1,probe_timetable
279.257,0.0222,1,probe_payment
279.505,0.0239,1,probe_student
279.505,0.0303,1,probe_records
279.506,0.0332,1,probe_timetable
279.507,0.0273,1,probe_payment
279.755,0.0166,1,probe_student
279.755,0.0221,1,probe_records
279.756,0.0262,1,probe_timetable
279.757,0.0225,1,probe_payment
280.003,0.024,1,probe_student
280.003,0.0283,1,probe_records
280.005,0.0301,1,probe_timetable
280.006,0.0229,1,probe_payment
280.251,0.0178,1,probe_student
280.252,0.024,1,probe_records
280.254,0.027,1,probe_timetable
280.255,0.0238,1,probe_payment
280.515,0.0214,1,probe_student
280.516,0.033,1,probe_records
280.517,0.0329,1,probe_timetable
280.518,0.0252,1,probe_payment
280.763,0.0139,1,probe_student
280.764,0.0196,1,probe_records
280.765,0.0242,1,probe_timetable
280.766,0.0204,1,probe_payment
281.013,0.0316,1,probe_student
281.015,0.0372,1,probe_records
281.016,0.0353,1,probe_timetable
281.018,0.0278,1,probe_payment
281.261,0.0148,1,probe_student
281.262,0.0198,1,probe_records
281.263,0.022,1,probe_timetable
281.264,0.0194,1,probe_payment
281.511,0.0233,1,probe_student
281.512,0.0308,1,probe_records
281.513,0.0316,1,probe_timetable
281.515,0.0232,1,probe_payment
281.762,0.0156,1,probe_student
281.764,0.0241,1,probe_records
281.765,0.0256,1,probe_timetable
281.766,0.0233,1,probe_payment
282.014,0.0526,1,probe_student
282.015,0.0549,1,probe_records
282.016,0.0546,1,probe_timetable
282.017,0.0235,1,probe_payment
282.264,0.02,1,probe_student
282.266,0.0207,1,probe_records
282.267,0.0245,1,probe_timetable
282.268,0.0215,1,probe_payment
282.515,0.0234,1,probe_student
282.515,0.0323,1,probe_records
282.516,0.0321,1,probe_timetable
282.517,0.0233,1,probe_payment
282.763,0.019,1,probe_student
282.765,0.0218,1,probe_records
282.766,0.0289,1,probe_timetable
282.768,0.022,1,probe_payment
283.013,0.0209,1,probe_student
283.014,0.0337,1,probe_records
283.015,0.0316,1,probe_timetable
283.016,0.024,1,probe_payment
283.261,0.0207,1,probe_student
283.262,0.0249,1,probe_records
283.263,0.0295,1,probe_timetable
283.265,0.0248,1,probe_payment
283.512,0.0214,1,probe_student
283.513,0.0351,1,probe_records
283.514,0.0332,1,probe_timetable
283.515,0.0239,1,probe_payment
283.761,0.0162,1,probe_student
283.762,0.0199,1,probe_records
283.763,0.0233,1,probe_timetable
283.764,0.0199,1,probe_payment
284.01,0.0265,1,probe_student
284.011,0.0322,1,probe_records
284.012,0.0331,1,probe_timetable
284.013,0.0259,1,probe_payment
284.257,0.0157,1,probe_student
284.259,0.0199,1,probe_records
284.259,0.0229,1,probe_timetable
284.26,0.0205,1,probe_payment
284.504,0.0227,1,probe_student
284.505,0.0299,1,probe_records
284.506,0.0301,1,probe_timetable
284.507,0.0216,1,probe_payment
284.753,0.0169,1,probe_student
284.755,0.0204,1,probe_records
284.756,0.0247,1,probe_timetable
284.756,0.0207,1,probe_payment
285.003,0.0381,1,probe_student
285.004,0.039,1,probe_records
285.005,0.0386,1,probe_timetable
285.005,0.0332,1,probe_payment
285.264,0.0148,1,probe_student
285.265,0.0187,1,probe_records
285.266,0.022,1,probe_timetable
285.267,0.0189,1,probe_payment
285.514,0.026,1,probe_student
285.515,0.0326,1,probe_records
285.516,0.033,1,probe_timetable
285.517,0.0257,1,probe_payment
285.763,0.0181,1,probe_student
285.765,0.0198,1,probe_records
285.766,0.0235,1,probe_timetable
285.767,0.0197,1,probe_payment
286.009,0.0242,1,probe_student
286.011,0.0348,1,probe_records
286.012,0.0329,1,probe_timetable
286.013,0.0257,1,probe_payment
286.256,0.0144,1,probe_student
286.257,0.0195,1,probe_records
286.258,0.0231,1,probe_timetable
286.259,0.0198,1,probe_payment
286.504,0.0246,1,probe_student
286.505,0.034,1,probe_records
286.506,0.0339,1,probe_timetable
286.506,0.026,1,probe_payment
286.753,0.0139,1,probe_student
286.754,0.0175,1,probe_records
286.755,0.0206,1,probe_timetable
286.756,0.0179,1,probe_payment
287.017,0.0175,1,probe_student
287.018,0.0301,1,probe_records
287.018,0.0303,1,probe_timetable
287.019,0.0186,1,probe_payment
287.251,0.0167,1,probe_student
287.252,0.0264,1,probe_records
287.254,0.0264,1,probe_timetable
287.255,0.0236,1,probe_payment
287.504,0.0372,1,probe_student
287.504,0.0386,1,probe_records
287.505,0.0383,1,probe_timetable
287.506,0.0334,1,probe_payment
287.766,0.0161,1,probe_student
287.767,0.0205,1,probe_records
287.768,0.0246,1,probe_timetable
287.769,0.022,1,probe_payment
288.003,0.0192,1,probe_student
288.004,0.0307,1,probe_records
288.004,0.029,1,probe_timetable
288.005,0.0216,1,probe_payment
288.253,0.0167,1,probe_student
288.254,0.0193,1,probe_records
288.255,0.0216,1,probe_timetable
288.256,0.0192,1,probe_payment
288.517,0.0227,1,probe_student
288.518,0.0296,1,probe_records
288.519,0.0275,1,probe_timetable
288.519,0.0218,1,probe_payment
288.765,0.0149,1,probe_student
288.766,0.019,1,probe_records
288.767,0.0217,1,probe_timetable
288.768,0.019,1,probe_payment
289.001,0.0256,1,probe_student
289.002,0.0334,1,probe_records
289.003,0.034,1,probe_timetable
289.004,0.0254,1,probe_payment
289.264,0.018,1,probe_student
289.266,0.023,1,probe_records
289.267,0.0261,1,probe_timetable
289.268,0.023,1,probe_payment
289.514,0.0261,1,probe_student
289.515,0.0316,1,probe_records
289.516,0.0317,1,probe_timetable
289.518,0.025,1,probe_payment
289.762,0.0181,1,probe_student
289.764,0.0231,1,probe_records
289.766,0.0259,1,probe_timetable
289.767,0.0226,1,probe_payment
290.013,0.0253,1,probe_student
290.015,0.0335,1,probe_records
290.015,0.0341,1,probe_timetable
290.016,0.0245,1,probe_payment
290.261,0.0153,1,probe_student
290.262,0.0194,1,probe_records
290.263,0.0231,1,probe_timetable
290.264,0.0193,1,probe_payment
290.512,0.024,1,probe_student
290.513,0.0348,1,probe_records
290.515,0.0354,1,probe_timetable
290.516,0.0238,1,probe_payment
290.758,0.0183,1,probe_student
290.759,0.023,1,probe_records
290.761,0.028,1,probe_timetable
290.761,0.0245,1,probe_payment
291.01,0.0239,1,probe_student
291.011,0.0364,1,probe_records
291.012,0.0364,1,probe_timetable
291.013,0.0244,1,probe_payment
291.258,0.0175,1,probe_student
291.259,0.0224,1,probe_records
291.26,0.0264,1,probe_timetable
291.261,0.0234,1,probe_payment
291.508,0.0226,1,probe_student
291.509,0.0349,1,probe_records
291.51,0.0345,1,probe_timetable
291.511,0.0245,1,probe_payment
291.756,0.0188,1,probe_student
291.758,0.0234,1,probe_records
291.759,0.027,1,probe_timetable
291.76,0.0238,1,probe_payment
292.006,0.024,1,probe_student
292.007,0.0324,1,probe_records
292.008,0.0305,1,probe_timetable
292.009,0.0231,1,probe_payment
292.255,0.0152,1,probe_student
292.256,0.0223,1,probe_records
292.257,0.0259,1,probe_timetable
292.258,0.0226,1,probe_payment
292.508,0.0269,1,probe_student
292.509,0.0382,1,probe_records
292.51,0.0381,1,probe_timetable
292.511,0.0261,1,probe_payment
292.756,0.0155,1,probe_student
292.758,0.0205,1,probe_records
292.759,0.0224,1,probe_timetable
292.76,0.0201,1,probe_payment
293.005,0.0398,1,probe_student
293.005,0.0426,1,probe_records
293.006,0.0418,1,probe_timetable
293.008,0.0386,1,probe_payment
293.254,0.0146,1,probe_student
293.256,0.0205,1,probe_records
293.257,0.0246,1,probe_timetable
293.258,0.0218,1,probe_payment
293.507,0.0248,1,probe_student
293.508,0.0425,1,probe_records
293.509,0.0405,1,probe_timetable
293.51,0.0259,1,probe_payment
293.753,0.0155,1,probe_student
293.755,0.0216,1,probe_records
293.755,0.0252,1,probe_timetable
293.756,0.0222,1,probe_payment
294.004,0.0247,1,probe_student
294.005,0.0336,1,probe_records
294.006,0.0325,1,probe_timetable
294.007,0.0244,1,probe_payment
294.254,0.0178,1,probe_student
294.255,0.0231,1,probe_records
294.256,0.0277,1,probe_timetable
294.257,0.025,1,probe_payment
294.504,0.0232,1,probe_student
294.506,0.0352,1,probe_records
294.507,0.0347,1,probe_timetable
294.508,0.0234,1,probe_payment
294.752,0.0152,1,probe_student
294.753,0.0241,1,probe_records
294.754,0.0248,1,probe_timetable
294.755,0.0217,1,probe_payment
295.002,0.0286,1,probe_student
295.003,0.0311,1,probe_records
295.004,0.033,1,probe_timetable
295.005,0.0308,1,probe_payment
295.262,0.0176,1,probe_student
295.264,0.0214,1,probe_records
295.265,0.0255,1,probe_timetable
295.266,0.0225,1,probe_payment
295.512,0.0357,1,probe_student
295.513,0.0309,1,probe_records
295.514,0.0315,1,probe_timetable
295.515,0.032,1,probe_payment
295.76,0.0168,1,probe_student
295.761,0.0215,1,probe_records
295.762,0.026,1,probe_timetable
295.763,0.0229,1,probe_payment
296.01,0.027,1,probe_student
296.011,0.0382,1,probe_records
296.013,0.0378,1,probe_timetable
296.013,0.0258,1,probe_payment
296.259,0.0139,1,probe_student
296.26,0.0189,1,probe_records
296.261,0.0224,1,probe_timetable
296.262,0.0194,1,probe_payment
296.509,0.0402,1,probe_student
296.51,0.0388,1,probe_records
296.511,0.0367,1,probe_timetable
296.512,0.0389,1,probe_payment
296.758,0.0167,1,probe_student
296.759,0.02,1,probe_records
296.759,0.0237,1,probe_timetable
296.76,0.0213,1,probe_payment
297.008,0.0522,1,probe_student
297.009,0.0546,1,probe_records
297.01,0.0551,1,probe_timetable
297.011,2.0546,0,probe_payment
297.259,0.0152,1,probe_student
297.26,0.0228,1,probe_records
297.26,0.0275,1,probe_timetable
297.261,2.0563,0,probe_payment
297.51,0.0245,1,probe_student
297.51,0.0342,1,probe_records
297.511,0.0342,1,probe_timetable
297.512,2.0555,0,probe_payment
297.757,0.0168,1,probe_student
297.758,0.0223,1,probe_records
297.759,0.0245,1,probe_timetable
297.76,2.0727,0,probe_payment
298.009,0.0272,1,probe_student
298.01,0.0345,1,probe_records
298.01,0.0349,1,probe_timetable
298.011,2.0554,0,probe_payment
298.258,0.0176,1,probe_student
298.259,0.023,1,probe_records
298.26,0.0279,1,probe_timetable
298.261,2.0703,0,probe_payment
298.508,0.0235,1,probe_student
298.509,0.0369,1,probe_records
298.51,0.0351,1,probe_timetable
298.51,2.0696,0,probe_payment
298.753,0.0148,1,probe_student
298.755,0.0225,1,probe_records
298.755,0.0234,1,probe_timetable
298.756,2.0743,0,probe_payment
299.002,0.0216,1,probe_student
299.003,0.0346,1,probe_records
299.004,0.0333,1,probe_timetable
299.005,2.0616,0,probe_payment
299.252,0.0182,1,probe_student
299.253,0.0233,1,probe_records
299.254,0.0269,1,probe_timetable
299.255,2.0703,0,probe_payment
299.504,0.0332,1,probe_student
299.505,0.0418,1,probe_records
299.506,0.04,1,probe_timetable
299.508,2.0701,0,probe_payment
299.753,0.0148,1,probe_student
299.754,0.0247,1,probe_records
299.755,0.0266,1,probe_timetable
299.756,2.0578,0,probe_payment
300.002,0.0288,1,probe_student
300.003,0.0364,1,probe_records
300.004,0.0377,1,probe_timetable
300.006,2.0721,0,probe_payment
