t_rel,latency_s,ok,status,op,kind,degraded,queued,attempt,gw_attempts
0.0001,0.0196,1,200,probe_student,probe,0,0,1,1
0.002,0.0246,1,200,probe_records,probe,0,0,1,1
0.0031,0.0266,1,200,probe_timetable,probe,0,0,1,1
0.0039,0.0278,1,200,probe_payment,probe,0,0,1,1
0.0047,0.0279,1,200,transcript,load,0,0,1,1
0.0545,0.0474,1,200,payment,load,0,0,1,1
0.102,0.0107,1,200,student_read,load,0,0,1,1
0.1619,0.0135,1,200,timetable,load,0,0,1,1
0.2099,0.0508,1,200,payment,load,0,0,1,1
0.2533,0.0208,1,200,probe_student,probe,0,0,1,1
0.2544,0.025,1,200,probe_records,probe,0,0,1,1
0.2556,0.0305,1,200,probe_timetable,probe,0,0,1,1
0.2568,0.0256,1,200,probe_payment,probe,0,0,1,1
0.2584,0.0306,1,200,timetable,load,0,0,1,1
0.3037,0.0129,1,200,transcript,load,0,0,1,1
0.3664,0.0412,1,200,payment,load,0,0,1,1
0.4052,0.0223,1,200,enroll,load,0,0,1,1
0.4604,0.0743,1,200,payment,load,0,0,1,1
0.5065,0.0378,1,200,probe_student,probe,0,0,1,1
0.5081,0.025,1,200,probe_records,probe,0,0,1,1
0.5096,0.0403,1,200,probe_timetable,probe,0,0,1,1
0.5109,0.0216,1,200,probe_payment,probe,0,0,1,1
0.5125,0.0343,1,200,student_read,load,0,0,1,1
0.5533,0.0098,1,200,balance,load,0,0,1,1
0.615,0.0429,1,200,payment,load,0,0,1,1
0.6553,0.0152,1,200,transcript,load,0,0,1,1
0.7082,0.01,1,200,student_read,load,0,0,1,1
0.7539,0.0162,1,200,probe_student,probe,0,0,1,1
0.7549,0.0223,1,200,probe_records,probe,0,0,1,1
0.7564,0.0279,1,200,probe_timetable,probe,0,0,1,1
0.7576,0.0216,1,200,probe_payment,probe,0,0,1,1
0.7588,0.0237,1,200,transcript,load,0,0,1,1
0.8004,0.0429,1,200,payment,load,0,0,1,1
0.8637,0.0128,1,200,transcript,load,0,0,1,1
0.9105,0.0502,1,200,payment,load,0,0,1,1
0.9573,0.0166,1,200,timetable,load,0,0,1,1
1.0032,0.0225,1,200,probe_student,probe,0,0,1,1
1.0048,0.041,1,200,probe_records,probe,0,0,1,1
1.0064,0.0307,1,200,probe_timetable,probe,0,0,1,1
1.0081,0.0363,1,200,probe_payment,probe,0,0,1,1
1.0094,0.0295,1,200,transcript,load,0,0,1,1
1.0661,0.0124,1,200,student_read,load,0,0,1,1
1.1134,0.0136,1,200,transcript,load,0,0,1,1
1.1601,0.0109,1,200,student_read,load,0,0,1,1
1.2067,0.0104,1,200,balance,load,0,0,1,1
1.2528,0.0235,1,200,probe_student,probe,0,0,1,1
1.2542,0.0204,1,200,probe_records,probe,0,0,1,1
1.2554,0.0267,1,200,probe_timetable,probe,0,0,1,1
1.2567,0.0219,1,200,probe_payment,probe,0,0,1,1
1.258,0.0265,1,200,timetable,load,0,0,1,1
1.3147,0.0479,1,200,payment,load,0,0,1,1
1.3594,0.0117,1,200,student_read,load,0,0,1,1
1.4076,0.0203,1,200,enroll,load,0,0,1,1
1.4537,0.0116,1,200,transcript,load,0,0,1,1
1.5012,0.0212,1,200,probe_student,probe,0,0,1,1
1.5023,0.0207,1,200,probe_records,probe,0,0,1,1
1.5033,0.0264,1,200,probe_timetable,probe,0,0,1,1
1.5041,0.0206,1,200,probe_payment,probe,0,0,1,1
1.5054,0.0262,1,200,transcript,load,0,0,1,1
1.5621,0.0214,1,200,student_read,load,0,0,1,1
1.6081,0.0167,1,200,student_read,load,0,0,1,1
1.6542,0.0442,1,200,payment,load,0,0,1,1
1.7147,0.0098,1,200,balance,load,0,0,1,1
1.7611,0.0215,1,200,probe_student,probe,0,0,1,1
1.7626,0.0239,1,200,probe_records,probe,0,0,1,1
1.7639,0.0246,1,200,probe_timetable,probe,0,0,1,1
1.7651,0.0206,1,200,probe_payment,probe,0,0,1,1
1.7661,0.0252,1,200,transcript,load,0,0,1,1
1.8078,0.014,1,200,transcript,load,0,0,1,1
1.8543,0.0093,1,200,student_read,load,0,0,1,1
1.9164,0.0242,1,200,grade,load,0,0,1,1
1.9625,0.0092,1,200,student_read,load,0,0,1,1
2.0096,0.0214,1,200,probe_student,probe,0,0,1,1
2.0108,0.0233,1,200,probe_records,probe,0,0,1,1
2.0117,0.0274,1,200,probe_timetable,probe,0,0,1,1
2.0129,0.0219,1,200,probe_payment,probe,0,0,1,1
2.0145,0.0269,1,200,transcript,load,0,0,1,1
2.0561,0.0503,1,200,payment,load,0,0,1,1
2.1028,0.0347,1,200,enroll,load,0,0,1,1
2.1645,0.0157,1,200,transcript,load,0,0,1,1
2.2116,0.0204,1,200,grade,load,0,0,1,1
2.2588,0.0207,1,200,probe_student,probe,0,0,1,1
2.2602,0.0211,1,200,probe_records,probe,0,0,1,1
2.2613,0.0239,1,200,probe_timetable,probe,0,0,1,1
2.2624,0.0197,1,200,probe_payment,probe,0,0,1,1
2.2636,0.0201,1,200,balance,load,0,0,1,1
2.3062,0.0088,1,200,balance,load,0,0,1,1
2.3531,0.0139,1,200,timetable,load,0,0,1,1
2.4157,0.0423,1,200,payment,load,0,0,1,1
2.4555,0.0116,1,200,balance,load,0,0,1,1
2.5086,0.0201,1,200,probe_student,probe,0,0,1,1
2.5098,0.0223,1,200,probe_records,probe,0,0,1,1
2.5108,0.0272,1,200,probe_timetable,probe,0,0,1,1
2.5116,0.0197,1,200,probe_payment,probe,0,0,1,1
2.5128,0.0238,1,200,timetable,load,0,0,1,1
2.5548,0.0082,1,200,student_read,load,0,0,1,1
2.6018,0.0103,1,200,student_read,load,0,0,1,1
2.665,0.01,1,200,balance,load,0,0,1,1
2.713,0.0103,1,200,student_read,load,0,0,1,1
2.7595,0.0179,1,200,probe_student,probe,0,0,1,1
2.7612,0.0203,1,200,probe_records,probe,0,0,1,1
2.7626,0.0246,1,200,probe_timetable,probe,0,0,1,1
2.7637,0.0192,1,200,probe_payment,probe,0,0,1,1
2.7646,0.0205,1,200,balance,load,0,0,1,1
2.8052,0.01,1,200,student_read,load,0,0,1,1
2.8524,0.0117,1,200,transcript,load,0,0,1,1
2.9137,0.0099,1,200,balance,load,0,0,1,1
2.9598,0.013,1,200,transcript,load,0,0,1,1
3.0054,0.0168,1,200,probe_student,probe,0,0,1,1
3.0068,0.0216,1,200,probe_records,probe,0,0,1,1
3.0078,0.0273,1,200,probe_timetable,probe,0,0,1,1
3.0087,0.0213,1,200,probe_payment,probe,0,0,1,1
3.0098,0.0268,1,200,timetable,load,0,0,1,1
3.0523,0.0117,1,200,transcript,load,0,0,1,1
3.1141,0.0123,1,200,transcript,load,0,0,1,1
3.1612,0.0493,1,200,payment,load,0,0,1,1
3.2077,0.018,1,200,student_read,load,0,0,1,1
3.2536,0.0208,1,200,probe_student,probe,0,0,1,1
3.2547,0.0188,1,200,probe_records,probe,0,0,1,1
3.2563,0.0241,1,200,probe_timetable,probe,0,0,1,1
3.2576,0.0186,1,200,probe_payment,probe,0,0,1,1
3.2586,0.0233,1,200,transcript,load,0,0,1,1
3.3153,0.0115,1,200,transcript,load,0,0,1,1
3.3616,0.0133,1,200,timetable,load,0,0,1,1
3.4097,0.01,1,200,student_read,load,0,0,1,1
3.455,0.0201,1,200,grade,load,0,0,1,1
3.502,0.0252,1,200,probe_student,probe,0,0,1,1
3.5035,0.0262,1,200,probe_records,probe,0,0,1,1
3.5048,0.0283,1,200,probe_timetable,probe,0,0,1,1
3.5063,0.0249,1,200,probe_payment,probe,0,0,1,1
3.5089,0.026,1,200,timetable,load,0,0,1,1
3.5637,0.0117,1,200,timetable,load,0,0,1,1
3.6108,0.0144,1,200,timetable,load,0,0,1,1
3.6587,0.0329,1,200,grade,load,0,0,1,1
3.7044,0.0128,1,200,timetable,load,0,0,1,1
3.7512,0.0192,1,200,probe_student,probe,0,0,1,1
3.7525,0.0209,1,200,probe_records,probe,0,0,1,1
3.7535,0.027,1,200,probe_timetable,probe,0,0,1,1
3.7544,0.0209,1,200,probe_payment,probe,0,0,1,1
3.7556,0.0541,1,200,payment,load,0,0,1,1
3.8067,0.0145,1,200,balance,load,0,0,1,1
3.8591,0.0214,1,200,enroll,load,0,0,1,1
3.9062,0.0213,1,200,enroll,load,0,0,1,1
3.9523,0.0203,1,200,grade,load,0,0,1,1
4.0147,0.0211,1,200,probe_student,probe,0,0,1,1
4.0156,0.022,1,200,probe_records,probe,0,0,1,1
4.0166,0.0275,1,200,probe_timetable,probe,0,0,1,1
4.0178,0.0211,1,200,probe_payment,probe,0,0,1,1
4.0193,0.0369,1,200,grade,load,0,0,1,1
4.053,0.0141,1,200,balance,load,0,0,1,1
4.1091,0.014,1,200,transcript,load,0,0,1,1
4.1561,0.0138,1,200,transcript,load,0,0,1,1
4.2023,0.0118,1,200,student_read,load,0,0,1,1
4.2652,0.0304,1,200,probe_student,probe,0,0,1,1
4.2667,0.0271,1,200,probe_records,probe,0,0,1,1
4.2679,0.0317,1,200,probe_timetable,probe,0,0,1,1
4.2701,0.0227,1,200,probe_payment,probe,0,0,1,1
4.2718,0.0265,1,200,student_read,load,0,0,1,1
4.3122,0.024,1,200,grade,load,0,0,1,1
4.3575,0.0099,1,200,balance,load,0,0,1,1
4.4037,0.0202,1,200,grade,load,0,0,1,1
4.4662,0.0104,1,200,student_read,load,0,0,1,1
4.5134,0.0225,1,200,probe_student,probe,0,0,1,1
4.5149,0.0223,1,200,probe_records,probe,0,0,1,1
4.5165,0.028,1,200,probe_timetable,probe,0,0,1,1
4.5183,0.0203,1,200,probe_payment,probe,0,0,1,1
4.52,0.0231,1,200,balance,load,0,0,1,1
4.5594,0.0097,1,200,balance,load,0,0,1,1
4.6054,0.0426,1,200,payment,load,0,0,1,1
4.6538,0.0105,1,200,student_read,load,0,0,1,1
4.7136,0.0197,1,200,enroll,load,0,0,1,1
4.7607,0.0201,1,200,probe_student,probe,0,0,1,1
4.762,0.0385,1,200,probe_records,probe,0,0,1,1
4.7628,0.0237,1,200,probe_timetable,probe,0,0,1,1
4.7636,0.0356,1,200,probe_payment,probe,0,0,1,1
4.7645,0.066,1,200,payment,load,0,0,1,1
4.8006,0.0442,1,200,timetable,load,0,0,1,1
4.8548,0.0398,1,200,payment,load,0,0,1,1
4.9017,0.0119,1,200,transcript,load,0,0,1,1
4.9638,0.0213,1,200,grade,load,0,0,1,1
5.01,0.023,1,200,probe_student,probe,0,0,1,1
5.0114,0.0247,1,200,probe_records,probe,0,0,1,1
5.0128,0.0276,1,200,probe_timetable,probe,0,0,1,1
5.0142,0.0238,1,200,probe_payment,probe,0,0,1,1
5.0154,0.0323,1,200,enroll,load,0,0,1,1
5.0573,0.0125,1,200,timetable,load,0,0,1,1
5.1041,0.0093,1,200,student_read,load,0,0,1,1
5.1642,0.0098,1,200,balance,load,0,0,1,1
5.2118,0.0102,1,200,student_read,load,0,0,1,1
5.2589,0.0349,1,200,probe_student,probe,0,0,1,1
5.2604,0.0227,1,200,probe_records,probe,0,0,1,1
5.2617,0.0382,1,200,probe_timetable,probe,0,0,1,1
5.2631,0.0221,1,200,probe_payment,probe,0,0,1,1
5.2646,0.0333,1,200,student_read,load,0,0,1,1
5.3048,0.0098,1,200,student_read,load,0,0,1,1
5.3659,0.0116,1,200,transcript,load,0,0,1,1
5.411,0.0131,1,200,transcript,load,0,0,1,1
5.4575,0.0432,1,200,payment,load,0,0,1,1
5.5008,0.0218,1,200,probe_student,probe,0,0,1,1
5.5021,0.0223,1,200,probe_records,probe,0,0,1,1
5.503,0.0303,1,200,probe_timetable,probe,0,0,1,1
5.5039,0.0226,1,200,probe_payment,probe,0,0,1,1
5.507,0.0269,1,200,transcript,load,0,0,1,1
5.5663,0.0104,1,200,student_read,load,0,0,1,1
5.6126,0.0139,1,200,timetable,load,0,0,1,1
5.6618,0.0139,1,200,timetable,load,0,0,1,1
5.7046,0.0424,1,200,payment,load,0,0,1,1
5.7517,0.0204,1,200,probe_student,probe,0,0,1,1
5.7529,0.0215,1,200,probe_records,probe,0,0,1,1
5.7538,0.0243,1,200,probe_timetable,probe,0,0,1,1
5.7547,0.0209,1,200,probe_payment,probe,0,0,1,1
5.7558,0.0608,1,200,payment,load,0,0,1,1
5.8134,0.0098,1,200,student_read,load,0,0,1,1
5.8606,0.0124,1,200,timetable,load,0,0,1,1
5.9074,0.0393,1,200,payment,load,0,0,1,1
5.9534,0.0196,1,200,enroll,load,0,0,1,1
6.0164,0.03,1,200,probe_student,probe,0,0,1,1
6.0184,0.0262,1,200,probe_records,probe,0,0,1,1
6.0205,0.0341,1,200,probe_timetable,probe,0,0,1,1
6.0226,0.0212,1,200,probe_payment,probe,0,0,1,1
6.0244,0.027,1,200,balance,load,0,0,1,1
6.0515,0.0105,1,200,student_read,load,0,0,1,1
6.1101,0.0124,1,200,transcript,load,0,0,1,1
6.1561,0.0109,1,200,student_read,load,0,0,1,1
6.2032,0.0105,1,200,balance,load,0,0,1,1
6.2646,0.0231,1,200,probe_student,probe,0,0,1,1
6.2661,0.0238,1,200,probe_records,probe,0,0,1,1
6.2676,0.0262,1,200,probe_timetable,probe,0,0,1,1
6.2694,0.0219,1,200,probe_payment,probe,0,0,1,1
6.2706,0.0261,1,200,transcript,load,0,0,1,1
6.3118,0.0099,1,200,student_read,load,0,0,1,1
6.3576,0.0116,1,200,balance,load,0,0,1,1
6.4036,0.0131,1,200,timetable,load,0,0,1,1
6.4517,0.0126,1,200,transcript,load,0,0,1,1
6.4571,0.2923,1,200,payment,load,0,0,1,1
6.4815,0.1887,1,200,payment,load,0,0,1,1
6.4824,0.1407,1,200,timetable,load,0,0,1,1
6.483,0.1587,1,200,timetable,load,0,0,1,1
6.4837,0.1478,1,200,timetable,load,0,0,1,1
6.4847,0.1918,1,200,timetable,load,0,0,1,1
6.4857,0.1438,1,200,transcript,load,0,0,1,1
6.4867,1.6524,1,202,grade,load,0,1,1,1
6.4875,0.2776,1,200,timetable,load,0,0,1,1
6.4882,0.1511,1,200,student_read,load,0,0,1,1
6.4888,0.1469,1,200,balance,load,0,0,1,1
6.4895,0.1531,1,200,transcript,load,0,0,1,1
6.4901,0.1875,1,200,transcript,load,0,0,1,1
6.4906,1.6505,1,202,enroll,load,0,1,1,1
6.4917,0.2877,1,200,timetable,load,0,0,1,1
6.4925,0.2619,1,200,student_read,load,0,0,1,1
6.4932,0.2793,1,200,transcript,load,0,0,1,1
6.4939,0.2653,1,200,timetable,load,0,0,1,1
6.4946,0.28,1,200,transcript,load,0,0,1,1
6.4952,0.2613,1,200,student_read,load,0,0,1,1
6.4958,0.1788,1,200,student_read,load,0,0,1,1
6.4964,0.1594,1,200,timetable,load,0,0,1,1
6.4969,0.1765,1,200,student_read,load,0,0,1,1
6.4975,0.2605,1,200,timetable,load,0,0,1,1
6.4984,0.5239,1,200,payment,load,0,0,1,1
6.4994,1.421,1,200,payment,load,0,0,1,1
6.4996,0.2159,1,200,transcript,load,0,0,1,1
6.5007,0.2707,1,200,student_read,load,0,0,1,1
6.5016,0.2153,1,200,student_read,load,0,0,1,1
6.5024,0.2712,1,200,timetable,load,0,0,1,1
6.5031,0.1512,1,200,balance,load,0,0,1,1
6.5037,1.4451,1,200,enroll,load,0,0,1,1
6.5043,0.2924,1,200,payment,load,0,0,1,1
6.5052,0.2625,1,200,transcript,load,0,0,1,1
6.5062,0.2395,1,200,enroll,load,0,0,1,1
6.5074,1.6264,1,202,payment,load,0,1,1,1
6.5082,0.3483,1,200,payment,load,0,0,1,1
6.5088,0.2687,1,200,timetable,load,0,0,1,1
6.5094,0.2259,1,200,student_read,load,0,0,1,1
6.5143,0.0234,1,200,probe_student,probe,0,0,1,1
6.5155,0.6362,1,200,payment,load,0,0,1,1
6.5156,0.0273,1,200,probe_records,probe,0,0,1,1
6.5174,0.0698,1,200,probe_timetable,probe,0,0,1,1
6.5192,0.0219,1,200,probe_payment,probe,0,0,1,1
6.5204,0.0685,1,200,transcript,load,0,0,1,1
6.5241,1.7492,1,202,payment,load,0,1,1,1
6.5252,0.2412,1,200,timetable,load,0,0,1,1
6.5266,0.228,1,200,timetable,load,0,0,1,1
6.5276,0.2403,1,200,timetable,load,0,0,1,1
6.5286,0.2081,1,200,timetable,load,0,0,1,1
6.5297,2.2692,1,202,payment,load,0,1,1,1
6.53,0.2192,1,200,transcript,load,0,0,1,1
6.5312,1.6078,1,202,grade,load,0,1,1,1
6.532,0.3264,1,200,timetable,load,0,0,1,1
6.5329,0.2724,1,200,student_read,load,0,0,1,1
6.5338,0.2311,1,200,balance,load,0,0,1,1
6.5349,0.2803,1,200,transcript,load,0,0,1,1
6.5362,0.2629,1,200,transcript,load,0,0,1,1
6.5377,1.7327,1,202,enroll,load,0,1,1,1
6.5386,0.322,1,200,timetable,load,0,0,1,1
6.5393,0.3234,1,200,student_read,load,0,0,1,1
6.5405,0.384,1,200,transcript,load,0,0,1,1
6.5418,0.2619,1,200,timetable,load,0,0,1,1
6.5429,0.3398,1,200,transcript,load,0,0,1,1
6.5437,0.2528,1,200,student_read,load,0,0,1,1
6.5445,0.2625,1,200,student_read,load,0,0,1,1
6.5454,0.3977,1,200,timetable,load,0,0,1,1
6.5455,1.7731,1,202,payment,load,0,1,1,1
6.5461,0.3794,1,200,student_read,load,0,0,1,1
6.5463,0.4259,1,200,timetable,load,0,0,1,1
6.5469,0.3948,1,200,timetable,load,0,0,1,1
6.5471,0.4104,1,200,timetable,load,0,0,1,1
6.5477,0.5492,1,200,payment,load,0,0,1,1
6.5482,0.4222,1,200,timetable,load,0,0,1,1
6.5486,0.3199,1,200,transcript,load,0,0,1,1
6.5491,0.4109,1,200,timetable,load,0,0,1,1
6.5494,0.408,1,200,student_read,load,0,0,1,1
6.5499,0.5485,1,200,transcript,load,0,0,1,1
6.5501,0.3136,1,200,student_read,load,0,0,1,1
6.5507,0.3336,1,200,timetable,load,0,0,1,1
6.5508,1.2932,1,200,grade,load,0,0,1,1
6.5513,0.4392,1,200,balance,load,0,0,1,1
6.5515,0.529,1,200,timetable,load,0,0,1,1
6.552,1.7691,1,202,enroll,load,0,1,1,1
6.5522,0.4481,1,200,student_read,load,0,0,1,1
6.5526,0.7362,1,200,payment,load,0,0,1,1
6.5528,0.6009,1,200,balance,load,0,0,1,1
6.5532,0.3826,1,200,transcript,load,0,0,1,1
6.5534,0.4687,1,200,transcript,load,0,0,1,1
6.5543,1.7179,1,202,enroll,load,0,1,1,1
6.5543,0.6234,1,200,transcript,load,0,0,1,1
6.5554,2.0247,1,202,enroll,load,0,1,1,1
6.5557,1.0126,1,200,payment,load,0,0,1,1
6.5565,1.2393,1,200,payment,load,0,0,1,1
6.5565,0.5986,1,200,timetable,load,0,0,1,1
6.5566,2.2527,1,200,payment,load,0,0,1,1
6.5571,0.3645,1,200,timetable,load,0,0,1,1
6.5572,0.4955,1,200,student_read,load,0,0,1,1
6.5574,0.7569,1,200,timetable,load,0,0,1,1
6.5579,0.382,1,200,student_read,load,0,0,1,1
6.558,0.622,1,200,transcript,load,0,0,1,1
6.5581,0.7117,1,200,timetable,load,0,0,1,1
6.5587,0.7495,1,200,timetable,load,0,0,1,1
6.5589,0.5366,1,200,timetable,load,0,0,1,1
6.5594,0.7284,1,200,timetable,load,0,0,1,1
6.5597,1.5752,1,202,grade,load,0,1,1,1
6.5599,0.5393,1,200,transcript,load,0,0,1,1
6.5604,0.7753,1,200,transcript,load,0,0,1,1
6.5611,0.6216,1,200,student_read,load,0,0,1,1
6.5619,0.8092,1,200,grade,load,0,0,1,1
6.562,0.555,1,200,student_read,load,0,0,1,1
6.5627,0.8204,1,200,timetable,load,0,0,1,1
6.5628,0.5489,1,200,timetable,load,0,0,1,1
6.5634,0.8936,1,200,student_read,load,0,0,1,1
6.5635,0.5931,1,200,student_read,load,0,0,1,1
6.5642,0.5962,1,200,timetable,load,0,0,1,1
6.5642,0.8167,1,200,balance,load,0,0,1,1
6.5648,2.0137,1,202,payment,load,0,1,1,1
6.5653,0.7819,1,200,transcript,load,0,0,1,1
6.5655,0.5741,1,200,transcript,load,0,0,1,1
6.5661,0.8304,1,200,transcript,load,0,0,1,1
6.5664,0.5969,1,200,student_read,load,0,0,1,1
6.5669,0.8278,1,200,enroll,load,0,0,1,1
6.5674,0.6849,1,200,student_read,load,0,0,1,1
6.5679,0.8492,1,200,timetable,load,0,0,1,1
6.5685,0.6075,1,200,timetable,load,0,0,1,1
6.5689,0.8674,1,200,student_read,load,0,0,1,1
6.5693,0.6014,1,200,balance,load,0,0,1,1
6.5697,0.8653,1,200,transcript,load,0,0,1,1
6.57,2.0751,1,202,enroll,load,0,1,1,1
6.5704,0.8433,1,200,timetable,load,0,0,1,1
6.5707,2.1384,1,202,payment,load,0,1,1,1
6.571,0.8881,1,200,transcript,load,0,0,1,1
6.5714,0.8093,1,200,transcript,load,0,0,1,1
6.5717,0.8663,1,200,student_read,load,0,0,1,1
6.5721,2.1404,1,202,enroll,load,0,1,1,1
6.5723,0.9563,1,200,student_read,load,0,0,1,1
6.5729,0.882,1,200,timetable,load,0,0,1,1
6.5731,0.8669,1,200,payment,load,0,0,1,1
6.5736,0.9324,1,200,student_read,load,0,0,1,1
6.5739,2.1374,1,202,payment,load,0,1,1,1
6.5743,0.9445,1,200,timetable,load,0,0,1,1
6.575,0.6741,1,200,timetable,load,0,0,1,1
6.5755,2.3525,1,202,payment,load,0,1,1,1
6.5758,0.6577,1,200,student_read,load,0,0,1,1
6.5765,0.9227,1,200,transcript,load,0,0,1,1
6.5773,1.218,1,200,student_read,load,0,0,1,1
6.5779,1.1304,1,200,student_read,load,0,0,1,1
6.5786,1.0638,1,200,timetable,load,0,0,1,1
6.5796,1.1085,1,200,balance,load,0,0,1,1
6.5805,1.4406,1,200,enroll,load,0,0,1,1
6.5812,2.2775,1,200,payment,load,0,0,1,1
6.5826,1.0578,1,200,transcript,load,0,0,1,1
6.5839,1.2023,1,200,enroll,load,0,0,1,1
6.5853,2.451,1,202,payment,load,0,1,1,1
6.5861,2.4033,1,202,payment,load,0,1,1,1
6.5869,1.2093,1,200,timetable,load,0,0,1,1
6.5876,1.0991,1,200,student_read,load,0,0,1,1
6.6063,1.5331,1,202,payment,load,0,1,1,1
6.6231,0.3236,1,200,grade,load,0,0,1,1
6.6295,1.0629,1,200,timetable,load,0,0,1,1
6.6315,0.2421,1,200,timetable,load,0,0,1,1
6.6358,1.0817,1,200,student_read,load,0,0,1,1
6.6394,1.6298,1,202,enroll,load,0,1,1,1
6.6417,0.301,1,200,transcript,load,0,0,1,1
6.6426,0.2404,1,200,timetable,load,0,0,1,1
6.6538,1.6675,1,202,payment,load,0,1,1,1
6.6543,0.29,1,200,student_read,load,0,0,1,1
6.6557,1.1574,1,200,balance,load,0,0,1,1
6.6703,0.2699,1,200,payment,load,0,0,1,1
6.6734,0.1855,1,200,transcript,load,0,0,1,1
6.6746,0.5602,1,200,payment,load,0,0,1,1
6.6765,0.2447,1,200,timetable,load,0,0,1,1
6.6776,0.1912,1,200,timetable,load,0,0,1,1
6.715,0.2255,1,200,student_read,load,0,0,1,1
6.7156,0.2076,1,200,transcript,load,0,0,1,1
6.717,0.2103,1,200,timetable,load,0,0,1,1
6.7353,1.1321,1,200,balance,load,0,0,1,1
6.7367,0.9803,1,200,timetable,load,0,0,1,1
6.7457,0.2735,1,200,timetable,load,0,0,1,1
6.7493,0.4049,1,200,timetable,load,0,0,1,1
6.7494,0.2081,1,200,transcript,load,0,0,1,1
6.7544,1.6304,1,200,grade,load,0,0,1,1
6.7546,0.3407,1,200,transcript,load,0,0,1,1
6.7565,0.9994,1,200,student_read,load,0,0,1,1
6.758,0.3938,1,200,timetable,load,0,0,1,1
6.7592,1.1979,1,200,student_read,load,0,0,1,1
6.7612,0.3507,1,200,probe_student,probe,0,0,1,1
6.7629,0.3923,1,200,probe_records,probe,0,0,1,1
6.7646,0.7574,0,503,probe_timetable,probe,0,0,1,1
6.7649,0.2541,1,200,student_read,load,0,0,1,1
6.7651,0.4297,1,200,transcript,load,0,0,1,1
6.7659,1.0088,1,200,probe_payment,probe,0,0,1,1
6.7664,0.2707,1,200,grade,load,0,0,1,1
6.7674,1.2477,1,200,balance,load,0,0,1,1
6.7677,0.2567,1,200,timetable,load,0,0,1,1
6.7678,1.1087,1,200,timetable,load,0,0,1,1
6.7714,0.2861,1,200,transcript,load,0,0,1,1
6.7726,0.2607,1,200,timetable,load,0,0,1,1
6.7736,1.8057,1,202,grade,load,0,1,1,1
6.7746,0.7412,1,200,payment,load,0,0,1,1
6.7776,0.4005,1,200,payment,load,0,0,1,1
6.7794,0.3931,1,200,transcript,load,0,0,1,1
6.7965,0.3742,1,200,student_read,load,0,0,1,1
6.7967,1.717,1,202,enroll,load,0,1,1,1
6.7991,0.2812,1,200,timetable,load,0,0,1,1
6.8038,0.3969,1,200,student_read,load,0,0,1,1
6.8053,1.7082,1,202,enroll,load,0,1,1,1
6.8071,1.7722,1,202,payment,load,0,1,1,1
6.8077,2.3188,1,202,enroll,load,0,1,1,1
6.8152,0.2832,1,200,timetable,load,0,0,1,1
6.854,0.7107,0,503,timetable,load,0,0,1,1
6.8565,0.2833,1,200,transcript,load,0,0,1,1
6.8584,0.3882,1,200,transcript,load,0,0,1,1
6.859,0.2879,1,200,timetable,load,0,0,1,1
6.8606,0.405,1,200,transcript,load,0,0,1,1
6.8627,0.373,1,200,grade,load,0,0,1,1
6.8637,0.3142,1,200,timetable,load,0,0,1,1
6.8684,0.4012,1,200,transcript,load,0,0,1,1
6.8688,0.2905,1,200,student_read,load,0,0,1,1
6.8736,0.3903,1,200,balance,load,0,0,1,1
6.8828,1.7619,1,202,payment,load,0,1,1,1
6.883,0.2876,1,200,transcript,load,0,0,1,1
6.8843,0.2972,1,200,grade,load,0,0,1,1
6.9154,1.087,1,200,balance,load,0,0,1,1
6.9212,0.4133,1,200,balance,load,0,0,1,1
6.9216,1.8269,1,202,payment,load,0,1,1,1
6.9232,0.3893,1,200,balance,load,0,0,1,1
6.9245,0.2744,1,200,timetable,load,0,0,1,1
6.9255,0.6465,0,503,transcript,load,0,0,1,1
6.9273,0.3218,1,200,transcript,load,0,0,1,1
6.9358,0.2825,1,200,timetable,load,0,0,1,1
6.9399,0.4427,1,200,balance,load,0,0,1,1
6.9402,1.769,1,202,enroll,load,0,1,1,1
6.9416,0.2919,1,200,timetable,load,0,0,1,1
6.9427,0.3087,1,200,timetable,load,0,0,1,1
6.9431,0.4377,1,200,balance,load,0,0,1,1
6.9444,0.4029,1,200,balance,load,0,0,1,1
6.9467,0.2853,1,200,student_read,load,0,0,1,1
6.9574,0.2923,1,200,transcript,load,0,0,1,1
6.9575,0.33,1,200,student_read,load,0,0,1,1
6.9576,0.9191,1,200,transcript,load,0,0,1,1
6.96,0.3521,1,200,timetable,load,0,0,1,1
6.962,2.3731,1,200,enroll,load,0,0,1,1
6.9704,0.2933,1,200,timetable,load,0,0,1,1
6.9722,0.7827,1,200,grade,load,0,0,1,1
6.9906,0.3203,1,200,student_read,load,0,0,1,1
7.0003,0.3578,1,200,enroll,load,0,0,1,1
7.009,0.4489,1,200,probe_student,probe,0,0,1,1
7.0104,0.5942,0,503,probe_records,probe,0,0,1,1
7.0127,0.9498,1,200,probe_timetable,probe,0,0,1,1
7.0144,0.9262,1,200,probe_payment,probe,0,0,1,1
7.0167,0.6239,0,503,transcript,load,0,0,1,1
7.019,0.2939,1,200,timetable,load,0,0,1,1
7.0192,0.3142,1,200,balance,load,0,0,1,1
7.0221,0.3251,1,200,timetable,load,0,0,1,1
7.0224,0.2914,1,200,transcript,load,0,0,1,1
7.0244,0.3562,1,200,transcript,load,0,0,1,1
7.0333,0.33,1,200,student_read,load,0,0,1,1
7.0371,0.347,1,200,student_read,load,0,0,1,1
7.0526,0.9996,1,200,grade,load,0,0,1,1
7.056,2.2556,1,202,payment,load,0,1,1,1
7.0575,0.3251,1,200,transcript,load,0,0,1,1
7.0804,0.2833,1,200,student_read,load,0,0,1,1
7.0805,0.4383,1,200,transcript,load,0,0,1,1
7.0953,0.3247,1,200,timetable,load,0,0,1,1
7.0955,0.4767,1,200,student_read,load,0,0,1,1
7.0969,0.2919,1,200,transcript,load,0,0,1,1
7.0983,0.2907,1,200,timetable,load,0,0,1,1
7.0985,0.3188,1,200,transcript,load,0,0,1,1
7.0992,0.9859,1,200,payment,load,0,0,1,1
7.1023,0.5898,0,503,transcript,load,0,0,1,1
7.1117,0.2997,1,200,balance,load,0,0,1,1
7.117,1.8105,1,202,payment,load,0,1,1,1
7.1396,0.3154,1,200,transcript,load,0,0,1,1
7.1398,0.5,1,200,student_read,load,0,0,1,1
7.1469,1.7183,1,202,payment,load,0,1,1,1
7.1518,0.3838,1,200,transcript,load,0,0,1,1
7.1518,0.3654,1,200,timetable,load,0,0,1,1
7.1538,0.4505,1,200,student_read,load,0,0,1,1
7.1542,0.4526,1,200,enroll,load,0,0,1,1
7.1551,0.3767,1,200,transcript,load,0,0,1,1
7.1552,0.386,1,200,timetable,load,0,0,1,1
7.1566,0.5302,0,503,transcript,load,0,0,1,1
7.1593,0.4841,1,200,balance,load,0,0,1,1
7.1604,0.3738,1,200,timetable,load,0,0,1,1
7.1633,0.3569,1,200,transcript,load,0,0,1,1
7.1705,1.715,1,202,enroll,load,0,1,1,1
7.1706,0.3658,1,200,student_read,load,0,0,1,1
7.1707,0.404,1,200,timetable,load,0,0,1,1
7.1725,0.3995,1,200,timetable,load,0,0,1,1
7.176,1.6651,1,202,grade,load,0,1,1,1
7.1777,0.4165,1,200,timetable,load,0,0,1,1
7.1779,0.3867,1,200,transcript,load,0,0,1,1
7.1781,0.406,1,200,transcript,load,0,0,1,1
7.1799,0.5264,0,503,timetable,load,0,0,1,1
7.1816,0.5102,1,200,transcript,load,0,0,1,1
7.1827,0.5353,1,200,student_read,load,0,0,1,1
7.1949,0.5,1,200,student_read,load,0,0,1,1
7.1989,0.405,1,200,student_read,load,0,0,1,1
7.2006,0.3766,1,200,transcript,load,0,0,1,1
7.2115,0.386,1,200,enroll,load,0,0,1,1
7.2183,0.4199,1,200,transcript,load,0,0,1,1
7.232,0.5261,1,200,balance,load,0,0,1,1
7.2335,0.3507,1,200,balance,load,0,0,1,1
7.2336,0.7654,1,200,timetable,load,0,0,1,1
7.2347,0.3596,1,200,transcript,load,0,0,1,1
7.2357,0.5217,1,200,balance,load,0,0,1,1
7.2467,0.7771,1,200,student_read,load,0,0,1,1
7.2491,0.4175,1,200,payment,load,0,0,1,1
7.2491,0.6429,1,200,payment,load,0,0,1,1
7.2497,0.407,1,200,transcript,load,0,0,1,1
7.2514,0.4089,1,200,timetable,load,0,0,1,1
7.2523,0.3858,1,200,timetable,load,0,0,1,1
7.2585,0.7894,1,200,probe_student,probe,0,0,1,1
7.2608,0.5109,0,503,probe_records,probe,0,0,1,1
7.2631,0.5237,0,503,probe_timetable,probe,0,0,1,1
7.2637,0.4289,1,200,balance,load,0,0,1,1
7.2639,0.3741,1,200,balance,load,0,0,1,1
7.2653,1.0575,1,200,probe_payment,probe,0,0,1,1
7.2656,0.4551,1,200,timetable,load,0,0,1,1
7.2673,2.1289,1,202,enroll,load,0,1,1,1
7.2696,0.5431,1,200,balance,load,0,0,1,1
7.2699,0.5235,0,503,transcript,load,0,0,1,1
7.2875,0.5319,1,200,student_read,load,0,0,1,1
7.2877,0.4194,1,200,timetable,load,0,0,1,1
7.2889,0.4297,1,200,enroll,load,0,0,1,1
7.3065,0.5474,0,503,timetable,load,0,0,1,1
7.3083,0.4624,1,200,timetable,load,0,0,1,1
7.3109,0.5787,1,200,balance,load,0,0,1,1
7.3122,0.5549,1,200,balance,load,0,0,1,1
7.3125,1.848,1,202,payment,load,0,1,1,1
7.3129,0.4806,1,200,timetable,load,0,0,1,1
7.3138,0.5564,1,200,student_read,load,0,0,1,1
7.3143,1.6734,1,202,grade,load,0,1,1,1
7.3334,0.4202,1,200,transcript,load,0,0,1,1
7.3346,0.3846,1,200,timetable,load,0,0,1,1
7.3358,0.5343,1,200,timetable,load,0,0,1,1
7.3472,0.3963,1,200,transcript,load,0,0,1,1
7.3472,0.4073,1,200,timetable,load,0,0,1,1
7.3473,0.4699,1,200,timetable,load,0,0,1,1
7.354,0.7789,1,200,transcript,load,0,0,1,1
7.3581,0.1452,0,503,timetable,load,0,0,1,1
7.3633,0.3802,1,200,transcript,load,0,0,1,1
7.3637,0.5931,1,200,balance,load,0,0,1,1
7.3711,0.6305,1,200,payment,load,0,0,1,1
7.3806,0.4352,1,200,transcript,load,0,0,1,1
7.3807,0.1296,0,503,timetable,load,0,0,1,1
7.3808,0.1297,0,503,timetable,load,0,0,1,1
7.3809,0.4322,1,200,student_read,load,0,0,1,1
7.3826,0.1276,0,503,timetable,load,0,0,1,1
7.3826,0.4319,1,200,transcript,load,0,0,1,1
7.3832,0.127,0,503,transcript,load,0,0,1,1
7.3842,0.4858,1,200,balance,load,0,0,1,1
7.3889,0.5932,1,200,student_read,load,0,0,1,1
7.389,1.8784,1,202,enroll,load,0,1,1,1
7.3947,1.8226,1,202,payment,load,0,1,1,1
7.3965,0.5287,1,200,timetable,load,0,0,1,1
7.4015,0.4691,0,503,timetable,load,0,0,1,1
7.4114,0.1445,0,503,timetable,load,0,0,1,1
7.4137,0.4212,1,200,student_read,load,0,0,1,1
7.4172,0.1392,0,503,transcript,load,0,0,1,1
7.4173,1.7987,1,202,enroll,load,0,1,1,1
7.42,0.1256,0,503,timetable,load,0,0,1,1
7.435,0.4293,0,503,timetable,load,0,0,1,1
7.4363,1.0116,1,200,grade,load,0,0,1,1
7.438,0.4292,1,200,student_read,load,0,0,1,1
7.4399,0.5839,1,200,student_read,load,0,0,1,1
7.4549,0.4215,1,200,balance,load,0,0,1,1
7.455,0.4698,1,200,balance,load,0,0,1,1
7.457,0.5888,1,200,enroll,load,0,0,1,1
7.4579,0.8917,1,200,balance,load,0,0,1,1
7.4591,2.4451,1,202,payment,load,0,1,1,1
7.4992,0.4838,1,200,transcript,load,0,0,1,1
7.5029,0.4229,1,200,probe_student,probe,0,0,1,1
7.5034,0.4785,1,200,transcript,load,0,0,1,1
7.5054,0.4124,0,503,probe_records,probe,0,0,1,1
7.506,0.4207,1,200,transcript,load,0,0,1,1
7.5068,0.3916,0,503,probe_timetable,probe,0,0,1,1
7.5083,1.4925,1,200,probe_payment,probe,0,0,1,1
7.5101,0.9641,1,200,enroll,load,0,0,1,1
7.5102,0.6771,1,200,student_read,load,0,0,1,1
7.5102,0.1313,0,503,transcript,load,0,0,1,1
7.5103,0.4159,1,200,transcript,load,0,0,1,1
7.5105,0.4147,1,200,balance,load,0,0,1,1
7.5158,0.4814,1,200,balance,load,0,0,1,1
7.5172,0.5059,1,200,balance,load,0,0,1,1
7.5188,0.5301,1,200,student_read,load,0,0,1,1
7.5189,0.1256,0,503,timetable,load,0,0,1,1
7.5202,0.1509,0,503,transcript,load,0,0,1,1
7.5286,1.8674,1,202,payment,load,0,1,1,1
7.5318,0.163,0,503,timetable,load,0,0,1,1
7.5342,0.1389,0,503,timetable,load,0,0,1,1
7.5356,0.4665,1,200,student_read,load,0,0,1,1
7.5365,0.4608,1,200,balance,load,0,0,1,1
7.5456,0.6154,1,200,student_read,load,0,0,1,1
7.5559,0.6914,1,200,balance,load,0,0,1,1
7.5564,0.4475,1,200,timetable,load,0,0,1,1
7.5572,0.1611,0,503,timetable,load,0,0,1,1
7.5646,0.5782,1,200,payment,load,0,0,1,1
7.5683,0.9755,1,200,student_read,load,0,0,1,1
7.572,0.4301,1,200,timetable,load,0,0,1,1
7.5721,0.5062,1,200,balance,load,0,0,1,1
7.5722,0.4271,1,200,transcript,load,0,0,1,1
7.5747,1.9469,1,202,enroll,load,0,1,1,1
7.5773,0.4236,1,200,transcript,load,0,0,1,1
7.5842,0.7182,1,200,student_read,load,0,0,1,1
7.5842,0.4621,1,200,transcript,load,0,0,1,1
7.5942,0.4315,1,200,student_read,load,0,0,1,1
7.5943,0.629,1,200,balance,load,0,0,1,1
7.6039,0.4758,1,200,transcript,load,0,0,1,1
7.6043,0.1853,0,503,timetable,load,0,0,1,1
7.6046,0.6722,1,200,enroll,load,0,0,1,1
7.6068,0.864,1,200,payment,load,0,0,1,1
7.638,0.4935,1,200,balance,load,0,0,1,1
7.6381,0.498,1,200,transcript,load,0,0,1,1
7.6382,0.5253,1,200,transcript,load,0,0,1,1
7.6399,0.4428,1,200,timetable,load,0,0,1,1
7.6404,0.4912,1,200,timetable,load,0,0,1,1
7.6416,1.0766,1,200,payment,load,0,0,1,1
7.6424,1.75,1,202,grade,load,0,1,1,1
7.6434,0.9349,1,200,balance,load,0,0,1,1
7.6444,0.3371,0,503,timetable,load,0,0,1,1
7.6508,1.9034,1,202,enroll,load,0,1,1,1
7.6568,0.1653,0,503,timetable,load,0,0,1,1
7.6603,0.5518,1,200,student_read,load,0,0,1,1
7.6666,0.1798,0,503,transcript,load,0,0,1,1
7.6712,0.1513,0,503,timetable,load,0,0,1,1
7.6731,0.8012,1,200,balance,load,0,0,1,1
7.6867,0.1662,0,503,timetable,load,0,0,1,1
7.6868,0.4765,1,200,balance,load,0,0,1,1
7.6881,0.5577,1,200,student_read,load,0,0,1,1
7.6919,0.5516,1,200,payment,load,0,0,1,1
7.6924,0.5059,1,200,enroll,load,0,0,1,1
7.6926,0.5531,1,200,balance,load,0,0,1,1
7.6948,0.4684,1,200,balance,load,0,0,1,1
7.6949,1.823,1,202,grade,load,0,1,1,1
7.7063,0.5963,1,200,student_read,load,0,0,1,1
7.7071,0.6143,1,200,balance,load,0,0,1,1
7.7083,0.191,0,503,timetable,load,0,0,1,1
7.7127,0.5626,1,200,balance,load,0,0,1,1
7.717,0.5724,1,200,balance,load,0,0,1,1
7.7175,0.1637,0,503,timetable,load,0,0,1,1
7.7179,0.1627,0,503,timetable,load,0,0,1,1
7.7186,0.6913,1,200,grade,load,0,0,1,1
7.7192,0.1804,0,503,timetable,load,0,0,1,1
7.7208,0.9899,1,200,balance,load,0,0,1,1
7.7434,1.7745,1,202,enroll,load,0,1,1,1
7.7436,0.5237,1,200,student_read,load,0,0,1,1
7.7527,0.832,1,200,probe_student,probe,0,0,1,1
7.7536,0.7902,1,200,student_read,load,0,0,1,1
7.7545,0.1486,0,503,transcript,load,0,0,1,1
7.7546,0.5216,1,200,probe_records,probe,0,0,1,1
7.755,0.5124,1,200,student_read,load,0,0,1,1
7.7559,0.1472,0,503,timetable,load,0,0,1,1
7.7559,0.168,0,503,probe_timetable,probe,0,0,1,1
7.7574,0.6236,1,200,probe_payment,probe,0,0,1,1
7.7575,0.453,1,200,balance,load,0,0,1,1
7.7581,0.4552,1,200,student_read,load,0,0,1,1
7.7588,0.4881,1,200,balance,load,0,0,1,1
7.7707,0.7731,1,200,balance,load,0,0,1,1
7.7862,0.1438,0,503,timetable,load,0,0,1,1
7.7897,0.1677,0,503,timetable,load,0,0,1,1
7.7934,0.1643,0,503,timetable,load,0,0,1,1
7.7935,0.4738,1,200,student_read,load,0,0,1,1
7.7952,0.1666,0,503,transcript,load,0,0,1,1
7.7958,0.1646,0,503,transcript,load,0,0,1,1
7.7962,0.5065,1,200,payment,load,0,0,1,1
7.8049,2.0929,1,202,enroll,load,0,1,1,1
7.8128,0.5666,1,200,payment,load,0,0,1,1
7.8132,0.1652,0,503,timetable,load,0,0,1,1
7.8132,0.1671,0,503,timetable,load,0,0,1,1
7.8145,0.4606,1,200,balance,load,0,0,1,1
7.8158,0.594,1,200,student_read,load,0,0,1,1
7.8173,2.6147,1,202,payment,load,0,1,1,1
7.8194,0.166,0,503,transcript,load,0,0,1,1
7.8221,0.1579,0,503,transcript,load,0,0,1,1
7.8225,0.1576,0,503,transcript,load,0,0,1,1
7.8349,0.1717,0,503,transcript,load,0,0,1,1
7.8441,2.1058,1,202,payment,load,0,1,1,1
7.8464,0.4778,1,200,student_read,load,0,0,1,1
7.853,2.1044,1,202,payment,load,0,1,1,1
7.8539,2.096,1,202,enroll,load,0,1,1,1
7.8643,0.9319,1,200,student_read,load,0,0,1,1
7.8671,0.4787,1,200,timetable,load,0,0,1,1
7.8671,0.1628,0,503,timetable,load,0,0,1,1
7.8674,0.4786,1,200,transcript,load,0,0,1,1
7.87,0.4455,1,200,student_read,load,0,0,1,1
7.8701,2.0264,1,202,enroll,load,0,1,1,1
7.8702,0.16,0,503,transcript,load,0,0,1,1
7.8764,0.1553,0,503,timetable,load,0,0,1,1
7.8765,1.0008,1,200,balance,load,0,0,1,1
7.8766,0.1538,0,503,timetable,load,0,0,1,1
7.8807,0.5024,1,200,enroll,load,0,0,1,1
7.8812,0.467,1,200,timetable,load,0,0,1,1
7.8896,0.159,0,503,timetable,load,0,0,1,1
7.892,0.5567,1,200,balance,load,0,0,1,1
7.8993,0.4836,1,200,transcript,load,0,0,1,1
7.8996,1.9943,1,202,grade,load,0,1,1,1
7.9023,0.5988,1,200,balance,load,0,0,1,1
7.9032,0.6847,1,200,enroll,load,0,0,1,1
7.9032,0.7712,1,200,enroll,load,0,0,1,1
7.9204,0.5523,1,200,transcript,load,0,0,1,1
7.9248,0.723,1,200,payment,load,0,0,1,1
7.9252,0.5903,1,200,student_read,load,0,0,1,1
7.9252,0.6577,1,200,student_read,load,0,0,1,1
7.9262,0.1607,0,503,transcript,load,0,0,1,1
7.9266,0.1581,0,503,timetable,load,0,0,1,1
7.93,0.5835,1,200,balance,load,0,0,1,1
7.9488,0.6274,1,200,student_read,load,0,0,1,1
7.9568,0.4915,1,200,balance,load,0,0,1,1
7.9571,0.1516,0,503,transcript,load,0,0,1,1
7.9574,0.5649,1,200,student_read,load,0,0,1,1
7.9577,0.1507,0,503,timetable,load,0,0,1,1
7.9603,0.4517,1,200,student_read,load,0,0,1,1
7.9618,0.1574,0,503,transcript,load,0,0,1,1
7.9625,2.1414,1,202,enroll,load,0,1,1,1
7.9784,0.1619,0,503,timetable,load,0,0,1,1
7.98,1.9175,1,202,payment,load,0,1,1,1
7.9801,1.9203,1,202,payment,load,0,1,1,1
7.9803,0.6003,1,200,balance,load,0,0,1,1
7.9815,0.7671,1,200,balance,load,0,0,1,1
7.9819,0.4578,1,200,student_read,load,0,0,1,1
7.9821,0.1595,0,503,transcript,load,0,0,1,1
7.983,0.7824,1,200,balance,load,0,0,1,1
7.9854,1.9958,1,202,enroll,load,0,1,1,1
7.9973,1.912,1,202,payment,load,0,1,1,1
7.9973,0.1758,0,503,timetable,load,0,0,1,1
7.999,0.9435,1,200,balance,load,0,0,1,1
7.9993,0.2107,0,503,transcript,load,0,0,1,1
8.0009,0.4743,1,200,balance,load,0,0,1,1
8.0017,0.1717,0,503,timetable,load,0,0,1,1
8.0021,0.6141,1,200,student_read,load,0,0,1,1
8.0021,2.8648,1,202,payment,load,0,1,1,1
8.0024,0.7101,1,200,probe_student,probe,0,0,1,1
8.0038,0.7976,1,200,balance,load,0,0,1,1
8.004,0.1897,0,503,probe_records,probe,0,0,1,1
8.0066,0.2051,0,503,probe_timetable,probe,0,0,1,1
8.0066,0.1683,0,503,transcript,load,0,0,1,1
8.0092,0.5737,1,200,probe_payment,probe,0,0,1,1
8.011,0.2025,0,503,transcript,load,0,0,1,1
8.0211,0.5011,1,200,student_read,load,0,0,1,1
8.0232,1.9303,1,202,payment,load,0,1,1,1
8.0238,0.1698,0,503,transcript,load,0,0,1,1
8.0238,1.9294,1,202,grade,load,0,1,1,1
8.0257,0.5511,1,200,balance,load,0,0,1,1
8.03,1.8818,1,202,enroll,load,0,1,1,1
8.0302,0.1796,0,503,transcript,load,0,0,1,1
8.0305,0.165,0,503,timetable,load,0,0,1,1
8.0317,0.9486,1,200,balance,load,0,0,1,1
8.0458,0.1847,0,503,timetable,load,0,0,1,1
8.0463,0.7505,1,200,balance,load,0,0,1,1
8.0486,2.2413,1,200,payment,load,0,0,1,1
8.0488,1.9044,1,202,grade,load,0,1,1,1
8.0522,1.0643,1,200,balance,load,0,0,1,1
8.055,0.1715,0,503,transcript,load,0,0,1,1
8.0783,0.1684,0,503,timetable,load,0,0,1,1
8.0797,0.5946,1,200,student_read,load,0,0,1,1
8.0827,0.532,1,200,transcript,load,0,0,1,1
8.0848,2.0186,1,202,payment,load,0,1,1,1
8.0852,0.6686,1,200,balance,load,0,0,1,1
8.0869,0.5276,1,200,student_read,load,0,0,1,1
8.1015,1.2275,1,200,student_read,load,0,0,1,1
8.1084,0.645,1,200,student_read,load,0,0,1,1
8.1087,0.1696,0,503,transcript,load,0,0,1,1
8.1192,0.1596,0,503,timetable,load,0,0,1,1
8.1315,0.1931,0,503,transcript,load,0,0,1,1
8.1316,0.5518,1,200,transcript,load,0,0,1,1
8.1338,0.5137,1,200,student_read,load,0,0,1,1
8.1361,1.8249,1,202,payment,load,0,1,1,1
8.139,1.0479,1,200,payment,load,0,0,1,1
8.1392,1.9562,1,202,payment,load,0,1,1,1
8.1403,0.5074,1,200,student_read,load,0,0,1,1
8.1412,0.634,1,200,payment,load,0,0,1,1
8.1416,0.1626,0,503,transcript,load,0,0,1,1
8.1428,0.7288,1,200,balance,load,0,0,1,1
8.161,0.1658,0,503,timetable,load,0,0,1,1
8.162,0.5929,1,200,student_read,load,0,0,1,1
8.1632,0.1909,0,503,timetable,load,0,0,1,1
8.1633,0.1908,0,503,transcript,load,0,0,1,1
8.1635,0.6971,1,200,student_read,load,0,0,1,1
8.1732,1.9304,1,202,payment,load,0,1,1,1
8.1733,1.0553,1,200,balance,load,0,0,1,1
8.1749,1.0503,1,200,balance,load,0,0,1,1
8.1873,1.7659,1,202,grade,load,0,1,1,1
8.1936,2.5501,1,202,payment,load,0,1,1,1
8.1954,0.7118,1,200,student_read,load,0,0,1,1
8.1984,2.8248,1,202,payment,load,0,1,1,1
8.2081,0.8409,1,200,balance,load,0,0,1,1
8.2099,2.0144,1,202,payment,load,0,1,1,1
8.21,0.8121,1,200,balance,load,0,0,1,1
8.2105,2.1987,1,202,payment,load,0,1,1,1
8.2121,0.1745,0,503,timetable,load,0,0,1,1
8.2133,1.9608,1,202,enroll,load,0,1,1,1
8.2234,0.1963,0,503,timetable,load,0,0,1,1
8.2306,0.1892,0,503,transcript,load,0,0,1,1
8.2435,0.6816,1,200,student_read,load,0,0,1,1
8.2457,0.688,1,200,balance,load,0,0,1,1
8.2458,0.6882,1,200,balance,load,0,0,1,1
8.2467,0.813,1,200,balance,load,0,0,1,1
8.2473,0.8415,1,200,student_read,load,0,0,1,1
8.2553,0.6278,1,200,probe_student,probe,0,0,1,1
8.2571,0.1929,0,503,probe_records,probe,0,0,1,1
8.2587,0.1932,0,503,probe_timetable,probe,0,0,1,1
8.2605,0.5671,1,200,probe_payment,probe,0,0,1,1
8.2625,0.544,1,200,student_read,load,0,0,1,1
8.2673,2.0533,1,202,enroll,load,0,1,1,1
8.2673,0.615,1,200,balance,load,0,0,1,1
8.2674,0.5341,1,200,balance,load,0,0,1,1
8.2692,0.1821,0,503,timetable,load,0,0,1,1
8.2704,2.9042,1,202,payment,load,0,1,1,1
8.2722,0.1792,0,503,timetable,load,0,0,1,1
8.2733,2.0444,1,202,payment,load,0,1,1,1
8.2751,0.6235,1,200,balance,load,0,0,1,1
8.2783,0.9614,1,200,balance,load,0,0,1,1
8.2788,0.2066,0,503,transcript,load,0,0,1,1
8.2894,0.1951,0,503,timetable,load,0,0,1,1
8.3024,1.8178,1,202,enroll,load,0,1,1,1
8.3024,0.8216,1,200,balance,load,0,0,1,1
8.3026,0.1823,0,503,transcript,load,0,0,1,1
8.3027,0.18,0,503,transcript,load,0,0,1,1
8.3042,1.1948,1,200,payment,load,0,0,1,1
8.3155,1.8043,1,202,enroll,load,0,1,1,1
8.3186,0.9453,1,200,payment,load,0,0,1,1
8.3211,0.6665,1,200,student_read,load,0,0,1,1
8.3215,0.1961,0,503,timetable,load,0,0,1,1
8.3242,0.8397,1,200,balance,load,0,0,1,1
8.3247,0.6009,1,200,student_read,load,0,0,1,1
8.3269,1.6583,1,202,grade,load,0,1,1,1
8.3459,0.2037,0,503,timetable,load,0,0,1,1
8.346,0.935,1,200,balance,load,0,0,1,1
8.3482,0.9808,1,200,student_read,load,0,0,1,1
8.3536,1.9911,1,200,balance,load,0,0,1,1
8.3541,0.9255,1,200,balance,load,0,0,1,1
8.3542,1.2858,1,200,balance,load,0,0,1,1
8.3794,0.2084,0,503,transcript,load,0,0,1,1
8.3829,2.4808,1,202,payment,load,0,1,1,1
8.3832,1.9595,1,202,payment,load,0,1,1,1
8.3849,1.627,1,200,balance,load,0,0,1,1
8.3867,1.7333,1,202,grade,load,0,1,1,1
8.4098,0.5271,1,200,student_read,load,0,0,1,1
8.4099,1.7122,1,202,payment,load,0,1,1,1
8.4111,0.6081,1,200,timetable,load,0,0,1,1
8.412,0.2071,0,503,timetable,load,0,0,1,1
8.4197,1.8973,1,202,enroll,load,0,1,1,1
8.4198,0.6553,1,200,student_read,load,0,0,1,1
8.4397,0.7781,1,200,balance,load,0,0,1,1
8.4479,1.0453,1,200,balance,load,0,0,1,1
8.4483,0.2043,0,503,timetable,load,0,0,1,1
8.4488,2.623,1,202,payment,load,0,1,1,1
8.4513,0.2013,0,503,transcript,load,0,0,1,1
8.4515,0.7471,1,200,balance,load,0,0,1,1
8.452,0.1995,0,503,transcript,load,0,0,1,1
8.4708,2.0975,1,202,payment,load,0,1,1,1
8.4727,0.5135,1,200,student_read,load,0,0,1,1
8.4744,2.4504,1,202,payment,load,0,1,1,1
8.4753,1.7665,1,202,grade,load,0,1,1,1
8.4827,0.5737,1,200,student_read,load,0,0,1,1
8.4845,0.1976,0,503,timetable,load,0,0,1,1
8.4849,0.5537,1,200,student_read,load,0,0,1,1
8.4855,2.1219,1,202,payment,load,0,1,1,1
8.5012,0.6555,1,200,probe_student,probe,0,0,1,1
8.5027,0.2167,0,503,probe_records,probe,0,0,1,1
8.5045,0.219,0,503,probe_timetable,probe,0,0,1,1
8.5069,1.1535,1,200,probe_payment,probe,0,0,1,1
8.5088,0.2168,0,503,timetable,load,0,0,1,1
8.5135,0.2052,0,503,transcript,load,0,0,1,1
8.5135,0.2095,0,503,timetable,load,0,0,1,1
8.5137,1.8293,1,202,grade,load,0,1,1,1
8.5154,0.8738,1,200,balance,load,0,0,1,1
8.5176,0.2574,0,503,timetable,load,0,0,1,1
8.5222,0.6914,1,200,enroll,load,0,0,1,1
8.5223,0.8276,1,200,balance,load,0,0,1,1
8.5438,0.6952,1,200,balance,load,0,0,1,1
8.5438,0.214,0,503,transcript,load,0,0,1,1
8.5439,0.8168,1,200,student_read,load,0,0,1,1
8.5495,1.7682,1,202,grade,load,0,1,1,1
8.551,0.2182,0,503,transcript,load,0,0,1,1
8.5763,0.7106,1,200,enroll,load,0,0,1,1
8.5768,0.9303,1,200,balance,load,0,0,1,1
8.5783,0.2193,0,503,timetable,load,0,0,1,1
8.5785,0.2208,0,503,transcript,load,0,0,1,1
8.5793,0.1995,0,503,transcript,load,0,0,1,1
8.5793,0.2177,0,503,transcript,load,0,0,1,1
8.5801,0.6334,1,200,payment,load,0,0,1,1
8.5806,0.6356,1,200,student_read,load,0,0,1,1
8.5829,0.196,0,503,transcript,load,0,0,1,1
8.5878,2.1844,1,202,payment,load,0,1,1,1
8.5878,0.7213,1,200,payment,load,0,0,1,1
8.6142,1.7035,1,202,grade,load,0,1,1,1
8.6144,0.6291,1,200,student_read,load,0,0,1,1
8.6147,0.2147,0,503,transcript,load,0,0,1,1
8.6162,0.1966,0,503,transcript,load,0,0,1,1
8.6192,0.1938,0,503,transcript,load,0,0,1,1
8.6447,1.0838,1,200,balance,load,0,0,1,1
8.6451,0.6508,1,200,student_read,load,0,0,1,1
8.6475,0.1936,0,503,transcript,load,0,0,1,1
8.6477,0.7859,1,200,balance,load,0,0,1,1
8.6478,0.1948,0,503,transcript,load,0,0,1,1
8.6516,0.4542,1,200,balance,load,0,0,1,1
8.6526,0.189,0,503,timetable,load,0,0,1,1
8.6527,0.9297,1,200,student_read,load,0,0,1,1
8.6744,2.0024,1,202,enroll,load,0,1,1,1
8.6744,0.1873,0,503,timetable,load,0,0,1,1
8.6821,1.7304,1,202,grade,load,0,1,1,1
8.6834,0.2197,0,503,transcript,load,0,0,1,1
8.7081,0.8128,1,200,student_read,load,0,0,1,1
8.7091,1.9678,1,202,enroll,load,0,1,1,1
8.7091,0.1783,0,503,transcript,load,0,0,1,1
8.7107,0.2171,0,503,timetable,load,0,0,1,1
8.7113,0.1746,0,503,transcript,load,0,0,1,1
8.7126,0.217,0,503,timetable,load,0,0,1,1
8.7181,0.2102,0,503,timetable,load,0,0,1,1
8.7187,0.4332,1,200,student_read,load,0,0,1,1
8.723,0.1631,0,503,transcript,load,0,0,1,1
8.7486,0.2089,0,503,transcript,load,0,0,1,1
8.7487,1.7095,1,202,payment,load,0,1,1,1
8.7534,0.1541,0,503,timetable,load,0,0,1,1
8.7538,1.9676,1,202,payment,load,0,1,1,1
8.7549,0.4591,1,200,probe_student,probe,0,0,1,1
8.7569,0.2012,0,503,probe_records,probe,0,0,1,1
8.7578,2.1671,1,202,payment,load,0,1,1,1
8.759,0.1812,0,503,probe_timetable,probe,0,0,1,1
8.7606,0.9584,1,200,probe_payment,probe,0,0,1,1
8.7624,0.1794,0,503,timetable,load,0,0,1,1
8.7654,2.4171,1,202,payment,load,0,1,1,1
8.775,0.7431,1,200,grade,load,0,0,1,1
8.7751,1.1714,1,200,balance,load,0,0,1,1
8.7788,2.2494,1,202,payment,load,0,1,1,1
8.7789,1.7607,1,202,grade,load,0,1,1,1
8.7962,0.1875,0,503,transcript,load,0,0,1,1
8.7968,0.7863,1,200,balance,load,0,0,1,1
8.797,0.5372,1,200,balance,load,0,0,1,1
8.7976,0.1668,0,503,timetable,load,0,0,1,1
8.7989,0.1661,0,503,transcript,load,0,0,1,1
8.7994,0.4402,1,200,student_read,load,0,0,1,1
8.8015,0.1847,0,503,timetable,load,0,0,1,1
8.8016,0.4974,1,200,student_read,load,0,0,1,1
8.8024,0.1835,0,503,transcript,load,0,0,1,1
8.8093,1.911,1,202,payment,load,0,1,1,1
8.8128,1.8383,1,202,enroll,load,0,1,1,1
8.813,0.2033,0,503,transcript,load,0,0,1,1
8.8295,1.7353,1,202,payment,load,0,1,1,1
8.8411,0.1997,0,503,transcript,load,0,0,1,1
8.8412,2.1953,1,202,payment,load,0,1,1,1
8.8416,0.151,0,503,timetable,load,0,0,1,1
8.8426,1.3338,1,200,payment,load,0,0,1,1
8.8587,1.8967,1,202,enroll,load,0,1,1,1
8.8605,0.1618,0,503,transcript,load,0,0,1,1
8.8606,0.5549,1,200,student_read,load,0,0,1,1
8.8617,1.9393,1,202,payment,load,0,1,1,1
8.8652,0.1737,0,503,timetable,load,0,0,1,1
8.8717,1.7789,1,202,payment,load,0,1,1,1
8.8774,0.7762,1,200,balance,load,0,0,1,1
8.8823,0.6353,1,200,balance,load,0,0,1,1
8.8855,0.1573,0,503,timetable,load,0,0,1,1
8.8859,0.5058,1,200,student_read,load,0,0,1,1
8.8861,0.6557,1,200,student_read,load,0,0,1,1
8.8874,1.7199,1,202,payment,load,0,1,1,1
8.8986,0.443,1,200,student_read,load,0,0,1,1
8.9031,0.9986,1,200,student_read,load,0,0,1,1
8.9072,0.1524,0,503,timetable,load,0,0,1,1
8.9074,0.8708,1,200,student_read,load,0,0,1,1
8.9076,0.4939,1,200,grade,load,0,0,1,1
8.9251,0.5611,1,200,grade,load,0,0,1,1
8.9256,0.4318,1,200,student_read,load,0,0,1,1
8.9276,0.1737,0,503,transcript,load,0,0,1,1
8.9278,0.9769,1,200,balance,load,0,0,1,1
8.928,0.1732,0,503,transcript,load,0,0,1,1
8.9283,0.173,0,503,transcript,load,0,0,1,1
8.9296,0.4664,1,200,balance,load,0,0,1,1
8.9337,0.1949,0,503,transcript,load,0,0,1,1
8.9341,0.1449,0,503,timetable,load,0,0,1,1
8.9369,0.1432,0,503,transcript,load,0,0,1,1
8.9425,0.6031,1,200,payment,load,0,0,1,1
8.9575,0.5039,1,200,student_read,load,0,0,1,1
8.9581,2.8321,1,200,payment,load,0,0,1,1
8.9644,0.192,0,503,timetable,load,0,0,1,1
8.965,0.635,1,200,student_read,load,0,0,1,1
8.9803,0.4811,1,200,student_read,load,0,0,1,1
8.9837,0.669,1,200,student_read,load,0,0,1,1
8.9862,0.8658,1,200,balance,load,0,0,1,1
8.9862,0.5683,1,200,student_read,load,0,0,1,1
8.9877,1.0827,1,200,enroll,load,0,0,1,1
8.9878,0.4765,1,200,student_read,load,0,0,1,1
8.9894,0.1413,0,503,transcript,load,0,0,1,1
8.9926,1.8711,1,202,enroll,load,0,1,1,1
9.001,0.5991,1,200,probe_student,probe,0,0,1,1
9.0023,0.1589,0,503,probe_records,probe,0,0,1,1
9.0037,0.186,0,503,probe_timetable,probe,0,0,1,1
9.0056,1.1337,1,200,probe_payment,probe,0,0,1,1
9.0068,0.212,0,503,transcript,load,0,0,1,1
9.0162,1.8316,1,202,payment,load,0,1,1,1
9.0221,1.7767,1,202,grade,load,0,1,1,1
9.0362,0.6844,1,200,student_read,load,0,0,1,1
9.0386,1.9804,1,202,enroll,load,0,1,1,1
9.0389,0.1451,0,503,timetable,load,0,0,1,1
9.0409,2.671,1,202,payment,load,0,1,1,1
9.0429,1.8208,1,202,payment,load,0,1,1,1
9.0564,1.0386,1,200,balance,load,0,0,1,1
9.0596,0.8258,1,200,grade,load,0,0,1,1
9.0598,1.8656,1,202,grade,load,0,1,1,1
9.0662,0.1797,0,503,timetable,load,0,0,1,1
9.0751,0.5098,1,200,balance,load,0,0,1,1
9.0789,1.4562,1,200,payment,load,0,0,1,1
9.08,0.1962,0,503,timetable,load,0,0,1,1
9.0888,0.1826,0,503,transcript,load,0,0,1,1
9.1013,0.5912,1,200,student_read,load,0,0,1,1
9.1013,0.5522,1,200,balance,load,0,0,1,1
9.1014,2.2424,1,202,payment,load,0,1,1,1
9.1058,0.5687,1,200,student_read,load,0,0,1,1
9.1166,0.7066,1,200,balance,load,0,0,1,1
9.124,0.1816,0,503,timetable,load,0,0,1,1
9.1286,0.7459,1,200,student_read,load,0,0,1,1
9.1307,0.4481,1,200,student_read,load,0,0,1,1
9.152,0.5376,1,200,student_read,load,0,0,1,1
9.1564,1.884,1,202,enroll,load,0,1,1,1
9.1567,1.9113,1,202,enroll,load,0,1,1,1
9.1605,0.1929,0,503,transcript,load,0,0,1,1
9.1639,0.1473,0,503,timetable,load,0,0,1,1
9.1841,1.9708,1,202,payment,load,0,1,1,1
9.1869,0.1661,0,503,timetable,load,0,0,1,1
9.1986,0.1622,0,503,transcript,load,0,0,1,1
9.2064,1.6082,1,200,payment,load,0,0,1,1
9.2135,0.684,1,200,balance,load,0,0,1,1
9.2136,1.8571,1,202,enroll,load,0,1,1,1
9.216,0.1576,0,503,timetable,load,0,0,1,1
9.2162,0.1573,0,503,transcript,load,0,0,1,1
9.2173,0.4946,1,200,balance,load,0,0,1,1
9.2178,0.1433,0,503,timetable,load,0,0,1,1
9.2253,1.8423,1,202,grade,load,0,1,1,1
9.2287,0.1701,0,503,timetable,load,0,0,1,1
9.239,0.6793,1,200,balance,load,0,0,1,1
9.2396,0.1589,0,503,transcript,load,0,0,1,1
9.2397,1.8281,1,202,grade,load,0,1,1,1
9.2435,0.1577,0,503,transcript,load,0,0,1,1
9.2531,0.4201,1,200,probe_student,probe,0,0,1,1
9.2544,0.162,0,503,probe_records,probe,0,0,1,1
9.2564,0.1728,0,503,probe_timetable,probe,0,0,1,1
9.2582,0.5566,1,200,probe_payment,probe,0,0,1,1
9.26,0.4113,1,200,student_read,load,0,0,1,1
9.264,1.9184,1,202,enroll,load,0,1,1,1
9.2675,1.4171,1,200,payment,load,0,0,1,1
9.2715,1.5919,1,202,grade,load,0,1,1,1
9.2762,0.8294,1,200,enroll,load,0,0,1,1
9.2796,1.8348,1,202,grade,load,0,1,1,1
9.281,0.8295,1,200,balance,load,0,0,1,1
9.2869,0.6564,1,200,enroll,load,0,0,1,1
9.2959,1.7815,1,202,enroll,load,0,1,1,1
9.299,1.8566,1,202,enroll,load,0,1,1,1
9.3021,0.7185,1,200,enroll,load,0,0,1,1
9.3057,0.1938,0,503,transcript,load,0,0,1,1
9.3092,0.1313,0,503,transcript,load,0,0,1,1
9.3112,0.1293,0,503,transcript,load,0,0,1,1
9.3291,0.4123,1,200,balance,load,0,0,1,1
9.3342,0.1895,0,503,timetable,load,0,0,1,1
9.3417,0.4464,1,200,student_read,load,0,0,1,1
9.3499,0.5937,1,200,balance,load,0,0,1,1
9.353,0.8459,1,200,balance,load,0,0,1,1
9.3535,1.678,1,202,payment,load,0,1,1,1
9.3575,1.9902,1,202,payment,load,0,1,1,1
9.3599,0.6584,1,200,payment,load,0,0,1,1
9.3607,0.5138,1,200,balance,load,0,0,1,1
9.3608,0.4306,1,200,student_read,load,0,0,1,1
9.3611,0.3486,1,200,balance,load,0,0,1,1
9.3735,1.8311,1,202,grade,load,0,1,1,1
9.3736,1.9737,1,202,payment,load,0,1,1,1
9.3892,0.5359,1,200,balance,load,0,0,1,1
9.3917,0.1763,0,503,timetable,load,0,0,1,1
9.3924,0.1734,0,503,transcript,load,0,0,1,1
9.396,0.1479,0,503,transcript,load,0,0,1,1
9.396,0.1479,0,503,transcript,load,0,0,1,1
9.3985,0.1717,0,503,transcript,load,0,0,1,1
9.3988,1.806,1,202,payment,load,0,1,1,1
9.4012,0.1615,0,503,timetable,load,0,0,1,1
9.4015,0.4132,1,200,balance,load,0,0,1,1
9.4118,1.7659,1,202,payment,load,0,1,1,1
9.4156,0.1473,0,503,transcript,load,0,0,1,1
9.4337,0.6309,1,200,balance,load,0,0,1,1
9.4405,0.398,1,200,student_read,load,0,0,1,1
9.4406,1.1761,1,200,payment,load,0,0,1,1
9.4577,0.7166,1,200,balance,load,0,0,1,1
9.4614,0.1419,0,503,transcript,load,0,0,1,1
9.4614,1.3474,1,200,balance,load,0,0,1,1
9.4643,0.7096,1,200,balance,load,0,0,1,1
9.4862,0.2849,1,200,balance,load,0,0,1,1
9.4933,0.4138,1,200,balance,load,0,0,1,1
9.499,0.123,0,503,transcript,load,0,0,1,1
9.4995,2.2127,1,202,payment,load,0,1,1,1
9.5046,0.3325,1,200,probe_student,probe,0,0,1,1
9.5072,0.1292,0,503,timetable,load,0,0,1,1
9.5072,0.133,0,503,probe_records,probe,0,0,1,1
9.5091,0.1278,0,503,probe_timetable,probe,0,0,1,1
9.5107,0.8323,1,200,probe_payment,probe,0,0,1,1
9.5128,1.6697,1,202,payment,load,0,1,1,1
9.5177,0.1194,0,503,timetable,load,0,0,1,1
9.5179,0.2966,1,200,balance,load,0,0,1,1
9.518,0.1221,0,503,timetable,load,0,0,1,1
9.5181,0.5511,1,200,balance,load,0,0,1,1
9.5217,0.7231,1,200,payment,load,0,0,1,1
9.5238,0.7018,1,200,enroll,load,0,0,1,1
9.5418,0.5062,1,200,balance,load,0,0,1,1
9.5439,0.2537,1,200,balance,load,0,0,1,1
9.5439,0.3868,1,200,student_read,load,0,0,1,1
9.5456,0.1316,0,503,timetable,load,0,0,1,1
9.5511,2.1104,1,202,payment,load,0,1,1,1
9.5545,0.1168,0,503,transcript,load,0,0,1,1
9.5627,1.3651,1,200,enroll,load,0,0,1,1
9.5629,0.1176,0,503,timetable,load,0,0,1,1
9.5658,2.2863,1,202,payment,load,0,1,1,1
9.568,0.1215,0,503,transcript,load,0,0,1,1
9.5703,2.091,1,202,payment,load,0,1,1,1
9.5788,0.116,0,503,timetable,load,0,0,1,1
9.5824,0.6813,1,200,balance,load,0,0,1,1
9.5831,0.3436,1,200,student_read,load,0,0,1,1
9.585,0.1319,0,503,timetable,load,0,0,1,1
9.6,0.3825,1,200,student_read,load,0,0,1,1
9.6033,0.4683,1,200,grade,load,0,0,1,1
9.6135,0.0989,0,503,transcript,load,0,0,1,1
9.622,0.4299,1,200,student_read,load,0,0,1,1
9.6364,0.1179,0,503,timetable,load,0,0,1,1
9.6371,0.0824,0,503,timetable,load,0,0,1,1
9.6399,0.2532,1,200,balance,load,0,0,1,1
9.6401,1.7843,1,202,payment,load,0,1,1,1
9.6528,1.9566,1,202,enroll,load,0,1,1,1
9.6536,0.1424,0,503,timetable,load,0,0,1,1
9.6536,0.5196,1,200,balance,load,0,0,1,1
9.6536,0.786,1,200,grade,load,0,0,1,1
9.6714,1.6027,1,202,enroll,load,0,1,1,1
9.6773,0.5289,1,200,enroll,load,0,0,1,1
9.6806,0.2523,1,200,enroll,load,0,0,1,1
9.6896,0.2513,1,200,balance,load,0,0,1,1
9.6896,0.0716,0,503,transcript,load,0,0,1,1
9.6925,0.1429,0,503,transcript,load,0,0,1,1
9.6948,0.0781,0,503,transcript,load,0,0,1,1
9.7037,0.0757,0,503,timetable,load,0,0,1,1
9.7097,0.1533,0,503,timetable,load,0,0,1,1
9.712,2.0001,1,202,enroll,load,0,1,1,1
9.7169,0.2619,1,200,balance,load,0,0,1,1
9.7196,0.1891,0,503,timetable,load,0,0,1,1
9.7206,0.2012,0,503,transcript,load,0,0,1,1
9.7285,1.6525,1,202,payment,load,0,1,1,1
9.7414,0.2779,1,200,balance,load,0,0,1,1
9.7531,0.4957,1,200,probe_student,probe,0,0,1,1
9.7542,0.1239,0,503,timetable,load,0,0,1,1
9.7553,0.13,0,503,probe_records,probe,0,0,1,1
9.7573,0.1704,0,503,probe_timetable,probe,0,0,1,1
9.7592,0.3178,1,200,probe_payment,probe,0,0,1,1
9.7609,0.6488,1,200,enroll,load,0,0,1,1
9.7613,2.4091,1,202,payment,load,0,1,1,1
9.7712,1.9503,1,202,enroll,load,0,1,1,1
9.7729,0.1146,0,503,transcript,load,0,0,1,1
9.788,0.2885,1,200,transcript,load,0,0,1,1
9.7915,0.5514,1,200,student_read,load,0,0,1,1
9.796,1.7254,1,202,enroll,load,0,1,1,1
9.7977,0.1895,0,503,timetable,load,0,0,1,1
9.8146,1.9974,1,202,grade,load,0,1,1,1
9.8147,0.2923,1,200,transcript,load,0,0,1,1
9.8148,0.2932,1,200,timetable,load,0,0,1,1
9.8232,1.9929,1,202,payment,load,0,1,1,1
9.8355,0.1808,0,503,transcript,load,0,0,1,1
9.8386,0.2772,1,200,timetable,load,0,0,1,1
9.8521,1.7279,1,202,grade,load,0,1,1,1
9.8613,2.3087,1,202,payment,load,0,1,1,1
9.8631,0.3046,1,200,grade,load,0,0,1,1
9.8745,0.1744,0,503,timetable,load,0,0,1,1
9.8745,0.5655,1,200,student_read,load,0,0,1,1
9.8782,1.7016,1,202,enroll,load,0,1,1,1
9.8854,0.762,1,200,balance,load,0,0,1,1
9.8875,2.2822,1,202,payment,load,0,1,1,1
9.8931,0.2677,1,200,student_read,load,0,0,1,1
9.894,0.2667,1,200,balance,load,0,0,1,1
9.8966,0.989,1,200,payment,load,0,0,1,1
9.8975,0.2892,1,200,enroll,load,0,0,1,1
9.8976,0.0773,0,503,timetable,load,0,0,1,1
9.9004,0.1777,0,503,timetable,load,0,0,1,1
9.9018,0.33,1,200,student_read,load,0,0,1,1
9.9043,0.5657,1,200,balance,load,0,0,1,1
9.9048,1.9465,1,202,grade,load,0,1,1,1
9.9071,1.7106,1,202,payment,load,0,1,1,1
9.9072,0.2725,1,200,transcript,load,0,0,1,1
9.9088,1.7876,1,202,payment,load,0,1,1,1
9.9093,1.9071,1,200,payment,load,0,0,1,1
9.9118,2.8468,1,202,payment,load,0,1,1,1
9.9184,0.1194,0,503,transcript,load,0,0,1,1
9.9219,1.6233,1,202,payment,load,0,1,1,1
9.9251,0.1157,0,503,timetable,load,0,0,1,1
9.9267,0.3065,1,200,student_read,load,0,0,1,1
9.9308,0.7579,1,200,student_read,load,0,0,1,1
9.9329,2.0103,1,200,balance,load,0,0,1,1
9.9409,0.2082,0,503,timetable,load,0,0,1,1
9.9433,0.1123,0,503,timetable,load,0,0,1,1
9.9436,0.112,0,503,timetable,load,0,0,1,1
9.9466,2.0719,1,202,enroll,load,0,1,1,1
9.9499,0.1985,0,503,timetable,load,0,0,1,1
9.9532,0.3532,1,200,balance,load,0,0,1,1
9.9532,0.2829,1,200,balance,load,0,0,1,1
9.9533,0.3931,1,200,balance,load,0,0,1,1
9.9535,0.1054,0,503,timetable,load,0,0,1,1
9.9555,0.193,0,503,transcript,load,0,0,1,1
9.9574,0.1945,0,503,timetable,load,0,0,1,1
9.961,0.2809,1,200,balance,load,0,0,1,1
9.975,0.2021,0,503,transcript,load,0,0,1,1
9.9788,0.1985,0,503,timetable,load,0,0,1,1
9.9812,0.5066,1,200,student_read,load,0,0,1,1
9.9825,0.127,0,503,transcript,load,0,0,1,1
9.9851,0.3667,1,200,balance,load,0,0,1,1
9.9872,2.1873,1,202,enroll,load,0,1,1,1
10.0008,0.3056,1,200,probe_student,probe,0,0,1,1
10.0027,0.2042,0,503,probe_records,probe,0,0,1,1
10.0043,0.3479,1,200,probe_timetable,probe,0,0,1,1
10.0059,0.5254,1,200,probe_payment,probe,0,0,1,1
10.0073,0.3393,1,200,enroll,load,0,0,1,1
10.0119,0.3944,1,200,balance,load,0,0,1,1
10.0163,1.9153,1,202,payment,load,0,1,1,1
10.0194,0.1876,0,503,timetable,load,0,0,1,1
10.0378,1.3673,1,200,student_read,load,0,0,1,1
10.0408,0.1043,0,503,timetable,load,0,0,1,1
10.048,0.1813,0,503,timetable,load,0,0,1,1
10.049,0.3029,1,200,balance,load,0,0,1,1
10.0519,0.1001,0,503,timetable,load,0,0,1,1
10.0551,1.7304,1,200,enroll,load,0,0,1,1
10.0556,0.1731,0,503,timetable,load,0,0,1,1
10.0556,2.506,1,202,payment,load,0,1,1,1
10.0589,1.6673,1,202,enroll,load,0,1,1,1
10.0646,0.1865,0,503,timetable,load,0,0,1,1
10.0693,0.3046,1,200,student_read,load,0,0,1,1
10.0704,2.0995,1,202,enroll,load,0,1,1,1
10.0716,0.8488,1,200,student_read,load,0,0,1,1
10.0766,2.0253,1,202,payment,load,0,1,1,1
10.0781,0.0939,0,503,transcript,load,0,0,1,1
10.095,0.0918,0,503,timetable,load,0,0,1,1
10.0954,0.188,0,503,timetable,load,0,0,1,1
10.1034,0.1801,0,503,timetable,load,0,0,1,1
10.1036,2.0811,1,202,enroll,load,0,1,1,1
10.1039,0.3029,1,200,student_read,load,0,0,1,1
10.1056,0.3524,1,200,balance,load,0,0,1,1
10.107,0.1096,0,503,timetable,load,0,0,1,1
10.1095,2.0703,1,202,enroll,load,0,1,1,1
10.1105,0.7452,1,200,student_read,load,0,0,1,1
10.1158,1.9951,1,202,payment,load,0,1,1,1
10.1198,0.8488,1,200,balance,load,0,0,1,1
10.12,0.627,1,200,balance,load,1,0,1,1
10.122,1.809,1,202,enroll,load,0,1,1,1
10.1451,0.0935,0,503,timetable,load,0,0,1,1
10.1484,0.4163,1,200,balance,load,0,0,1,1
10.1491,0.8317,1,200,balance,load,0,0,1,1
10.1519,0.1599,0,503,timetable,load,0,0,1,1
10.1521,2.2377,1,202,payment,load,0,1,1,1
10.155,0.5653,1,200,balance,load,1,0,1,1
10.1607,0.3633,1,200,student_read,load,0,0,1,1
10.1608,0.3628,1,200,student_read,load,0,0,1,1
10.1678,0.333,1,200,balance,load,0,0,1,1
10.172,2.7593,1,202,payment,load,0,1,1,1
10.1732,0.1213,0,503,transcript,load,0,0,1,1
10.1739,1.9519,1,200,student_read,load,0,0,1,1
10.1742,0.7115,1,200,balance,load,1,0,1,1
10.1765,0.3475,1,200,balance,load,0,0,1,1
10.1771,1.328,1,200,payment,load,0,0,1,1
10.1773,0.3504,1,202,grade,load,0,1,1,1
10.1867,1.0837,1,200,student_read,load,0,0,1,1
10.1868,0.199,0,503,transcript,load,0,0,1,1
10.1989,0.3248,1,200,timetable,load,0,0,1,1
10.2061,0.5991,1,200,enroll,load,0,0,1,1
10.2069,1.8955,1,202,grade,load,0,1,1,1
10.207,0.3326,1,200,timetable,load,0,0,1,1
10.2166,0.3478,1,200,transcript,load,1,0,1,1
10.2243,0.1906,0,503,transcript,load,0,0,1,1
10.2256,0.3391,1,200,student_read,load,0,0,1,1
10.2288,0.3395,1,200,timetable,load,0,0,1,1
10.2293,1.1226,1,200,balance,load,1,0,1,1
10.2318,0.21,0,503,transcript,load,0,0,1,1
10.2332,0.2108,0,503,transcript,load,0,0,1,1
10.2362,0.3979,1,200,grade,load,0,0,1,1
10.2386,1.6798,1,200,enroll,load,0,0,1,1
10.2418,0.3653,1,200,transcript,load,1,0,1,1
10.242,0.3955,1,202,payment,load,0,1,1,1
10.2448,0.1972,0,503,transcript,load,0,0,1,1
10.2511,0.3271,1,200,timetable,load,0,0,1,1
10.263,1.0806,1,200,probe_student,probe,0,0,1,1
10.2637,0.1334,0,503,timetable,load,0,0,1,1
10.265,0.1342,0,503,probe_records,probe,0,0,1,1
10.2669,0.204,0,503,probe_timetable,probe,0,0,1,1
10.269,0.3475,1,200,probe_payment,probe,0,0,1,1
10.2701,1.0757,1,200,student_read,load,0,0,1,1
10.2834,0.8794,1,200,balance,load,0,0,1,1
10.2835,0.1905,0,503,timetable,load,0,0,1,1
10.2899,0.348,1,200,enroll,load,0,0,1,1
10.2945,0.8196,1,200,student_read,load,0,0,1,1
10.3064,0.1181,0,503,transcript,load,0,0,1,1
10.3065,0.6732,1,202,grade,load,0,1,1,1
10.3119,0.3805,1,202,payment,load,0,1,1,1
10.317,0.3632,1,200,student_read,load,0,0,1,1
10.3177,0.6152,1,200,balance,load,0,0,1,1
10.3177,0.3749,1,200,enroll,load,0,0,1,1
10.3206,0.2142,0,503,transcript,load,0,0,1,1
10.3427,0.1157,0,503,transcript,load,0,0,1,1
10.3429,1.0867,1,200,balance,load,0,0,1,1
10.3431,1.7979,1,202,payment,load,0,1,1,1
10.3464,1.7904,1,202,grade,load,0,1,1,1
10.3519,0.1832,0,503,transcript,load,0,0,1,1
10.3519,2.2138,1,202,payment,load,0,1,1,1
10.3522,1.0532,1,200,payment,load,0,0,1,1
10.3739,0.1139,0,503,transcript,load,0,0,1,1
10.3861,2.3675,1,200,payment,load,0,0,1,1
10.3971,0.3561,1,200,balance,load,1,0,1,1
10.402,0.3675,1,200,transcript,load,1,0,1,1
10.4064,2.3481,1,202,payment,load,0,1,1,1
10.4092,0.3607,1,200,student_read,load,0,0,1,1
10.4125,0.655,1,200,balance,load,0,0,1,1
10.4149,0.3502,1,200,student_read,load,0,0,1,1
10.432,2.3665,1,202,enroll,load,0,1,1,1
10.4401,1.1125,1,200,payment,load,0,0,1,1
10.4418,0.3238,1,200,timetable,load,0,0,1,1
10.4421,0.3227,1,200,student_read,load,0,0,1,1
10.4441,1.6965,1,202,payment,load,0,1,1,1
10.4581,0.322,1,200,balance,load,0,0,1,1
10.4582,0.2341,0,503,timetable,load,0,0,1,1
10.4584,0.7005,1,200,student_read,load,0,0,1,1
10.4633,0.2293,0,503,timetable,load,0,0,1,1
10.47,1.8076,1,202,payment,load,0,1,1,1
10.474,2.605,1,202,payment,load,0,1,1,1
10.4877,0.3097,1,200,transcript,load,0,0,1,1
10.4877,0.7209,1,200,student_read,load,0,0,1,1
10.5008,0.3753,1,200,payment,load,0,0,1,1
10.5095,0.3248,1,200,probe_student,probe,0,0,1,1
10.5117,0.2391,0,503,probe_records,probe,0,0,1,1
10.5137,0.3249,1,200,probe_timetable,probe,0,0,1,1
10.5159,1.2648,1,200,probe_payment,probe,0,0,1,1
10.5181,0.3223,1,200,timetable,load,0,0,1,1
10.5236,0.2271,0,503,transcript,load,0,0,1,1
10.5237,1.1421,1,200,payment,load,0,0,1,1
10.524,1.6562,1,200,balance,load,0,0,1,1
10.524,0.342,1,200,transcript,load,1,0,1,1
10.5278,0.3061,1,200,balance,load,0,0,1,1
10.5349,1.3261,1,200,balance,load,0,0,1,1
10.5351,2.16,1,202,enroll,load,0,1,1,1
10.5351,0.4049,1,200,timetable,load,0,0,1,1
10.5396,0.3396,1,200,timetable,load,0,0,1,1
10.5397,0.804,1,200,student_read,load,0,0,1,1
10.5566,1.0544,1,200,payment,load,0,0,1,1
10.5645,0.2956,1,200,balance,load,1,0,1,1
10.5647,0.3714,1,200,timetable,load,0,0,1,1
10.5647,0.3511,1,200,payment,load,0,0,1,1
10.5648,1.2912,1,200,balance,load,0,0,1,1
10.5682,2.7432,1,200,payment,load,0,0,1,1
10.5683,0.9325,1,200,student_read,load,0,0,1,1
10.5782,0.2323,0,503,timetable,load,0,0,1,1
10.602,0.3144,1,200,balance,load,0,0,1,1
10.6072,0.4161,1,200,payment,load,0,0,1,1
10.6074,1.7471,1,202,grade,load,0,1,1,1
10.6074,0.3285,1,200,timetable,load,0,0,1,1
10.6168,0.323,1,202,grade,load,0,1,1,1
10.6341,0.3424,0,503,timetable,load,0,0,1,1
10.6375,1.0145,1,200,balance,load,1,0,1,1
10.6379,0.3899,0,503,transcript,load,0,0,1,1
10.6474,0.3443,1,200,transcript,load,0,0,1,1
10.6506,0.3137,1,200,balance,load,0,0,1,1
10.651,0.8502,1,200,student_read,load,0,0,1,1
10.655,0.232,0,503,transcript,load,0,0,1,1
10.6768,0.2521,0,503,transcript,load,0,0,1,1
10.6769,0.3188,1,202,grade,load,0,1,1,1
10.6802,2.7427,1,202,payment,load,0,1,1,1
10.6846,2.3945,1,202,payment,load,0,1,1,1
10.6887,0.3115,1,200,balance,load,0,0,1,1
10.6923,1.7672,1,202,enroll,load,0,1,1,1
10.6924,1.226,1,200,student_read,load,0,0,1,1
10.6927,0.3074,1,200,transcript,load,0,0,1,1
10.7117,0.3196,1,200,transcript,load,1,0,1,1
10.7203,2.2942,1,202,enroll,load,0,1,1,1
10.7214,1.6932,1,200,payment,load,0,0,1,1
10.7438,0.2864,0,503,transcript,load,0,0,1,1
10.7471,0.3115,1,200,transcript,load,0,0,1,1
10.7508,1.7123,1,202,payment,load,0,1,1,1
10.7509,0.7945,1,200,probe_student,probe,0,0,1,1
10.7528,0.3519,1,200,probe_records,probe,1,0,1,1
10.7533,0.2957,0,503,timetable,load,0,0,1,1
10.7549,0.28,0,503,probe_timetable,probe,0,0,1,1
10.7555,2.1364,1,202,grade,load,0,1,1,1
10.7565,0.321,1,200,probe_payment,probe,0,0,1,1
10.7579,1.3333,1,200,student_read,load,0,0,1,1
10.7648,0.346,0,503,timetable,load,0,0,1,1
10.7651,0.3124,1,200,timetable,load,0,0,1,1
10.7656,1.7773,1,202,enroll,load,0,1,1,1
10.7699,1.3711,1,200,grade,load,0,0,1,1
10.7723,4.2643,1,200,balance,load,0,0,1,1
10.7801,0.9945,1,200,student_read,load,0,0,1,1
10.7975,0.2835,0,503,transcript,load,0,0,1,1
10.7988,0.3641,1,200,transcript,load,1,0,1,1
10.801,0.3625,1,200,balance,load,0,0,1,1
10.8045,1.7383,1,202,enroll,load,0,1,1,1
10.8053,0.3583,1,200,student_read,load,0,0,1,1
10.8088,0.2726,0,503,timetable,load,0,0,1,1
10.8105,1.3662,1,202,payment,load,0,1,1,1
10.8339,0.395,1,202,payment,load,0,1,1,1
10.8478,0.3772,1,200,balance,load,0,0,1,1
10.8509,2.1705,1,202,enroll,load,0,1,1,1
10.8557,0.4123,1,200,student_read,load,0,0,1,1
10.8601,0.2555,0,503,transcript,load,0,0,1,1
10.8634,1.0584,1,200,student_read,load,0,0,1,1
10.8637,0.8521,1,200,balance,load,1,0,1,1
10.8637,1.9895,1,200,payment,load,0,0,1,1
10.8637,0.3732,1,200,balance,load,1,0,1,1
10.866,0.3984,1,200,transcript,load,0,0,1,1
10.867,0.4021,1,200,timetable,load,0,0,1,1
10.8762,1.789,1,202,payment,load,0,1,1,1
10.8793,3.9416,1,202,payment,load,0,1,1,1
10.8857,3.3175,1,200,payment,load,0,0,1,1
10.8857,0.4312,1,200,balance,load,1,0,1,1
10.9068,0.4642,1,200,transcript,load,1,0,1,1
10.9158,1.1024,1,200,balance,load,0,0,1,1
10.9204,0.3971,1,200,timetable,load,0,0,1,1
10.9248,0.2846,0,503,timetable,load,0,0,1,1
10.9249,0.3963,1,200,transcript,load,0,0,1,1
10.9254,0.2872,0,503,timetable,load,0,0,1,1
10.9278,0.4106,1,200,balance,load,0,0,1,1
10.9289,2.4962,1,200,balance,load,0,0,1,1
10.9329,0.8416,1,200,student_read,load,0,0,1,1
10.9359,0.2736,0,503,transcript,load,0,0,1,1
10.9361,0.5272,1,202,payment,load,0,1,1,1
10.9398,0.274,0,503,transcript,load,0,0,1,1
10.9401,0.4328,1,200,transcript,load,1,0,1,1
10.9593,0.3186,0,503,timetable,load,0,0,1,1
10.9643,2.3428,1,202,enroll,load,0,1,1,1
10.9686,0.4014,1,200,balance,load,0,0,1,1
10.9765,0.4442,1,200,student_read,load,0,0,1,1
10.9797,0.448,1,200,timetable,load,0,0,1,1
10.9808,1.5848,1,200,payment,load,0,0,1,1
10.9917,0.283,0,503,timetable,load,0,0,1,1
10.9959,0.4814,1,202,payment,load,0,1,1,1
11.0002,1.3776,1,200,payment,load,0,0,1,1
11.0002,0.3141,0,503,timetable,load,0,0,1,1
11.0084,0.4661,1,200,probe_student,probe,0,0,1,1
11.0104,0.3052,0,503,probe_records,probe,0,0,1,1
11.0125,0.4662,1,200,probe_timetable,probe,0,0,1,1
11.0144,1.0088,1,200,probe_payment,probe,0,0,1,1
11.0162,0.4614,1,200,timetable,load,0,0,1,1
11.019,0.4553,1,200,transcript,load,0,0,1,1
11.0233,1.0847,1,200,payment,load,0,0,1,1
11.0233,0.4511,1,200,student_read,load,0,0,1,1
11.0278,0.2879,0,503,timetable,load,0,0,1,1
11.0282,0.8354,1,200,student_read,load,0,0,1,1
11.0302,0.8262,1,200,student_read,load,0,0,1,1
11.0315,0.4904,1,200,balance,load,1,0,1,1
11.0365,0.3183,0,503,transcript,load,0,0,1,1
11.0404,0.5776,1,200,payment,load,0,0,1,1
11.049,0.9657,1,202,grade,load,0,1,1,1
11.0518,0.3064,0,503,transcript,load,0,0,1,1
11.0585,0.5246,1,200,timetable,load,0,0,1,1
11.0675,0.5126,1,200,student_read,load,0,0,1,1
11.0676,0.5157,1,200,transcript,load,1,0,1,1
11.0679,0.2905,0,503,transcript,load,0,0,1,1
11.0707,0.2854,0,503,timetable,load,0,0,1,1
11.0718,0.5077,1,200,balance,load,1,0,1,1
11.0774,1.8071,1,202,enroll,load,0,1,1,1
11.0775,1.3663,1,200,payment,load,0,0,1,1
11.081,1.7204,1,200,grade,load,0,0,1,1
11.0814,0.2756,0,503,transcript,load,0,0,1,1
11.1047,0.5132,1,200,balance,load,0,0,1,1
11.1108,0.6215,1,200,payment,load,0,0,1,1
11.1141,1.0121,1,200,student_read,load,0,0,1,1
11.1144,0.2958,0,503,timetable,load,0,0,1,1
11.1156,0.2947,0,503,transcript,load,0,0,1,1
11.1548,0.5385,1,200,student_read,load,0,0,1,1
11.1555,0.5376,1,200,balance,load,0,0,1,1
11.159,0.3022,0,503,timetable,load,0,0,1,1
11.1597,1.4828,1,200,enroll,load,0,0,1,1
11.1628,0.2972,0,503,timetable,load,0,0,1,1
11.163,2.0039,1,202,payment,load,0,1,1,1
11.1635,0.5621,1,200,transcript,load,1,0,1,1
11.1637,0.5298,1,200,student_read,load,0,0,1,1
11.1747,1.4681,1,200,balance,load,0,0,1,1
11.1824,0.3228,0,503,transcript,load,0,0,1,1
11.1825,0.3229,0,503,transcript,load,0,0,1,1
11.2046,0.5859,1,200,student_read,load,0,0,1,1
11.2049,0.5857,1,200,student_read,load,0,0,1,1
11.2068,1.015,1,200,payment,load,0,0,1,1
11.2087,1.7859,1,200,balance,load,1,0,1,1
11.2093,1.9611,1,202,enroll,load,0,1,1,1
11.2096,2.9652,1,202,payment,load,0,1,1,1
11.2127,0.5173,1,200,transcript,load,0,0,1,1
11.2138,0.2955,0,503,transcript,load,0,0,1,1
11.225,0.544,1,200,transcript,load,1,0,1,1
11.229,1.9049,1,202,payment,load,0,1,1,1
11.237,3.9838,1,202,payment,load,0,1,1,1
11.2541,0.9655,1,200,probe_student,probe,0,0,1,1
11.2563,0.6769,1,200,probe_records,probe,0,0,1,1
11.2594,0.4486,0,503,probe_timetable,probe,0,0,1,1
11.2614,0.6699,1,200,probe_payment,probe,0,0,1,1
11.2638,0.516,0,503,transcript,load,0,0,1,1
11.2644,0.2887,0,503,transcript,load,0,0,1,1
11.268,0.8371,1,200,transcript,load,1,0,1,1
11.2691,0.284,0,503,timetable,load,0,0,1,1
11.2704,0.6616,1,200,student_read,load,0,0,1,1
11.274,0.9544,1,200,student_read,load,0,0,1,1
11.2748,0.281,0,503,transcript,load,0,0,1,1
11.3011,1.9331,1,200,payment,load,0,0,1,1
11.3143,0.7869,1,200,balance,load,1,0,1,1
11.3157,0.2946,0,503,timetable,load,0,0,1,1
11.3169,2.2359,1,202,payment,load,0,1,1,1
11.3175,0.8196,1,200,student_read,load,0,0,1,1
11.3213,1.1757,1,200,student_read,load,0,0,1,1
11.3384,1.1085,1,200,balance,load,0,0,1,1
11.3436,0.3263,0,503,timetable,load,0,0,1,1
11.3438,2.7545,1,200,enroll,load,0,0,1,1
11.3473,0.6236,1,200,balance,load,0,0,1,1
11.3477,0.3193,0,503,transcript,load,0,0,1,1
11.3519,0.3224,0,503,timetable,load,0,0,1,1
11.3527,0.3141,0,503,timetable,load,0,0,1,1
11.3548,0.7823,1,200,student_read,load,0,0,1,1
11.3561,3.8681,1,200,payment,load,0,0,1,1
11.3571,2.1846,1,202,payment,load,0,1,1,1
11.3583,3.0588,1,202,payment,load,0,1,1,1
11.37,1.8789,1,200,payment,load,0,0,1,1
11.3729,0.8399,1,200,balance,load,0,0,1,1
11.3811,4.1762,1,202,payment,load,0,1,1,1
11.4052,0.6166,1,200,student_read,load,0,0,1,1
11.4055,0.6251,1,200,student_read,load,0,0,1,1
11.4102,0.615,1,200,transcript,load,0,0,1,1
11.4104,0.851,1,200,student_read,load,0,0,1,1
11.4208,2.1754,1,202,enroll,load,0,1,1,1
11.4245,1.386,1,200,balance,load,1,0,1,1
11.4277,0.9298,1,200,student_read,load,0,0,1,1
11.4296,0.6386,1,200,timetable,load,0,0,1,1
11.4552,0.336,0,503,timetable,load,0,0,1,1
11.46,2.2221,1,202,payment,load,0,1,1,1
11.4612,2.2311,1,200,payment,load,0,0,1,1
11.4634,0.6324,1,200,student_read,load,0,0,1,1
11.4743,2.8475,1,200,balance,load,0,0,1,1
11.4744,0.9558,1,200,balance,load,0,0,1,1
11.4773,1.199,1,200,enroll,load,0,0,1,1
11.5008,0.6834,1,200,timetable,load,0,0,1,1
11.5013,0.8883,1,200,student_read,load,0,0,1,1
11.5045,1.376,1,200,probe_student,probe,0,0,1,1
11.5051,2.2325,1,202,enroll,load,0,1,1,1
11.5053,2.1362,1,202,payment,load,0,1,1,1
11.5055,1.7824,1,200,payment,load,0,0,1,1
11.5068,0.317,0,503,probe_records,probe,0,0,1,1
11.5087,0.6818,1,200,probe_timetable,probe,0,0,1,1
11.5093,1.06,1,200,student_read,load,0,0,1,1
11.5106,1.8821,1,200,probe_payment,probe,0,0,1,1
11.5127,0.842,1,200,student_read,load,0,0,1,1
11.5214,1.1903,1,200,student_read,load,0,0,1,1
11.5219,1.1212,1,200,balance,load,0,0,1,1
11.5453,0.6838,1,200,transcript,load,1,0,1,1
11.5518,0.329,0,503,transcript,load,0,0,1,1
11.5526,0.3292,0,503,transcript,load,0,0,1,1
11.5531,2.0382,1,202,grade,load,0,1,1,1
11.5532,1.38,1,200,payment,load,0,0,1,1
11.5557,0.7987,1,200,balance,load,0,0,1,1
11.5796,1.0679,1,200,enroll,load,0,0,1,1
11.5798,5.0083,0,0,payment,load,0,0,1,1
11.58,0.3011,0,503,timetable,load,0,0,1,1
11.5801,0.3009,0,503,transcript,load,0,0,1,1
11.5832,0.7745,1,200,transcript,load,1,0,1,1
11.5833,2.0587,1,202,payment,load,0,1,1,1
11.6073,0.971,1,200,balance,load,0,0,1,1
11.6094,0.3166,0,503,transcript,load,0,0,1,1
11.6103,2.0651,1,202,grade,load,0,1,1,1
11.6177,0.7078,1,200,student_read,load,0,0,1,1
11.6181,0.3079,0,503,transcript,load,0,0,1,1
11.652,0.931,1,200,enroll,load,0,0,1,1
11.6528,2.8219,1,200,payment,load,0,0,1,1
11.6613,0.3045,0,503,transcript,load,0,0,1,1
11.6659,1.0842,1,200,student_read,load,0,0,1,1
11.667,0.2171,0,503,timetable,load,0,0,1,1
11.67,1.1625,1,200,student_read,load,0,0,1,1
11.6744,1.1239,1,200,grade,load,0,0,1,1
11.6932,0.8409,1,200,balance,load,0,0,1,1
11.6933,1.5857,1,200,balance,load,0,0,1,1
11.6935,0.2435,0,503,transcript,load,0,0,1,1
11.6964,0.3319,0,503,timetable,load,0,0,1,1
11.708,0.9575,1,200,payment,load,0,0,1,1
11.7119,0.9313,1,200,student_read,load,0,0,1,1
11.7121,1.0377,1,200,student_read,load,0,0,1,1
11.7122,1.1202,1,200,grade,load,0,0,1,1
11.7158,0.3124,0,503,transcript,load,0,0,1,1
11.7215,0.2533,0,503,timetable,load,0,0,1,1
11.7256,0.9862,1,202,payment,load,0,1,1,1
11.7263,0.8169,1,200,enroll,load,0,0,1,1
11.7301,0.3016,0,503,timetable,load,0,0,1,1
11.7323,0.2996,0,503,timetable,load,0,0,1,1
11.7599,0.9351,1,200,probe_student,probe,0,0,1,1
11.7614,0.3115,0,503,probe_records,probe,0,0,1,1
11.7637,0.3366,0,503,probe_timetable,probe,0,0,1,1
11.7662,0.7688,1,200,probe_payment,probe,0,0,1,1
11.768,5.0058,0,0,payment,load,0,0,1,1
11.769,2.4564,1,200,student_read,load,0,0,1,1
11.7745,0.2979,0,503,transcript,load,0,0,1,1
11.7746,0.2977,0,503,transcript,load,0,0,1,1
11.7904,0.3098,0,503,timetable,load,0,0,1,1
11.7906,0.3096,0,503,transcript,load,0,0,1,1
11.8066,0.2688,0,503,transcript,load,0,0,1,1
11.812,0.2651,0,503,timetable,load,0,0,1,1
11.8162,1.2594,1,200,student_read,load,0,0,1,1
11.8165,1.2625,1,200,payment,load,0,0,1,1
11.8513,0.3293,0,503,timetable,load,0,0,1,1
11.8521,0.7306,1,200,student_read,load,0,0,1,1
11.8529,1.2184,1,200,balance,load,0,0,1,1
11.856,0.7307,1,200,transcript,load,0,0,1,1
11.8564,1.0585,1,200,balance,load,0,0,1,1
11.861,1.9274,1,200,balance,load,0,0,1,1
11.8636,0.8016,1,202,grade,load,0,1,1,1
11.8811,0.8417,1,200,transcript,load,0,0,1,1
11.8811,0.3037,0,503,transcript,load,0,0,1,1
11.8819,0.3054,0,503,timetable,load,0,0,1,1
11.8841,2.4164,1,202,enroll,load,0,1,1,1
11.9147,2.2765,1,202,enroll,load,0,1,1,1
11.9184,0.9135,1,200,balance,load,1,0,1,1
11.9185,0.8721,1,200,payment,load,0,0,1,1
11.9219,0.3093,0,503,timetable,load,0,0,1,1
11.926,1.5598,1,200,enroll,load,0,0,1,1
11.9261,2.4329,1,200,balance,load,0,0,1,1
11.931,0.9457,1,200,student_read,load,0,0,1,1
11.9316,0.8662,1,200,transcript,load,1,0,1,1
11.932,0.9035,1,200,balance,load,0,0,1,1
11.937,1.8752,1,200,payment,load,0,0,1,1
11.9432,1.2343,1,200,balance,load,0,0,1,1
11.9614,1.346,1,200,enroll,load,0,0,1,1
11.9658,1.16,1,200,student_read,load,0,0,1,1
11.9709,0.9103,1,200,transcript,load,0,0,1,1
11.9748,1.8505,1,200,student_read,load,0,0,1,1
12.0077,0.9222,1,200,probe_student,probe,0,0,1,1
12.0094,0.313,0,503,probe_records,probe,0,0,1,1
12.0111,0.7873,1,200,probe_timetable,probe,0,0,1,1
12.013,1.7204,1,200,probe_payment,probe,0,0,1,1
12.0148,2.9109,1,200,balance,load,0,0,1,1
12.0152,1.0057,1,200,student_read,load,0,0,1,1
12.0182,1.0871,1,200,student_read,load,0,0,1,1
12.0185,1.9773,1,200,student_read,load,0,0,1,1
12.0218,4.5294,1,202,payment,load,0,1,1,1
12.0253,0.7728,1,200,timetable,load,0,0,1,1
12.0283,3.6717,1,202,payment,load,0,1,1,1
12.0283,2.3854,1,202,enroll,load,0,1,1,1
12.0317,0.25,0,503,transcript,load,0,0,1,1
12.032,1.5969,1,200,student_read,load,0,0,1,1
12.0539,1.45,1,200,enroll,load,0,0,1,1
12.0682,1.1766,1,200,balance,load,0,0,1,1
12.0723,2.3414,1,202,grade,load,0,1,1,1
12.0725,0.3228,0,503,transcript,load,0,0,1,1
12.0771,0.9018,1,200,student_read,load,0,0,1,1
12.0959,0.7848,1,200,transcript,load,0,0,1,1
12.1003,1.1744,1,200,student_read,load,0,0,1,1
12.1003,1.4398,1,200,student_read,load,0,0,1,1
12.1013,1.6876,1,200,payment,load,0,0,1,1
12.102,2.3767,1,200,enroll,load,0,0,1,1
12.1024,0.9576,1,200,payment,load,0,0,1,1
12.1052,0.9578,1,200,payment,load,0,0,1,1
12.108,2.5497,1,200,student_read,load,0,0,1,1
12.1109,0.2509,0,503,timetable,load,0,0,1,1
12.1258,1.2485,1,200,enroll,load,0,0,1,1
12.1263,1.6695,1,200,payment,load,0,0,1,1
12.1368,0.2784,0,503,timetable,load,0,0,1,1
12.1371,2.5304,1,200,balance,load,0,0,1,1
12.1372,0.2777,0,503,transcript,load,0,0,1,1
12.1406,1.4275,1,200,enroll,load,0,0,1,1
12.141,3.6713,1,202,enroll,load,0,1,1,1
12.141,0.3752,0,503,transcript,load,0,0,1,1
12.1596,1.7964,1,200,payment,load,0,0,1,1
12.1697,1.7381,1,200,balance,load,0,0,1,1
12.1699,0.29,0,503,timetable,load,0,0,1,1
12.1704,2.9864,1,200,balance,load,0,0,1,1
12.1746,1.1426,1,200,student_read,load,0,0,1,1
12.1767,0.3412,0,503,timetable,load,0,0,1,1
12.1798,0.9757,1,200,student_read,load,0,0,1,1
12.1802,1.1444,1,200,payment,load,0,0,1,1
12.1806,0.3391,0,503,transcript,load,0,0,1,1
12.1842,0.2814,0,503,transcript,load,0,0,1,1
12.1848,0.3326,0,503,transcript,load,0,0,1,1
12.1848,0.3357,0,503,timetable,load,0,0,1,1
12.1873,2.2952,1,202,enroll,load,0,1,1,1
12.2052,0.3166,0,503,timetable,load,0,0,1,1
12.2128,0.3614,0,503,transcript,load,0,0,1,1
12.2285,1.046,1,200,student_read,load,0,0,1,1
12.229,1.3624,1,200,student_read,load,0,0,1,1
12.2312,1.0134,1,200,student_read,load,0,0,1,1
12.2522,1.2615,1,200,probe_student,probe,0,0,1,1
12.2536,0.2914,0,503,probe_records,probe,0,0,1,1
12.2557,0.3937,0,503,probe_timetable,probe,0,0,1,1
12.2578,1.0179,1,200,probe_payment,probe,0,0,1,1
12.2611,0.3893,0,503,timetable,load,0,0,1,1
12.2614,5.0023,0,0,enroll,load,0,0,1,1
12.2776,1.3218,1,200,payment,load,0,0,1,1
12.2817,2.6854,1,200,student_read,load,0,0,1,1
12.3131,0.8211,1,200,transcript,load,0,0,1,1
12.3256,1.1859,1,200,grade,load,0,0,1,1
12.3545,0.7801,1,200,transcript,load,0,0,1,1
12.3545,2.8034,1,202,enroll,load,0,1,1,1
12.3548,2.6362,1,202,payment,load,0,1,1,1
12.3575,2.8636,1,202,enroll,load,0,1,1,1
12.3577,1.0798,1,200,balance,load,0,0,1,1
12.3618,1.3336,1,200,student_read,load,0,0,1,1
12.3778,1.239,1,200,grade,load,0,0,1,1
12.3896,1.0409,1,200,balance,load,0,0,1,1
12.3898,2.7325,1,202,enroll,load,0,1,1,1
12.3953,0.36,0,503,transcript,load,0,0,1,1
12.4052,3.6888,1,200,student_read,load,0,0,1,1
12.4147,2.2045,1,202,payment,load,0,1,1,1
12.4149,0.9542,1,200,grade,load,0,0,1,1
12.4152,1.268,1,200,student_read,load,0,0,1,1
12.4303,1.5546,1,200,student_read,load,0,0,1,1
12.4439,2.0345,1,200,enroll,load,0,0,1,1
12.447,3.9027,1,200,student_read,load,0,0,1,1
12.4505,0.3646,0,503,transcript,load,0,0,1,1
12.4595,2.6166,1,200,enroll,load,0,0,1,1
12.46,2.3016,1,202,payment,load,0,1,1,1
12.463,1.0823,1,200,enroll,load,0,0,1,1
12.4656,0.955,1,200,student_read,load,0,0,1,1
12.4969,2.0984,1,200,balance,load,0,0,1,1
12.5104,1.4649,1,200,probe_student,probe,0,0,1,1
12.5122,0.3799,0,503,probe_records,probe,0,0,1,1
12.5138,0.8549,1,200,probe_timetable,probe,0,0,1,1
12.5157,1.4111,1,200,probe_payment,probe,0,0,1,1
12.5163,1.258,1,200,payment,load,0,0,1,1
12.5174,0.8117,1,200,timetable,load,0,0,1,1
12.5176,0.9137,1,200,balance,load,0,0,1,1
12.5179,2.5196,1,200,enroll,load,0,0,1,1
12.5197,0.3723,0,503,timetable,load,0,0,1,1
12.5205,0.8009,1,200,transcript,load,0,0,1,1
12.5341,2.5425,1,200,payment,load,0,0,1,1
12.5429,2.4907,1,200,balance,load,0,0,1,1
12.5432,1.0324,1,200,student_read,load,0,0,1,1
12.5559,1.7095,1,200,balance,load,0,0,1,1
12.5617,2.4366,1,200,balance,load,0,0,1,1
12.5656,1.3385,1,200,enroll,load,0,0,1,1
12.5657,1.2086,1,200,enroll,load,0,0,1,1
12.5693,0.7994,1,200,transcript,load,0,0,1,1
12.5742,0.9188,1,200,transcript,load,0,0,1,1
12.5828,1.1506,1,200,grade,load,0,0,1,1
12.583,0.381,0,503,transcript,load,0,0,1,1
12.5868,1.0376,1,200,student_read,load,0,0,1,1
12.6021,0.8835,1,200,timetable,load,0,0,1,1
12.6428,1.5289,1,200,enroll,load,0,0,1,1
12.6432,1.639,1,200,payment,load,0,0,1,1
12.6433,2.1327,1,202,grade,load,0,1,1,1
12.6475,0.3814,0,503,transcript,load,0,0,1,1
12.6505,2.5636,1,202,enroll,load,0,1,1,1
12.6652,0.9295,1,200,balance,load,0,0,1,1
12.6652,0.4179,0,503,transcript,load,0,0,1,1
12.6764,2.3098,1,200,student_read,load,0,0,1,1
12.6951,0.3259,0,503,transcript,load,0,0,1,1
12.7099,1.4309,1,200,enroll,load,0,0,1,1
12.7118,2.9324,1,202,payment,load,0,1,1,1
12.7119,3.2296,1,202,enroll,load,0,1,1,1
12.7228,0.2983,0,503,transcript,load,0,0,1,1
12.7498,1.1072,1,200,student_read,load,0,0,1,1
12.7501,0.3838,0,503,transcript,load,0,0,1,1
12.7536,1.1466,1,200,grade,load,0,0,1,1
12.7538,3.8072,1,200,probe_student,probe,0,0,1,1
12.7545,1.9558,1,200,student_read,load,0,0,1,1
12.7554,2.1048,1,200,grade,load,0,0,1,1
12.756,0.2704,0,503,probe_records,probe,0,0,1,1
12.7581,0.4314,0,503,probe_timetable,probe,0,0,1,1
12.7586,0.2659,0,503,transcript,load,0,0,1,1
12.76,0.7853,1,200,probe_payment,probe,0,0,1,1
12.7619,1.4646,1,200,student_read,load,0,0,1,1
12.7906,0.399,0,503,transcript,load,0,0,1,1
12.7978,1.4841,1,200,student_read,load,0,0,1,1
12.7981,0.3921,0,503,transcript,load,0,0,1,1
12.7983,0.9172,1,200,balance,load,0,0,1,1
12.7985,0.276,0,503,transcript,load,0,0,1,1
12.8014,2.5724,1,200,enroll,load,0,0,1,1
12.8018,1.0983,1,200,payment,load,0,0,1,1
12.8105,0.3045,0,503,transcript,load,0,0,1,1
12.8319,1.3902,1,200,student_read,load,0,0,1,1
12.8324,0.3573,0,503,transcript,load,0,0,1,1
12.8325,0.358,0,503,transcript,load,0,0,1,1
12.8355,0.2842,0,503,transcript,load,0,0,1,1
12.8532,0.2857,0,503,transcript,load,0,0,1,1
12.8637,0.3996,0,503,timetable,load,0,0,1,1
12.8768,2.4494,1,200,student_read,load,0,0,1,1
12.8806,1.2874,1,200,student_read,load,0,0,1,1
12.8813,1.0785,1,200,payment,load,0,0,1,1
12.8846,0.2544,0,503,timetable,load,0,0,1,1
12.8919,0.3621,0,503,transcript,load,0,0,1,1
12.892,1.245,1,200,payment,load,0,0,1,1
12.9109,2.4462,1,200,enroll,load,0,0,1,1
12.9149,0.4004,0,503,timetable,load,0,0,1,1
12.9313,2.507,1,202,enroll,load,0,1,1,1
12.9331,1.4647,1,200,student_read,load,0,0,1,1
12.9575,2.0321,1,200,enroll,load,0,0,1,1
12.964,2.5092,1,200,balance,load,0,0,1,1
12.9789,3.1416,1,200,enroll,load,0,0,1,1
12.9947,1.5744,1,200,payment,load,0,0,1,1
13.0033,1.6721,1,200,probe_student,probe,0,0,1,1
13.0055,0.3697,0,503,probe_records,probe,0,0,1,1
13.0075,0.2712,0,503,probe_timetable,probe,0,0,1,1
13.0094,1.1587,1,200,probe_payment,probe,0,0,1,1
13.011,0.2684,0,503,transcript,load,0,0,1,1
13.0145,0.3668,0,503,transcript,load,0,0,1,1
13.0211,0.2581,0,503,timetable,load,0,0,1,1
13.0211,2.2981,1,202,grade,load,0,1,1,1
13.0245,3.993,1,200,student_read,load,0,0,1,1
13.0289,0.7829,1,200,balance,load,0,0,1,1
13.06,2.6113,1,200,balance,load,0,0,1,1
13.063,2.6912,1,200,enroll,load,0,0,1,1
13.0745,0.7793,1,200,timetable,load,0,0,1,1
13.0756,2.0522,1,202,grade,load,0,1,1,1
13.079,1.0615,1,200,student_read,load,0,0,1,1
13.0791,2.5217,1,200,payment,load,0,0,1,1
13.0791,2.417,1,200,student_read,load,0,0,1,1
13.0831,0.8168,1,200,transcript,load,0,0,1,1
13.1052,0.2775,0,503,timetable,load,0,0,1,1
13.1104,1.1145,1,200,payment,load,0,0,1,1
13.115,1.3023,1,200,payment,load,0,0,1,1
13.1198,0.8762,1,200,transcript,load,0,0,1,1
13.1258,0.3858,0,503,timetable,load,0,0,1,1
13.1339,0.3802,0,503,transcript,load,0,0,1,1
13.1339,1.0765,1,200,student_read,load,0,0,1,1
13.1346,0.9105,1,200,transcript,load,0,0,1,1
13.1389,1.2436,1,200,enroll,load,0,0,1,1
13.139,3.4141,1,202,payment,load,0,1,1,1
13.1554,1.548,1,200,student_read,load,0,0,1,1
13.1557,2.6419,1,200,student_read,load,0,0,1,1
13.1669,1.1152,1,200,student_read,load,0,0,1,1
13.1705,4.851,1,202,enroll,load,0,1,1,1
13.1775,1.6917,1,200,student_read,load,0,0,1,1
13.1896,3.3667,1,202,enroll,load,0,1,1,1
13.1898,0.3033,0,503,transcript,load,0,0,1,1
13.1902,1.2844,1,200,student_read,load,0,0,1,1
13.1905,0.9962,1,200,grade,load,0,0,1,1
13.2022,0.8429,1,200,balance,load,0,0,1,1
13.2446,0.3879,0,503,transcript,load,0,0,1,1
13.2449,2.6967,1,202,payment,load,0,1,1,1
13.249,3.2794,1,202,enroll,load,0,1,1,1
13.2523,1.0904,1,200,probe_student,probe,0,0,1,1
13.2539,0.9326,1,200,probe_records,probe,0,0,1,1
13.2541,1.8224,1,200,student_read,load,0,0,1,1
13.2558,0.3769,0,503,probe_timetable,probe,0,0,1,1
13.2577,1.0634,1,200,probe_payment,probe,0,0,1,1
13.2596,1.2741,1,200,student_read,load,0,0,1,1
13.2745,0.9158,1,200,balance,load,0,0,1,1
13.2746,1.6619,1,200,grade,load,0,0,1,1
13.2791,1.7332,1,200,student_read,load,0,0,1,1
13.2791,0.4134,0,503,timetable,load,0,0,1,1
13.288,1.87,1,200,balance,load,0,0,1,1
13.3071,0.3855,0,503,transcript,load,0,0,1,1
13.3074,1.2657,1,200,enroll,load,0,0,1,1
13.3115,0.875,1,200,timetable,load,0,0,1,1
13.3154,2.2851,1,200,balance,load,0,0,1,1
13.3172,2.4368,1,200,payment,load,0,0,1,1
13.3214,1.5974,1,200,student_read,load,0,0,1,1
13.3246,0.8653,1,200,timetable,load,0,0,1,1
13.3291,0.4126,0,503,timetable,load,0,0,1,1
13.357,3.0856,1,202,payment,load,0,1,1,1
13.3687,1.7618,1,200,enroll,load,0,0,1,1
13.3692,1.1636,1,200,enroll,load,0,0,1,1
13.3743,0.9467,1,200,balance,load,0,0,1,1
13.3813,3.1773,1,202,payment,load,0,1,1,1
13.3828,1.0923,1,200,student_read,load,0,0,1,1
13.4041,0.9181,1,200,transcript,load,0,0,1,1
13.4207,2.3768,1,200,payment,load,0,0,1,1
13.4229,1.1961,1,200,balance,load,0,0,1,1
13.4251,1.3525,1,200,balance,load,0,0,1,1
13.4305,3.3203,1,202,payment,load,0,1,1,1
13.4375,0.3626,0,503,transcript,load,0,0,1,1
13.4664,2.6489,1,200,payment,load,0,0,1,1
13.4857,0.2928,0,503,transcript,load,0,0,1,1
13.493,1.6703,1,200,student_read,load,0,0,1,1
13.4931,1.053,1,200,student_read,load,0,0,1,1
13.5038,1.2727,1,200,probe_student,probe,0,0,1,1
13.5054,0.3477,0,503,probe_records,probe,0,0,1,1
13.5072,0.3056,0,503,probe_timetable,probe,0,0,1,1
13.5087,1.4172,1,200,probe_payment,probe,0,0,1,1
13.5102,0.3044,0,503,timetable,load,0,0,1,1
13.5115,0.3006,0,503,transcript,load,0,0,1,1
13.5117,2.1644,1,202,payment,load,0,1,1,1
13.5141,0.3386,0,503,transcript,load,0,0,1,1
13.54,0.2756,0,503,transcript,load,0,0,1,1
13.5417,0.8383,1,200,grade,load,0,0,1,1
13.5454,0.9297,1,200,balance,load,0,0,1,1
13.5528,2.5981,1,202,enroll,load,0,1,1,1
13.5576,1.0376,1,200,student_read,load,0,0,1,1
13.5681,1.0282,1,200,balance,load,0,0,1,1
13.5756,0.9899,1,200,student_read,load,0,0,1,1
13.5914,2.0502,1,200,enroll,load,0,0,1,1
13.5915,1.0666,1,200,balance,load,0,0,1,1
13.5947,1.9482,1,202,enroll,load,0,1,1,1
13.5962,0.9732,1,200,grade,load,0,0,1,1
13.5995,3.1515,1,202,payment,load,0,1,1,1
13.6035,1.1157,1,200,student_read,load,0,0,1,1
13.6168,4.4781,1,202,enroll,load,0,1,1,1
13.6244,0.3435,0,503,transcript,load,0,0,1,1
13.6289,0.2753,0,503,timetable,load,0,0,1,1
13.6325,0.8983,1,200,grade,load,0,0,1,1
13.6415,1.3413,1,200,grade,load,0,0,1,1
13.642,1.2254,1,200,student_read,load,0,0,1,1
13.6649,0.3838,0,503,transcript,load,0,0,1,1
13.6754,3.3445,1,200,enroll,load,0,0,1,1
13.6821,1.6328,1,200,student_read,load,0,0,1,1
13.6832,2.7139,1,202,enroll,load,0,1,1,1
13.6922,0.3106,0,503,timetable,load,0,0,1,1
13.6925,1.1829,1,200,grade,load,0,0,1,1
13.6926,1.5102,1,200,balance,load,0,0,1,1
13.6955,0.3538,0,503,timetable,load,0,0,1,1
13.7118,1.1486,1,200,payment,load,0,0,1,1
13.7155,1.816,1,200,payment,load,0,0,1,1
13.7334,1.2776,1,200,balance,load,0,0,1,1
13.7376,2.3454,1,202,grade,load,0,1,1,1
13.7417,2.4092,1,202,grade,load,0,1,1,1
13.7572,1.7309,1,200,probe_student,probe,0,0,1,1
13.7588,0.3745,0,503,probe_records,probe,0,0,1,1
13.7608,0.5299,0,503,probe_timetable,probe,0,0,1,1
13.7626,1.1342,1,200,probe_payment,probe,0,0,1,1
13.7647,0.5896,0,503,transcript,load,0,0,1,1
13.7743,0.2834,0,503,transcript,load,0,0,1,1
13.7744,0.7982,1,200,balance,load,0,0,1,1
13.7786,2.3782,1,200,payment,load,0,0,1,1
13.7885,0.3144,0,503,transcript,load,0,0,1,1
13.7889,1.1175,1,200,enroll,load,0,0,1,1
13.7958,0.3801,0,503,transcript,load,0,0,1,1
13.8001,0.3756,0,503,transcript,load,0,0,1,1
13.8033,2.3137,1,200,enroll,load,0,0,1,1
13.8119,1.0486,1,200,balance,load,0,0,1,1
13.8122,2.4033,1,200,payment,load,0,0,1,1
13.8122,0.9674,1,200,balance,load,0,0,1,1
13.8157,2.3379,1,202,grade,load,0,1,1,1
13.8254,1.247,1,200,student_read,load,0,0,1,1
13.8527,1.0953,1,200,grade,load,0,0,1,1
13.8531,1.4258,1,200,enroll,load,0,0,1,1
13.8538,0.2918,0,503,timetable,load,0,0,1,1
13.857,1.3569,1,200,balance,load,0,0,1,1
13.8999,2.3705,1,202,grade,load,0,1,1,1
13.9002,0.9127,1,200,transcript,load,0,0,1,1
13.9042,2.5667,1,200,balance,load,0,0,1,1
13.9042,1.3404,1,200,enroll,load,0,0,1,1
13.9079,0.868,1,200,transcript,load,0,0,1,1
13.9113,2.1433,1,200,enroll,load,0,0,1,1
13.956,0.4109,0,503,transcript,load,0,0,1,1
13.9598,1.8403,1,200,enroll,load,0,0,1,1
13.9678,2.5148,1,200,student_read,load,0,0,1,1
13.9849,1.6726,1,200,student_read,load,0,0,1,1
13.9959,2.3216,1,200,student_read,load,0,0,1,1
13.9961,0.8342,1,200,transcript,load,0,0,1,1
14.0019,1.2074,1,200,probe_student,probe,0,0,1,1
14.0029,1.3746,1,200,student_read,load,0,0,1,1
14.0039,0.4147,0,503,probe_records,probe,0,0,1,1
14.0058,0.8605,1,200,probe_timetable,probe,0,0,1,1
14.01,3.3648,1,200,probe_payment,probe,0,0,1,1
14.0122,0.8778,1,200,timetable,load,0,0,1,1
14.0451,1.088,1,200,student_read,load,0,0,1,1
14.0493,2.5039,1,202,enroll,load,0,1,1,1
14.0577,2.5221,1,200,balance,load,0,0,1,1
14.0644,1.3912,1,200,student_read,load,0,0,1,1
14.0984,0.9506,1,200,grade,load,0,0,1,1
14.102,1.4173,1,200,student_read,load,0,0,1,1
14.1029,0.384,0,503,transcript,load,0,0,1,1
14.137,1.7716,1,200,enroll,load,0,0,1,1
14.1405,0.8029,1,200,balance,load,0,0,1,1
14.1456,1.9921,1,202,grade,load,0,1,1,1
14.158,1.8682,1,200,student_read,load,0,0,1,1
14.1681,1.1049,1,200,grade,load,0,0,1,1
14.1717,1.3628,1,200,student_read,load,0,0,1,1
14.1748,2.2194,1,202,enroll,load,0,1,1,1
14.1757,1.1999,1,200,student_read,load,0,0,1,1
14.1759,0.3718,0,503,timetable,load,0,0,1,1
14.1865,1.8346,1,200,enroll,load,0,0,1,1
14.1867,2.4605,1,202,enroll,load,0,1,1,1
14.19,3.1675,1,200,balance,load,0,0,1,1
14.1904,1.7984,1,200,payment,load,0,0,1,1
14.2031,0.8116,1,200,student_read,load,0,0,1,1
14.2043,1.1113,1,200,balance,load,0,0,1,1
14.2104,1.0302,1,200,grade,load,0,0,1,1
14.2221,1.8326,1,200,student_read,load,0,0,1,1
14.2255,0.3804,0,503,transcript,load,0,0,1,1
14.2506,2.4228,1,200,probe_student,probe,0,0,1,1
14.2517,0.8027,1,200,probe_records,probe,0,0,1,1
14.2532,0.4047,0,503,probe_timetable,probe,0,0,1,1
14.2547,0.9047,1,200,probe_payment,probe,0,0,1,1
14.2565,4.4497,1,202,payment,load,0,1,1,1
14.282,0.3796,0,503,timetable,load,0,0,1,1
14.2821,2.694,1,200,balance,load,0,0,1,1
14.2822,0.2951,0,503,timetable,load,0,0,1,1
14.3005,4.4353,1,200,balance,load,0,0,1,2
14.3035,2.0203,1,202,enroll,load,0,1,1,1
14.321,0.7681,1,200,balance,load,0,0,1,1
14.3218,0.8003,1,200,balance,load,0,0,1,1
14.3543,1.5409,1,200,student_read,load,0,0,1,1
14.359,0.9603,1,200,balance,load,0,0,1,1
14.3801,0.3028,0,503,transcript,load,0,0,1,1
14.3825,0.3857,0,503,transcript,load,0,0,1,1
14.3979,0.8837,1,200,balance,load,0,0,1,1
14.404,1.2621,1,200,student_read,load,0,0,1,1
14.4137,1.6718,1,200,student_read,load,0,0,1,1
14.4137,0.3056,0,503,timetable,load,0,0,1,1
14.4172,1.2296,1,200,student_read,load,0,0,1,1
14.4174,2.9593,1,202,enroll,load,0,1,1,1
14.4515,2.1044,1,200,grade,load,0,0,1,1
14.4747,0.7345,1,200,timetable,load,0,0,1,1
14.4751,0.7338,1,200,transcript,load,0,0,1,1
14.4751,2.0541,1,202,payment,load,0,1,1,1
14.4784,3.4122,1,202,enroll,load,0,1,1,1
14.4787,1.8917,1,200,balance,load,0,0,1,1
14.4826,1.583,1,200,balance,load,0,0,1,1
14.4869,1.1621,1,200,balance,load,0,0,1,1
14.5126,0.7722,1,200,probe_student,probe,0,0,1,1
14.5142,0.37,0,503,probe_records,probe,0,0,1,1
14.5163,0.7691,1,200,probe_timetable,probe,0,0,1,1
14.5177,2.4558,1,200,probe_payment,probe,0,0,1,1
14.5196,1.3557,1,200,payment,load,0,0,1,1
14.5309,1.7958,1,200,enroll,load,0,0,1,1
14.5327,1.4972,1,200,student_read,load,0,0,1,1
14.5461,0.7394,1,200,transcript,load,0,0,1,1
14.5477,3.3105,1,202,enroll,load,0,1,1,1
14.5576,2.8197,1,202,payment,load,0,1,1,1
14.5655,0.3665,0,503,transcript,load,0,0,1,1
14.5692,1.9627,1,202,payment,load,0,1,1,1
14.5695,0.7533,1,200,transcript,load,0,0,1,1
14.5726,1.2275,1,200,student_read,load,0,0,1,1
14.5773,0.7046,1,200,balance,load,0,0,1,1
14.5953,0.337,0,503,timetable,load,0,0,1,1
14.5964,2.8915,1,202,payment,load,0,1,1,1
14.6039,1.2732,1,200,student_read,load,0,0,1,1
14.6059,0.749,1,200,student_read,load,0,0,1,1
14.6191,2.3669,1,200,student_read,load,0,0,1,1
14.6192,0.9519,1,200,payment,load,0,0,1,1
14.6577,0.6973,1,200,timetable,load,0,0,1,1
14.6579,1.0769,1,200,student_read,load,0,0,1,1
14.658,0.333,0,503,timetable,load,0,0,1,1
14.6616,1.9858,1,202,payment,load,0,1,1,1
14.6675,0.3733,0,503,timetable,load,0,0,1,1
14.6829,0.358,0,503,transcript,load,0,0,1,1
14.7035,1.0713,1,200,balance,load,0,0,1,1
14.7104,1.8183,1,202,grade,load,0,1,1,1
14.7114,0.2607,0,503,timetable,load,0,0,1,1
14.7194,2.4498,1,202,payment,load,0,1,1,1
14.7573,0.8872,1,200,probe_student,probe,0,0,1,1
14.7589,0.6796,1,200,probe_records,probe,0,0,1,1
14.7602,0.3233,0,503,probe_timetable,probe,0,0,1,1
14.7616,0.9518,1,200,balance,load,0,0,1,1
14.7618,0.8395,1,200,probe_payment,probe,0,0,1,1
14.7635,1.2021,1,200,student_read,load,0,0,1,1
14.7682,3.2252,1,202,payment,load,0,1,1,1
14.7759,0.9373,1,200,student_read,load,0,0,1,1
14.776,1.8574,1,200,balance,load,0,0,1,1
14.7776,0.2341,0,503,transcript,load,0,0,1,1
14.7796,3.4372,1,202,enroll,load,0,1,1,1
14.8032,0.7672,1,200,balance,load,0,0,1,1
14.8129,0.3265,0,503,transcript,load,0,0,1,1
14.8209,0.2366,0,503,timetable,load,0,0,1,1
14.8303,0.9856,1,200,student_read,load,0,0,1,1
14.8601,2.2671,1,202,enroll,load,0,1,1,1
14.8603,3.5951,1,202,enroll,load,0,1,1,1
14.8605,2.3127,1,202,payment,load,0,1,1,1
14.8674,0.9113,1,200,balance,load,0,0,1,1
14.8692,0.22,0,503,transcript,load,0,0,1,1
14.8754,1.7647,1,200,enroll,load,0,0,1,1
14.9064,1.278,1,200,balance,load,0,0,1,1
14.9115,1.1098,1,200,enroll,load,0,0,1,1
14.9189,0.6519,1,200,timetable,load,0,0,1,1
14.9258,0.85,1,200,payment,load,0,0,1,1
14.932,1.4628,1,200,payment,load,0,0,1,1
14.9323,1.9102,1,200,balance,load,0,0,1,1
14.9365,2.3038,1,200,balance,load,0,0,1,1
14.9434,0.7664,1,200,student_read,load,0,0,1,1
14.948,0.4218,0,503,transcript,load,0,0,1,1
14.9577,2.422,1,202,enroll,load,0,1,1,1
14.9671,0.6649,1,200,timetable,load,0,0,1,1
14.9828,1.2058,1,200,enroll,load,0,0,1,1
14.9862,0.7839,1,200,student_read,load,0,0,1,1
14.991,0.8248,1,200,balance,load,0,0,1,1
14.9983,3.0222,1,202,payment,load,0,1,1,1
15.0037,1.2843,1,200,probe_student,probe,0,0,1,1
15.0057,0.3203,0,503,probe_records,probe,0,0,1,1
15.0078,0.2373,0,503,probe_timetable,probe,0,0,1,1
15.0095,2.3976,1,200,probe_payment,probe,0,0,1,1
15.011,3.0266,1,202,enroll,load,0,1,1,1
15.0113,1.8811,1,202,grade,load,0,1,1,1
15.0118,0.6231,1,200,transcript,load,0,0,1,1
15.0123,1.4931,1,200,student_read,load,0,0,1,1
15.0148,0.2293,0,503,timetable,load,0,0,1,1
15.0336,2.3769,1,200,balance,load,0,0,1,1
15.0366,1.6966,1,200,balance,load,0,0,1,1
15.0375,1.0913,1,200,student_read,load,0,0,1,1
15.0408,1.4257,1,200,balance,load,0,0,1,1
15.0409,0.8347,1,200,student_read,load,0,0,1,1
15.049,0.8268,1,200,student_read,load,0,0,1,1
15.0545,0.3319,0,503,timetable,load,0,0,1,1
15.0575,3.9645,1,202,enroll,load,0,1,1,1
15.0723,0.3138,0,503,timetable,load,0,0,1,1
15.0762,1.1943,1,200,student_read,load,0,0,1,1
15.0765,0.6644,1,200,timetable,load,0,0,1,1
15.0767,2.4498,1,202,enroll,load,0,1,1,1
15.0891,1.0953,1,200,payment,load,0,0,1,1
15.0892,2.032,1,202,grade,load,0,1,1,1
15.1089,0.6698,1,200,timetable,load,0,0,1,1
15.1221,0.6563,1,200,transcript,load,0,0,1,1
15.1224,2.7463,1,202,enroll,load,0,1,1,1
15.1278,0.3307,0,503,transcript,load,0,0,1,1
15.1306,0.7822,1,200,payment,load,0,0,1,1
15.1332,3.1181,1,202,enroll,load,0,1,1,1
15.1394,0.97,1,200,student_read,load,0,0,1,1
15.1543,1.5599,1,200,balance,load,0,0,1,1
15.1567,0.6257,1,200,transcript,load,0,0,1,1
15.158,1.8124,1,202,enroll,load,0,1,1,1
15.158,0.8628,1,200,balance,load,0,0,1,1
15.1633,1.507,1,200,enroll,load,0,0,1,1
15.2029,0.7097,1,200,balance,load,0,0,1,1
15.209,1.2063,1,200,student_read,load,0,0,1,1
15.2091,0.3489,0,503,transcript,load,0,0,1,1
15.2094,0.7268,1,200,balance,load,0,0,1,1
15.214,0.3439,0,503,transcript,load,0,0,1,1
15.2207,0.895,1,200,balance,load,0,0,1,1
15.2211,1.7493,1,202,grade,load,0,1,1,1
15.2243,1.6144,1,200,balance,load,0,0,1,1
15.2406,0.638,1,200,balance,load,0,0,1,1
15.2441,0.228,0,503,transcript,load,0,0,1,1
15.2447,0.3601,0,503,timetable,load,0,0,1,1
15.2616,1.5694,1,200,probe_student,probe,0,0,1,1
15.2638,0.2409,0,503,probe_records,probe,0,0,1,1
15.2658,0.4349,0,503,probe_timetable,probe,0,0,1,1
15.2694,0.79,1,200,probe_payment,probe,0,0,1,1
15.2714,1.0787,1,200,student_read,load,0,0,1,1
15.273,1.7135,1,200,balance,load,0,0,1,1
15.2816,0.8117,1,200,student_read,load,0,0,1,1
15.2819,0.3721,0,503,transcript,load,0,0,1,1
15.2855,0.6299,1,200,enroll,load,0,0,1,1
15.3069,0.2373,0,503,timetable,load,0,0,1,1
15.3149,0.3427,0,503,transcript,load,0,0,1,1
15.3192,3.3827,1,202,enroll,load,0,1,1,1
15.3194,0.3343,0,503,transcript,load,0,0,1,1
15.3228,0.7707,1,200,enroll,load,0,0,1,1
15.3262,1.341,1,200,student_read,load,0,0,1,1
15.3529,0.9296,1,202,grade,load,0,1,1,1
15.355,2.9858,1,202,enroll,load,0,1,1,1
15.3551,0.2224,0,503,transcript,load,0,0,1,1
15.3698,1.6521,1,200,balance,load,0,0,1,1
15.3739,2.4844,1,202,payment,load,0,1,1,1
15.3756,3.5442,1,202,enroll,load,0,1,1,1
15.3776,0.2268,0,503,timetable,load,0,0,1,1
15.3862,0.5993,1,200,balance,load,0,0,1,1
15.4139,0.5715,1,200,balance,load,0,0,1,1
15.4383,0.8721,1,202,grade,load,0,1,1,1
15.4556,2.4361,1,200,balance,load,0,0,1,1
15.4586,1.7006,1,202,payment,load,0,1,1,1
15.4721,1.7714,1,200,student_read,load,0,0,1,1
15.4732,1.0264,1,200,balance,load,0,0,1,1
15.4961,0.5647,1,200,timetable,load,0,0,1,1
15.5047,0.7279,1,200,probe_student,probe,0,0,1,1
15.5057,0.4035,0,503,probe_records,probe,0,0,1,1
15.5075,0.5717,1,200,probe_timetable,probe,0,0,1,1
15.5094,1.6848,1,200,probe_payment,probe,0,0,1,1
15.5112,0.5658,1,200,balance,load,0,0,1,1
15.5315,2.766,1,200,payment,load,0,0,1,1
15.5345,0.7075,1,200,student_read,load,0,0,1,1
15.5429,0.2023,0,503,timetable,load,0,0,1,1
15.5524,1.1222,1,200,student_read,load,0,0,1,1
15.5574,1.6193,1,200,payment,load,0,0,1,1
15.5579,0.6232,1,200,transcript,load,1,0,1,1
15.5581,0.8639,1,200,student_read,load,0,0,1,1
15.5707,0.3747,0,503,transcript,load,0,0,1,1
15.5712,0.5268,1,200,timetable,load,0,0,1,1
15.5775,1.7967,1,200,student_read,load,0,0,1,1
15.6005,0.8819,1,200,balance,load,0,0,1,1
15.6008,0.56,1,200,timetable,load,0,0,1,1
15.6014,0.5378,1,200,timetable,load,0,0,1,1
15.6044,2.2808,1,202,enroll,load,0,1,1,1
15.6048,0.6225,1,200,timetable,load,0,0,1,1
15.6321,0.356,0,503,transcript,load,0,0,1,1
15.6349,1.8377,1,200,balance,load,0,0,1,1
15.6416,2.2447,1,202,payment,load,0,1,1,1
15.6442,2.3146,1,200,balance,load,0,0,1,1
15.6468,1.2339,1,200,balance,load,0,0,1,1
15.649,0.8998,1,200,student_read,load,0,0,1,1
15.6537,0.5575,1,200,transcript,load,1,0,1,1
15.654,1.5326,1,200,balance,load,0,0,1,1
15.6575,0.5538,1,200,transcript,load,1,0,1,1
15.6577,0.7415,1,200,student_read,load,0,0,1,1
15.6618,1.3955,1,200,payment,load,0,0,1,1
15.6761,2.2127,1,202,enroll,load,0,1,1,1
15.7,2.3305,1,202,enroll,load,0,1,1,1
15.7008,0.5978,1,200,enroll,load,0,0,1,1
15.7099,1.3373,1,200,student_read,load,0,0,1,1
15.7132,0.5429,1,200,transcript,load,1,0,1,1
15.7135,2.5108,1,202,payment,load,0,1,1,1
15.7409,0.5147,1,200,transcript,load,1,0,1,1
15.7452,0.4822,1,200,student_read,load,0,0,1,1
15.7533,1.0686,1,200,probe_student,probe,0,0,1,1
15.754,0.7937,1,200,balance,load,0,0,1,1
15.7542,1.1456,1,200,balance,load,0,0,1,1
15.7557,0.2068,0,503,probe_records,probe,0,0,1,1
15.7573,0.3657,0,503,probe_timetable,probe,0,0,1,1
15.7587,0.4717,1,200,probe_payment,probe,0,0,1,1
15.7602,0.3645,0,503,timetable,load,0,0,1,1
15.7702,1.8239,1,200,student_read,load,1,0,1,1
15.7748,0.6068,1,200,payment,load,0,0,1,1
15.7758,2.1058,1,202,payment,load,0,1,1,1
15.7783,0.1842,0,503,transcript,load,0,0,1,1
15.7787,0.8516,1,200,student_read,load,0,0,1,1
15.7824,1.9499,1,200,student_read,load,1,0,1,1
15.7975,0.3253,0,503,transcript,load,0,0,1,1
15.8001,0.1937,0,503,timetable,load,0,0,1,1
15.8001,1.2193,1,200,enroll,load,0,0,1,1
15.8018,2.0808,1,202,enroll,load,0,1,1,1
15.8123,0.5693,1,200,student_read,load,0,0,1,1
15.8158,0.1788,0,503,transcript,load,0,0,1,1
15.8159,0.5691,1,200,balance,load,0,0,1,1
15.8567,1.2662,1,200,enroll,load,0,0,1,1
15.8756,0.2861,0,503,transcript,load,0,0,1,1
15.8758,0.2883,0,503,transcript,load,0,0,1,1
15.8786,0.4198,1,200,transcript,load,1,0,1,1
15.9086,1.1479,1,200,student_read,load,0,0,1,1
15.9092,0.4731,1,200,balance,load,0,0,1,1
15.9126,0.9265,1,200,payment,load,0,0,1,1
15.9127,2.3077,1,200,enroll,load,0,0,1,1
15.9155,0.9952,1,200,payment,load,0,0,1,1
15.9415,0.4105,1,200,timetable,load,0,0,1,1
15.9415,2.0383,1,202,enroll,load,0,1,1,1
15.9454,0.6925,1,200,student_read,load,0,0,1,1
15.9564,0.2798,0,503,transcript,load,0,0,1,1
15.9626,0.5288,1,200,balance,load,0,0,1,1
15.9855,0.2501,0,503,transcript,load,0,0,1,1
15.9881,1.0687,1,200,student_read,load,0,0,1,1
15.9888,1.9881,1,202,payment,load,0,1,1,1
15.9938,0.2448,0,503,timetable,load,0,0,1,1
15.9947,1.0225,1,200,student_read,load,0,0,1,1
16.0024,0.4224,1,200,probe_student,probe,0,0,1,1
16.0038,0.2798,0,503,probe_records,probe,0,0,1,1
16.0055,0.4208,1,200,probe_timetable,probe,0,0,1,1
16.0075,1.2355,1,200,probe_payment,probe,0,0,1,1
16.0094,0.4133,1,200,balance,load,0,0,1,1
16.0209,1.8804,1,202,payment,load,0,1,1,1
16.0211,0.4744,1,200,student_read,load,0,0,1,1
16.03,0.2451,0,503,transcript,load,0,0,1,1
16.0545,0.259,0,503,timetable,load,0,0,1,1
16.0548,0.3383,0,503,transcript,load,0,0,1,1
16.0608,0.451,1,200,transcript,load,1,0,1,1
16.0656,1.6273,1,200,student_read,load,1,0,1,1
16.0831,0.5121,1,200,student_read,load,0,0,1,1
16.0856,2.475,1,202,enroll,load,0,1,1,1
16.0933,0.4508,1,200,student_read,load,0,0,1,1
16.0935,0.3978,1,200,timetable,load,0,0,1,1
16.098,0.5181,1,200,student_read,load,0,0,1,1
16.1087,0.5586,1,200,student_read,load,0,0,1,1
16.1095,0.2466,0,503,transcript,load,0,0,1,1
16.1158,2.1251,1,202,enroll,load,0,1,1,1
16.1205,1.8569,1,202,grade,load,0,1,1,1
16.1229,1.8973,1,202,enroll,load,0,1,1,1
16.1288,2.4801,1,202,enroll,load,0,1,1,1
16.1378,3.7452,1,202,enroll,load,0,1,1,1
16.1509,2.868,1,202,enroll,load,0,1,1,1
16.151,0.4993,1,200,enroll,load,0,0,1,1
16.1536,1.875,1,202,enroll,load,0,1,1,1
16.1546,0.2423,0,503,transcript,load,0,0,1,1
16.1568,0.4381,1,202,grade,load,0,1,1,1
16.1608,1.2486,1,200,student_read,load,0,0,1,1
16.1616,0.656,1,200,enroll,load,0,0,1,1
16.1642,0.7278,1,200,enroll,load,0,0,1,1
16.1812,0.4139,1,200,transcript,load,0,0,1,1
16.1844,0.4634,1,200,student_read,load,0,0,1,1
16.1845,1.0827,1,200,enroll,load,0,0,1,1
16.1886,2.1831,1,202,enroll,load,0,1,1,1
16.2005,0.4309,1,202,grade,load,0,1,1,1
16.2113,0.4243,1,200,balance,load,0,0,1,1
16.2113,2.2269,1,200,student_read,load,0,0,1,1
16.2155,0.2728,0,503,transcript,load,0,0,1,1
16.2273,0.6644,1,200,student_read,load,0,0,1,1
16.2274,1.1846,1,200,student_read,load,0,0,1,1
16.2356,3.1236,1,202,payment,load,0,1,1,1
16.2387,0.7628,1,200,enroll,load,0,0,1,1
16.2421,1.6563,1,200,balance,load,0,0,1,1
16.2557,0.4619,1,200,student_read,load,0,0,1,1
16.2561,0.6355,1,200,student_read,load,0,0,1,1
16.2633,0.6934,1,200,probe_student,probe,0,0,1,1
16.2655,0.4176,1,200,probe_records,probe,1,0,1,1
16.2676,0.2946,0,503,probe_timetable,probe,0,0,1,1
16.2697,0.3998,1,200,probe_payment,probe,0,0,1,1
16.2704,0.3822,1,200,transcript,load,0,0,1,1
16.2705,1.001,1,200,student_read,load,0,0,1,1
16.2722,0.2914,0,503,transcript,load,0,0,1,1
16.2751,0.4339,1,200,payment,load,0,0,1,1
16.2985,3.484,1,202,enroll,load,0,1,1,1
16.3092,1.904,1,202,grade,load,0,1,1,1
16.3104,1.0399,1,200,student_read,load,0,0,1,1
16.3175,0.381,1,200,balance,load,0,0,1,1
16.3267,0.4287,1,200,student_read,load,0,0,1,1
16.3497,0.2528,0,503,transcript,load,0,0,1,1
16.3502,0.8895,1,200,payment,load,0,0,1,1
16.352,0.2505,0,503,timetable,load,0,0,1,1
16.3561,2.0315,1,202,enroll,load,0,1,1,1
16.3704,1.8707,1,202,payment,load,0,1,1,1
16.3816,0.9924,1,200,payment,load,0,0,1,1
16.3817,1.6531,1,200,student_read,load,0,0,1,1
16.385,0.3908,1,200,transcript,load,1,0,1,1
16.3931,0.3648,1,200,balance,load,0,0,1,1
16.3942,2.2103,1,202,grade,load,0,1,1,1
16.3949,0.4226,1,200,balance,load,0,0,1,1
16.3972,0.692,1,202,grade,load,0,1,1,1
16.3991,0.8413,1,200,grade,load,0,0,1,1
16.4024,1.968,1,202,payment,load,0,1,1,1
16.4153,0.5804,1,200,payment,load,0,0,1,1
16.4219,2.7436,1,202,enroll,load,0,1,1,1
16.4637,1.3299,1,200,student_read,load,1,0,1,1
16.4665,0.4539,1,200,balance,load,0,0,1,1
16.4709,0.4496,1,200,student_read,load,0,0,1,1
16.4824,0.4095,1,200,transcript,load,0,0,1,1
16.4827,2.5367,1,202,enroll,load,0,1,1,1
16.4883,0.9183,1,200,balance,load,0,0,1,1
16.4914,1.8788,1,202,payment,load,0,1,1,1
16.4914,1.0925,1,200,student_read,load,1,0,1,1
16.4955,2.1996,1,202,enroll,load,0,1,1,1
16.4996,2.8527,1,202,payment,load,0,1,1,1
16.5054,0.4091,1,200,transcript,load,1,0,1,1
16.5105,0.4246,1,200,probe_student,probe,0,0,1,1
16.5118,0.3994,1,200,student_read,load,0,0,1,1
16.5131,0.2563,0,503,probe_records,probe,0,0,1,1
16.515,0.4063,1,200,probe_timetable,probe,0,0,1,1
16.5166,1.3779,1,200,probe_payment,probe,0,0,1,1
16.5196,0.4518,1,200,student_read,load,0,0,1,1
16.5284,1.6847,1,200,enroll,load,0,0,1,1
16.5286,0.2736,0,503,transcript,load,0,0,1,1
16.5293,1.3655,1,200,balance,load,0,0,1,1
16.5319,0.4692,1,200,student_read,load,0,0,1,1
16.5441,0.3957,1,200,transcript,load,0,0,1,1
16.5478,0.5359,1,200,student_read,load,0,0,1,1
16.5488,0.8173,1,200,student_read,load,0,0,1,1
16.5512,0.2515,0,503,transcript,load,0,0,1,1
16.5531,1.3481,1,200,balance,load,0,0,1,1
16.5532,0.3864,1,200,timetable,load,0,0,1,1
16.5559,0.8564,1,200,student_read,load,0,0,1,1
16.5563,0.3832,1,200,transcript,load,1,0,1,1
16.5586,0.6894,1,202,grade,load,0,1,1,1
16.5798,0.2674,0,503,timetable,load,0,0,1,1
16.5881,0.403,1,200,transcript,load,0,0,1,1
16.5949,0.2515,0,503,timetable,load,0,0,1,1
16.5951,0.368,1,200,student_read,load,0,0,1,1
16.5951,0.3968,1,200,transcript,load,1,0,1,1
16.6021,2.0199,1,202,grade,load,0,1,1,1
16.6025,1.4192,1,202,enroll,load,0,1,1,1
16.6025,2.2116,1,202,grade,load,0,1,1,1
16.6161,0.398,1,200,student_read,load,0,0,1,1
16.6304,0.3533,1,200,student_read,load,0,0,1,1
16.6334,2.7261,1,202,enroll,load,0,1,1,1
16.6356,0.8915,1,200,student_read,load,1,0,1,1
16.6379,2.0571,1,202,enroll,load,0,1,1,1
16.6402,1.5298,1,200,student_read,load,0,0,1,1
16.6472,1.2468,1,200,student_read,load,0,0,1,1
16.6475,2.0434,1,202,enroll,load,0,1,1,1
16.6478,2.0435,1,202,enroll,load,0,1,1,1
16.6503,2.0447,1,202,payment,load,0,1,1,1
16.6527,1.2516,1,200,balance,load,0,0,1,1
16.6548,0.2694,0,503,transcript,load,0,0,1,1
16.6672,0.3612,1,200,balance,load,0,0,1,1
16.6703,3.0033,1,202,enroll,load,0,1,1,1
16.6985,0.2601,0,503,transcript,load,0,0,1,1
16.7091,2.4555,1,202,payment,load,0,1,1,1
16.7093,0.3336,1,200,transcript,load,1,0,1,1
16.7176,2.0923,1,200,enroll,load,0,0,1,1
16.7332,2.6197,1,202,payment,load,0,1,1,1
16.7509,1.9982,1,202,payment,load,0,1,1,1
16.751,0.3693,1,200,payment,load,0,0,1,1
16.7546,0.6756,1,200,probe_student,probe,0,0,1,1
16.7553,0.2395,0,503,transcript,load,0,0,1,1
16.7564,0.3643,1,200,probe_records,probe,1,0,1,1
16.7579,0.3123,1,200,transcript,load,0,0,1,1
16.7583,0.2773,0,503,probe_timetable,probe,0,0,1,1
16.7599,0.3517,1,200,probe_payment,probe,0,0,1,1
16.7613,2.4004,1,202,enroll,load,0,1,1,1
16.7759,1.2661,1,200,student_read,load,0,0,1,1
16.8023,2.0002,1,202,payment,load,0,1,1,1
16.8027,0.2942,1,200,timetable,load,0,0,1,1
16.8149,0.299,1,200,student_read,load,0,0,1,1
16.8176,2.5401,1,202,enroll,load,0,1,1,1
16.8177,2.3421,1,202,payment,load,0,1,1,1
16.8388,2.5145,1,202,payment,load,0,1,1,1
16.8391,0.2192,0,503,transcript,load,0,0,1,1
16.8426,0.2877,1,200,balance,load,0,0,1,1
16.8465,2.0565,1,202,payment,load,0,1,1,1
16.8473,0.2136,0,503,timetable,load,0,0,1,1
16.8617,0.6189,1,200,student_read,load,0,0,1,1
16.8808,0.5779,1,200,student_read,load,0,0,1,1
16.8917,1.9114,1,202,enroll,load,0,1,1,1
16.8917,1.9105,1,202,grade,load,0,1,1,1
16.8919,1.4755,1,200,student_read,load,0,0,1,1
16.892,0.2278,1,200,transcript,load,1,0,1,1
16.9002,1.1663,1,200,payment,load,0,0,1,1
16.9068,0.2241,1,200,timetable,load,0,0,1,1
16.9107,1.8953,1,202,enroll,load,0,1,1,1
16.9112,1.8912,1,202,payment,load,0,1,1,1
16.9146,0.9875,1,200,balance,load,0,0,1,1
16.9205,0.2181,1,200,transcript,load,0,0,1,1
16.9205,2.8656,1,202,enroll,load,0,1,1,1
16.9395,1.9662,1,202,payment,load,0,1,1,1
16.9396,0.2432,0,503,timetable,load,0,0,1,1
16.9398,0.9507,1,200,balance,load,0,0,1,1
16.9567,2.5707,1,202,enroll,load,0,1,1,1
16.9586,0.2183,1,200,transcript,load,1,0,1,1
16.9632,0.2137,0,503,transcript,load,0,0,1,1
16.9704,0.9371,1,200,student_read,load,0,0,1,1
16.9705,0.2954,0,503,transcript,load,0,0,1,1
16.9761,0.18,1,200,student_read,load,0,0,1,1
16.9837,0.1899,1,200,transcript,load,0,0,1,1
16.986,0.1928,1,200,timetable,load,0,0,1,1
16.9865,0.2246,0,503,transcript,load,0,0,1,1
16.9912,1.7472,1,200,enroll,load,0,0,1,1
16.992,1.911,1,202,enroll,load,0,1,1,1
16.9949,2.3621,1,202,payment,load,0,1,1,1
16.9957,0.3073,0,503,transcript,load,0,0,1,1
17.0012,0.2424,0,503,transcript,load,0,0,1,1
17.0015,0.2052,1,200,transcript,load,1,0,1,1
17.0142,0.1925,1,200,enroll,load,0,0,1,1
17.0159,0.2061,1,200,probe_student,probe,0,0,1,1
17.0172,0.2241,0,503,timetable,load,0,0,1,1
17.0175,0.2322,0,503,timetable,load,0,0,1,1
17.0181,0.262,0,503,probe_records,probe,0,0,1,1
17.0194,0.202,1,200,transcript,load,0,0,1,1
17.02,1.414,1,200,student_read,load,0,0,1,1
17.0204,0.2036,1,200,probe_timetable,probe,0,0,1,1
17.022,1.8808,1,202,payment,load,0,1,1,1
17.0225,1.2973,1,200,probe_payment,probe,0,0,1,1
17.0247,0.213,1,200,student_read,load,0,0,1,1
17.0284,0.1928,1,200,student_read,load,0,0,1,1
17.0473,0.229,0,503,transcript,load,0,0,1,1
17.0565,0.1648,1,200,student_read,load,0,0,1,1
17.0568,2.3038,1,202,enroll,load,0,1,1,1
17.0573,1.1189,1,200,enroll,load,0,0,1,1
17.0584,0.2118,0,503,transcript,load,0,0,1,1
17.0609,0.1631,1,200,balance,load,0,0,1,1
17.0702,0.1673,1,200,timetable,load,0,0,1,1
17.0837,0.2267,0,503,timetable,load,0,0,1,1
17.0892,0.2211,0,503,transcript,load,0,0,1,1
17.0969,1.9151,1,202,enroll,load,0,1,1,1
17.101,0.2129,1,202,grade,load,0,1,1,1
17.1199,0.1781,1,200,student_read,load,0,0,1,1
17.1203,0.2305,0,503,timetable,load,0,0,1,1
17.1212,0.1385,1,200,timetable,load,0,0,1,1
17.1273,2.2347,1,202,payment,load,0,1,1,1
17.1304,0.2203,0,503,transcript,load,0,0,1,1
17.1386,0.784,1,200,student_read,load,0,0,1,1
17.152,1.1734,1,200,student_read,load,0,0,1,1
17.1561,0.1304,1,200,student_read,load,0,0,1,1
17.1592,0.2205,0,503,transcript,load,0,0,1,1
17.1692,0.1318,1,200,timetable,load,0,0,1,1
17.1732,0.2091,0,503,transcript,load,0,0,1,1
17.1736,0.1239,1,200,student_read,load,0,0,1,1
17.1767,1.8332,1,202,payment,load,0,1,1,1
17.1769,1.1162,1,200,student_read,load,0,0,1,1
17.1769,0.1341,1,200,transcript,load,0,0,1,1
17.1788,0.8603,1,200,student_read,load,0,0,1,1
17.1827,0.1227,1,200,student_read,load,0,0,1,1
17.1866,0.2287,0,503,transcript,load,0,0,1,1
17.2067,0.1221,1,200,transcript,load,1,0,1,1
17.2067,2.1493,1,202,enroll,load,0,1,1,1
17.2093,0.1098,1,200,balance,load,0,0,1,1
17.2112,2.5709,1,202,enroll,load,0,1,1,1
17.2212,0.5442,1,200,timetable,load,0,0,1,1
17.2213,0.5283,1,200,student_read,load,0,0,1,1
17.2214,0.5353,1,200,timetable,load,0,0,1,1
17.224,0.2133,0,503,transcript,load,0,0,1,1
17.2375,0.5218,1,200,student_read,load,0,0,1,1
17.2404,0.2226,0,503,transcript,load,0,0,1,1
17.2404,1.0526,1,200,balance,load,0,0,1,1
17.2413,0.669,1,200,student_read,load,0,0,1,1
17.2435,1.9129,1,202,payment,load,0,1,1,1
17.2436,0.4954,1,200,student_read,load,0,0,1,1
17.2481,1.2334,1,200,enroll,load,0,0,1,1
17.2497,1.8281,1,202,payment,load,0,1,1,1
17.2598,1.8968,1,202,payment,load,0,1,1,1
17.2621,1.0612,1,200,probe_student,probe,0,0,1,1
17.2636,2.5184,1,202,enroll,load,0,1,1,1
17.2644,0.4511,1,200,probe_records,probe,0,0,1,1
17.2659,1.8965,1,202,enroll,load,0,1,1,1
17.2666,0.1961,0,503,probe_timetable,probe,0,0,1,1
17.2672,0.6014,1,202,enroll,load,0,1,1,1
17.269,0.4709,1,200,probe_payment,probe,0,0,1,1
17.2702,0.1922,0,503,timetable,load,0,0,1,1
17.271,2.4033,1,202,enroll,load,0,1,1,1
17.2715,0.1944,0,503,transcript,load,0,0,1,1
17.2762,0.4764,1,200,balance,load,0,0,1,1
17.2865,0.2053,0,503,transcript,load,0,0,1,1
17.2975,0.1942,0,503,transcript,load,0,0,1,1
17.298,0.6177,1,200,student_read,load,1,0,1,1
17.301,0.4656,1,200,student_read,load,0,0,1,1
17.303,0.4536,1,200,timetable,load,0,0,1,1
17.3055,0.7187,1,202,grade,load,0,1,1,1
17.3085,0.0559,1,200,student_read,load,1,0,1,1
17.3103,1.038,1,200,enroll,load,0,0,1,1
17.3104,0.4471,1,200,student_read,load,0,0,1,1
17.311,0.0672,1,200,student_read,load,1,0,1,1
17.3288,0.0431,1,200,transcript,load,1,0,1,1
17.3503,0.161,0,503,transcript,load,0,0,1,1
17.3507,0.4104,1,200,student_read,load,0,0,1,1
17.3508,0.9664,1,200,student_read,load,0,0,1,1
17.3555,0.7828,1,200,student_read,load,0,0,1,1
17.3575,0.4067,1,200,transcript,load,0,0,1,1
17.3661,0.1621,0,503,transcript,load,0,0,1,1
17.3719,0.5541,1,200,balance,load,0,0,1,1
17.3741,0.0159,1,200,student_read,load,1,0,1,1
17.3742,0.5219,1,200,payment,load,0,0,1,1
17.3767,0.0069,0,503,timetable,load,0,0,1,1
17.3782,0.1518,0,503,transcript,load,0,0,1,1
17.3797,0.5276,1,200,balance,load,0,0,1,1
17.3824,0.4378,1,200,transcript,load,1,0,1,1
17.3836,0.0104,0,503,timetable,load,0,0,1,1
17.39,0.1733,0,503,transcript,load,0,0,1,1
17.3941,2.3442,1,202,enroll,load,0,1,1,1
17.4017,0.0084,0,503,timetable,load,0,0,1,1
17.4066,0.007,0,503,timetable,load,0,0,1,1
17.4094,0.845,1,200,student_read,load,0,0,1,1
17.4106,0.5125,1,200,student_read,load,0,0,1,1
17.412,0.0079,0,503,timetable,load,0,0,1,1
17.4137,0.006,0,503,timetable,load,0,0,1,1
17.4154,0.5469,1,200,balance,load,0,0,1,1
17.4197,0.4845,1,200,balance,load,0,0,1,1
17.42,0.3403,1,200,balance,load,0,0,1,1
17.4373,0.4856,1,200,student_read,load,0,0,1,1
17.4532,0.8407,1,200,student_read,load,0,0,1,1
17.4587,0.7544,1,200,student_read,load,0,0,1,1
17.4624,0.0042,0,503,timetable,load,0,0,1,1
17.463,1.6972,1,202,enroll,load,0,1,1,1
17.4659,0.673,1,200,payment,load,0,0,1,1
17.4666,0.1609,0,503,timetable,load,0,0,1,1
17.4727,0.0115,1,200,student_read,load,1,0,1,1
17.4842,0.5397,1,200,student_read,load,0,0,1,1
17.4879,0.2612,1,200,balance,load,0,0,1,1
17.4918,0.2709,1,200,student_read,load,0,0,1,1
17.4919,0.7213,1,200,student_read,load,0,0,1,1
17.5093,0.2614,1,200,probe_student,probe,0,0,1,1
17.5111,0.1449,0,503,probe_records,probe,0,0,1,1
17.5114,0.3718,1,202,enroll,load,0,1,1,1
17.5128,0.0189,0,503,probe_timetable,probe,0,0,1,1
17.5146,0.7374,1,200,probe_payment,probe,0,0,1,1
17.5162,0.0224,1,200,student_read,load,1,0,1,1
17.5264,1.0707,1,200,enroll,load,0,0,1,1
17.5271,0.7249,1,200,student_read,load,0,0,1,1
17.5282,0.0075,0,503,transcript,load,0,0,1,1
17.5301,0.7667,1,200,student_read,load,0,0,1,1
17.5357,0.2336,1,200,student_read,load,0,0,1,1
17.5549,0.1214,0,503,timetable,load,0,0,1,1
17.5633,0.0138,1,200,student_read,load,1,0,1,1
17.5771,2.0315,1,202,payment,load,0,1,1,1
17.5839,0.1836,1,200,student_read,load,0,0,1,1
17.5941,0.3928,1,200,balance,load,0,0,1,1
17.6018,1.5554,1,202,payment,load,0,1,1,1
17.6275,0.2548,1,202,enroll,load,0,1,1,1
17.656,0.123,0,503,timetable,load,0,0,1,1
17.693,0.0043,0,503,transcript,load,0,0,1,1
17.6973,0.5189,1,200,student_read,load,0,0,1,1
17.7104,1.49,1,202,grade,load,0,1,1,1
17.7324,0.1663,1,200,transcript,load,0,0,1,1
17.739,2.4302,1,202,payment,load,0,1,1,1
17.7492,0.5649,1,200,balance,load,0,0,1,1
17.7496,0.1387,1,200,balance,load,0,0,1,1
17.7526,0.2104,0,503,transcript,load,0,0,1,1
17.7553,0.5629,1,200,probe_student,probe,0,0,1,1
17.7567,0.148,1,200,transcript,load,1,0,1,1
17.7567,0.9378,1,200,payment,load,0,0,1,1
17.7575,0.1404,1,200,transcript,load,0,0,1,1
17.7582,0.1774,1,200,probe_records,probe,0,0,1,1
17.7593,0.162,1,200,grade,load,0,0,1,1
17.7603,0.207,0,503,transcript,load,0,0,1,1
17.7611,1.556,1,202,grade,load,0,1,1,1
17.7618,0.2359,0,503,probe_timetable,probe,0,0,1,1
17.7627,0.2037,0,503,transcript,load,0,0,1,1
17.7639,0.1656,1,200,probe_payment,probe,0,0,1,1
17.7643,0.6371,1,200,balance,load,0,0,1,1
17.7655,2.0208,1,202,enroll,load,0,1,1,1
17.7659,2.018,1,202,payment,load,0,1,1,1
17.7666,0.1528,1,200,student_read,load,0,0,1,1
17.7675,0.2468,1,200,transcript,load,0,0,1,1
17.7694,0.2,0,503,transcript,load,0,0,1,1
17.8044,0.1875,1,200,transcript,load,0,0,1,1
17.8202,0.1938,1,200,timetable,load,0,0,1,1
17.8574,2.1671,1,202,payment,load,0,1,1,1
17.8582,0.1688,1,200,balance,load,0,0,1,1
17.8583,0.1867,1,200,enroll,load,0,0,1,1
17.8687,1.5955,1,200,payment,load,0,0,1,1
17.8687,1.0894,1,200,balance,load,0,0,1,1
17.8817,0.2471,0,503,transcript,load,0,0,1,1
17.8823,1.5624,1,202,grade,load,0,1,1,1
17.8832,0.1895,0,503,transcript,load,0,0,1,1
17.8853,0.211,1,200,timetable,load,0,0,1,1
17.8863,1.6869,1,202,enroll,load,0,1,1,1
17.8883,0.2002,1,200,student_read,load,0,0,1,1
17.8888,0.6464,1,200,enroll,load,0,0,1,1
17.8906,0.1826,0,503,transcript,load,0,0,1,1
17.8906,0.9206,1,200,balance,load,0,0,1,1
17.894,0.2052,1,200,transcript,load,0,0,1,1
17.8948,2.614,1,200,balance,load,0,0,1,1
17.8961,0.29,1,200,transcript,load,0,0,1,1
17.898,0.2093,1,200,student_read,load,0,0,1,1
17.8985,0.178,0,503,transcript,load,0,0,1,1
17.8986,0.2639,1,200,student_read,load,0,0,1,1
17.9013,2.1079,1,202,payment,load,0,1,1,1
17.9013,0.1716,0,503,timetable,load,0,0,1,1
17.9021,0.1708,0,503,transcript,load,0,0,1,1
17.9043,0.3024,1,200,transcript,load,0,0,1,1
17.9043,0.2985,1,200,payment,load,0,0,1,1
17.9047,0.2581,1,200,transcript,load,0,0,1,1
17.9074,0.1954,0,503,timetable,load,0,0,1,1
17.9075,0.5483,1,200,balance,load,0,0,1,1
17.9099,1.6636,1,202,enroll,load,0,1,1,1
17.9104,0.2958,1,200,transcript,load,0,0,1,1
17.9157,0.2315,1,200,transcript,load,0,0,1,1
17.9194,0.1838,0,503,transcript,load,0,0,1,1
17.9214,2.0849,1,202,enroll,load,0,1,1,1
17.9227,0.5448,1,200,grade,load,0,0,1,1
17.9229,1.6609,1,202,enroll,load,0,1,1,1
17.9231,0.18,0,503,transcript,load,0,0,1,1
17.9259,0.2605,1,200,timetable,load,0,0,1,1
17.9574,0.6392,1,200,balance,load,0,0,1,1
17.9587,0.5316,1,200,student_read,load,0,0,1,1
17.9623,0.1771,0,503,transcript,load,0,0,1,1
17.9631,0.2402,1,200,timetable,load,0,0,1,1
17.9664,3.0816,1,200,balance,load,0,0,1,1
17.9674,0.3137,1,200,payment,load,0,0,1,1
17.9694,0.5915,1,200,student_read,load,0,0,1,1
17.977,0.623,1,200,student_read,load,0,0,1,1
17.9775,0.3924,1,200,transcript,load,0,0,1,1
17.9799,0.2405,1,200,balance,load,0,0,1,1
17.9869,0.2426,1,200,student_read,load,0,0,1,1
17.9935,0.5989,1,200,grade,load,0,0,1,1
18.003,0.2735,1,200,probe_student,probe,0,0,1,1
18.0055,0.2133,0,503,probe_records,probe,0,0,1,1
18.0078,0.284,1,200,probe_timetable,probe,0,0,1,1
18.0098,0.692,1,200,probe_payment,probe,0,0,1,1
18.0118,0.3734,1,200,enroll,load,0,0,1,1
18.014,0.2038,0,503,timetable,load,0,0,1,1
18.0144,0.2107,0,503,transcript,load,0,0,1,1
18.0202,0.2707,1,200,transcript,load,0,0,1,1
18.0205,0.3605,1,200,payment,load,0,0,1,1
18.0215,0.2695,1,200,student_read,load,0,0,1,1
18.0217,0.3527,1,200,transcript,load,0,0,1,1
18.0238,0.2041,0,503,transcript,load,0,0,1,1
18.0242,2.6592,1,200,payment,load,0,0,1,1
18.0271,0.2808,1,200,student_read,load,0,0,1,1
18.0286,0.345,1,200,student_read,load,0,0,1,1
18.0305,0.2311,0,503,timetable,load,0,0,1,1
18.0348,0.3432,1,200,student_read,load,0,0,1,1
18.0376,0.2239,0,503,timetable,load,0,0,1,1
18.0391,0.2293,0,503,transcript,load,0,0,1,1
18.042,1.6138,1,202,grade,load,0,1,1,1
18.045,0.2197,0,503,timetable,load,0,0,1,1
18.0651,0.2329,0,503,timetable,load,0,0,1,1
18.0666,0.2416,1,200,balance,load,0,0,1,1
18.0727,0.6005,1,200,student_read,load,0,0,1,1
18.0729,0.2884,1,200,balance,load,0,0,1,1
18.0729,0.2281,0,503,timetable,load,0,0,1,1
18.0732,0.2271,0,503,timetable,load,0,0,1,1
18.0765,0.0892,0,503,transcript,load,0,0,1,1
18.0885,0.2315,0,503,timetable,load,0,0,1,1
18.0949,0.6532,1,200,enroll,load,0,0,1,1
18.0963,0.0992,0,503,timetable,load,0,0,1,1
18.0992,1.1005,1,200,payment,load,0,0,1,1
18.1028,0.2145,0,503,timetable,load,0,0,1,1
18.1031,0.3226,1,200,grade,load,0,0,1,1
18.1033,0.2852,1,200,transcript,load,0,0,1,1
18.1054,0.5421,1,200,grade,load,0,0,1,1
18.1073,1.5617,1,200,payment,load,0,0,1,1
18.1288,0.217,0,503,transcript,load,0,0,1,1
18.1389,0.2665,1,200,balance,load,0,0,1,1
18.1394,0.3122,1,200,transcript,load,0,0,1,1
18.1473,2.3614,1,202,payment,load,0,1,1,1
18.1578,0.2155,0,503,timetable,load,0,0,1,1
18.1626,0.704,1,200,enroll,load,0,0,1,1
18.1628,0.2856,1,200,student_read,load,0,0,1,1
18.1657,0.2058,0,503,transcript,load,0,0,1,1
18.17,0.6061,1,200,balance,load,0,0,1,1
18.186,0.7772,1,200,enroll,load,0,0,1,1
18.1864,1.6964,1,200,enroll,load,0,0,1,1
18.1955,0.3608,1,200,student_read,load,0,0,1,1
18.2021,0.3368,1,200,transcript,load,0,0,1,1
18.2028,0.9105,1,200,grade,load,0,0,1,1
18.2033,0.3532,1,200,student_read,load,0,0,1,1
18.2062,0.357,1,200,student_read,load,0,0,1,1
18.2067,0.7093,1,200,student_read,load,0,0,1,1
18.2131,0.3431,1,200,transcript,load,0,0,1,1
18.2132,1.6712,1,200,payment,load,0,0,1,1
18.2132,0.1925,0,503,transcript,load,0,0,1,1
18.2162,0.3443,1,200,balance,load,0,0,1,1
18.2169,0.7075,1,200,enroll,load,0,0,1,1
18.2178,0.1837,0,503,timetable,load,0,0,1,1
18.2204,0.3628,1,200,student_read,load,0,0,1,1
18.2205,0.1882,0,503,transcript,load,0,0,1,1
18.2243,1.1892,1,200,payment,load,0,0,1,1
18.2251,0.3582,1,200,student_read,load,0,0,1,1
18.228,0.1159,0,503,transcript,load,0,0,1,1
18.2295,0.1818,0,503,timetable,load,0,0,1,1
18.2409,0.1247,0,503,transcript,load,0,0,1,1
18.2412,0.6219,1,200,balance,load,0,0,1,1
18.2513,0.4312,1,200,enroll,load,0,0,1,1
18.252,0.1824,0,503,transcript,load,0,0,1,1
18.2521,0.1832,0,503,timetable,load,0,0,1,1
18.2545,0.4364,1,200,enroll,load,0,0,1,1
18.2553,0.5703,1,200,probe_student,probe,0,0,1,1
18.2577,0.2026,0,503,probe_records,probe,0,0,1,1
18.2607,0.4228,1,200,probe_timetable,probe,0,0,1,1
18.2616,0.4802,1,200,student_read,load,0,0,1,1
18.2617,0.1732,0,503,timetable,load,0,0,1,1
18.2634,0.6533,1,200,probe_payment,probe,0,0,1,1
18.2647,0.1745,0,503,timetable,load,0,0,1,1
18.2684,0.4712,1,200,student_read,load,0,0,1,1
18.2811,0.9712,1,200,balance,load,0,0,1,1
18.291,1.7729,1,202,payment,load,0,1,1,1
18.291,1.4946,1,200,student_read,load,1,0,1,1
18.2931,0.4145,1,200,transcript,load,0,0,1,1
18.2931,0.4139,1,200,timetable,load,0,0,1,1
18.2968,0.1629,0,503,timetable,load,0,0,1,1
18.2976,0.1615,0,503,transcript,load,0,0,1,1
18.3003,0.5242,1,200,student_read,load,0,0,1,1
18.3011,0.4965,1,200,student_read,load,0,0,1,1
18.308,0.1871,0,503,transcript,load,0,0,1,1
18.3082,1.4201,1,200,balance,load,0,0,1,1
18.3123,0.4904,1,200,payment,load,0,0,1,1
18.314,0.4276,1,200,timetable,load,0,0,1,1
18.3172,0.691,1,200,student_read,load,0,0,1,1
18.3174,0.6905,1,200,balance,load,0,0,1,1
18.32,0.6962,1,200,enroll,load,0,0,1,1
18.3408,0.7622,1,200,enroll,load,0,0,1,1
18.3439,0.6696,1,200,student_read,load,0,0,1,1
18.3458,1.718,1,202,grade,load,0,1,1,1
18.3483,0.1069,0,503,timetable,load,0,0,1,1
18.3591,0.8983,1,200,grade,load,0,0,1,1
18.3613,0.204,0,503,transcript,load,0,0,1,1
18.3657,0.4603,1,200,balance,load,0,0,1,1
18.3674,0.4827,1,200,grade,load,0,0,1,1
18.37,3.0163,1,202,enroll,load,0,1,1,1
18.3702,0.2004,0,503,transcript,load,0,0,1,1
18.3715,0.6834,1,200,student_read,load,0,0,1,1
18.3717,1.1471,1,200,student_read,load,1,0,1,1
18.3736,0.1638,0,503,transcript,load,0,0,1,1
18.3744,1.9144,1,202,enroll,load,0,1,1,1
18.3781,4.4998,1,200,balance,load,0,0,1,1
18.3811,0.4688,1,200,balance,load,0,0,1,1
18.3877,2.8365,1,202,payment,load,0,1,1,1
18.3885,0.729,1,200,student_read,load,0,0,1,1
18.4014,1.8876,1,202,payment,load,0,1,1,1
18.4014,0.1669,0,503,transcript,load,0,0,1,1
18.4015,1.3407,1,200,enroll,load,0,0,1,1
18.4054,0.5545,1,200,enroll,load,0,0,1,1
18.4059,0.7503,1,200,student_read,load,0,0,1,1
18.4087,0.5365,1,200,balance,load,0,0,1,1
18.4113,1.0025,1,202,enroll,load,0,1,1,1
18.4257,0.248,0,503,timetable,load,0,0,1,1
18.434,0.5114,1,200,balance,load,0,0,1,1
18.4344,0.1874,0,503,transcript,load,0,0,1,1
18.4349,2.2563,1,202,enroll,load,0,1,1,1
18.4383,0.2361,0,503,transcript,load,0,0,1,1
18.4393,0.8129,1,200,balance,load,0,0,1,1
18.4484,0.1735,0,503,transcript,load,0,0,1,1
18.4516,0.9016,1,200,grade,load,0,0,1,1
18.4552,1.9059,1,202,payment,load,0,1,1,1
18.4555,1.9288,1,200,payment,load,0,0,1,1
18.4559,0.7374,1,200,student_read,load,1,0,1,1
18.4592,0.2469,0,503,transcript,load,0,0,1,1
18.4597,0.7958,1,200,student_read,load,0,0,1,1
18.4675,1.8214,1,202,payment,load,0,1,1,1
18.4815,0.4962,1,200,enroll,load,0,0,1,1
18.4904,0.1639,0,503,timetable,load,0,0,1,1
18.4951,0.4534,1,200,student_read,load,0,0,1,1
18.5146,0.496,1,200,probe_student,probe,0,0,1,1
18.5168,0.267,0,503,probe_records,probe,0,0,1,1
18.5192,0.5291,1,200,probe_timetable,probe,0,0,1,1
18.5219,0.8438,1,200,probe_payment,probe,1,0,1,1
18.5243,0.5051,1,200,student_read,load,1,0,1,1
18.5352,0.8307,1,200,balance,load,1,0,1,1
18.5375,2.2676,1,202,payment,load,0,1,1,1
18.5562,0.5475,1,200,student_read,load,0,0,1,1
18.5563,0.5855,1,200,grade,load,0,0,1,1
18.5565,0.9145,1,200,grade,load,0,0,1,1
18.5605,1.3174,1,200,payment,load,0,0,1,1
18.5606,1.5547,1,200,student_read,load,0,0,1,1
18.5609,0.2624,0,503,timetable,load,0,0,1,1
18.5618,1.1078,1,200,student_read,load,1,0,1,1
18.5632,0.5132,1,200,transcript,load,0,0,1,1
18.5653,0.5374,1,200,balance,load,0,0,1,1
18.5684,1.9598,1,200,balance,load,1,0,1,1
18.5707,0.2519,0,503,transcript,load,0,0,1,1
18.5833,1.2633,1,200,enroll,load,0,0,1,1
18.5833,0.562,1,200,transcript,load,0,0,1,1
18.5924,0.2857,0,503,timetable,load,0,0,1,1
18.5972,1.1358,1,200,payment,load,0,0,1,1
18.5999,0.1818,0,503,transcript,load,0,0,1,1
18.6044,0.4688,1,200,student_read,load,0,0,1,1
18.6077,1.8051,1,202,payment,load,0,1,1,1
18.609,0.8602,1,200,student_read,load,0,0,1,1
18.6218,0.484,1,200,student_read,load,0,0,1,1
18.6219,0.569,1,200,balance,load,1,0,1,1
18.6527,1.5597,1,200,balance,load,0,0,1,1
18.6543,0.6181,1,200,student_read,load,0,0,1,1
18.6733,2.0297,1,200,student_read,load,0,0,1,1
18.6738,1.2836,1,200,payment,load,0,0,1,1
18.6744,1.6492,1,200,student_read,load,0,0,1,1
18.6825,0.4864,1,200,timetable,load,0,0,1,1
18.6909,0.2836,0,503,transcript,load,0,0,1,1
18.6909,0.5005,1,202,enroll,load,0,1,1,1
18.6913,0.283,0,503,transcript,load,0,0,1,1
18.6945,0.6763,1,200,student_read,load,0,0,1,1
18.6951,2.6748,1,200,student_read,load,0,0,1,1
18.6951,0.4614,1,200,timetable,load,0,0,1,1
18.6952,0.465,1,200,student_read,load,0,0,1,1
18.7019,0.4902,1,200,balance,load,0,0,1,1
18.702,1.3125,1,200,payment,load,0,0,1,1
18.706,0.6073,1,200,grade,load,0,0,1,1
18.707,0.7701,1,200,student_read,load,1,0,1,1
18.7076,2.2268,1,202,enroll,load,0,1,1,1
18.7359,0.6344,1,200,student_read,load,1,0,1,1
18.7384,0.283,0,503,transcript,load,0,0,1,1
18.7396,2.8617,1,202,payment,load,0,1,1,1
18.7417,1.7737,1,202,enroll,load,0,1,1,1
18.7418,1.1362,1,200,student_read,load,1,0,1,1
18.7481,3.8531,1,200,student_read,load,0,0,1,1
18.7491,1.8658,1,200,student_read,load,0,0,1,1
18.7624,0.971,1,200,probe_student,probe,0,0,1,1
18.7649,0.6065,1,200,probe_records,probe,0,0,1,1
18.7679,0.3006,0,503,probe_timetable,probe,0,0,1,1
18.7706,0.5122,1,200,probe_payment,probe,0,0,1,1
18.7731,3.0564,1,202,enroll,load,0,1,1,1
18.7762,0.4965,1,200,transcript,load,0,0,1,1
18.7817,0.4906,1,200,student_read,load,1,0,1,1
18.7976,1.8767,1,202,grade,load,0,1,1,1
18.8023,3.9696,1,202,payment,load,0,1,1,1
18.8025,0.7452,1,200,transcript,load,0,0,1,1
18.8025,0.3191,0,503,transcript,load,0,0,1,1
18.8028,0.5118,1,200,timetable,load,0,0,1,1
18.8031,2.8996,1,202,enroll,load,0,1,1,1
18.806,0.1542,0,503,transcript,load,0,0,1,1
18.81,0.6593,1,200,student_read,load,0,0,1,1
18.8113,2.4748,1,202,enroll,load,0,1,1,1
18.8141,0.3059,0,503,timetable,load,0,0,1,1
18.8226,0.5135,1,200,balance,load,0,0,1,1
18.8234,0.5128,1,200,balance,load,0,0,1,1
18.8246,2.3475,1,202,grade,load,0,1,1,1
18.826,1.2299,1,200,balance,load,0,0,1,1
18.8499,3.0348,1,200,balance,load,0,0,1,1
18.8502,0.663,1,200,payment,load,0,0,1,1
18.8559,2.7443,1,200,payment,load,0,0,1,1
18.8631,0.5301,1,200,balance,load,0,0,1,1
18.8666,2.3578,1,202,enroll,load,0,1,1,1
18.8781,1.6349,1,200,payment,load,0,0,1,1
18.9023,0.7874,1,200,balance,load,0,0,1,1
18.9028,0.9476,1,200,grade,load,0,0,1,1
18.903,1.9591,1,202,payment,load,0,1,1,1
18.903,0.5378,1,200,transcript,load,0,0,1,1
18.9057,2.3802,1,202,grade,load,0,1,1,1
18.916,0.7733,1,202,enroll,load,0,1,1,1
18.9198,2.6802,1,202,enroll,load,0,1,1,1
18.9244,1.1435,1,200,grade,load,0,0,1,1
18.9452,1.8527,1,202,payment,load,0,1,1,1
18.9454,0.5948,1,200,transcript,load,0,0,1,1
18.9486,1.4738,1,200,balance,load,0,0,1,1
18.9581,1.9078,1,202,enroll,load,0,1,1,1
18.9599,2.2024,1,200,enroll,load,0,0,1,1
18.9602,0.73,1,200,balance,load,0,0,1,1
18.9632,0.3454,0,503,transcript,load,0,0,1,1
18.9638,1.0393,1,200,balance,load,0,0,1,1
18.9744,0.3347,0,503,timetable,load,0,0,1,1
18.9745,0.6814,1,200,transcript,load,0,0,1,1
18.9776,0.5622,1,200,student_read,load,1,0,1,1
19.0079,0.5656,1,200,transcript,load,0,0,1,1
19.0082,2.696,1,202,enroll,load,0,1,1,1
19.01,0.3566,0,503,timetable,load,0,0,1,1
19.0106,0.7284,1,200,probe_student,probe,1,0,1,1
19.012,0.562,1,200,balance,load,0,0,1,1
19.013,0.3556,0,503,probe_records,probe,0,0,1,1
19.0135,0.5668,1,200,transcript,load,0,0,1,1
19.0146,0.6416,1,200,probe_timetable,probe,0,0,1,1
19.0163,0.3494,0,503,transcript,load,0,0,1,1
19.0171,1.7899,1,200,probe_payment,probe,0,0,1,1
19.0189,1.8391,1,200,student_read,load,0,0,1,1
19.0194,4.6977,1,202,enroll,load,0,1,1,1
19.0199,0.8272,1,200,student_read,load,0,0,1,1
19.0214,1.8739,1,202,payment,load,0,1,1,1
19.0221,0.6642,1,200,student_read,load,0,0,1,1
19.0549,0.375,0,503,transcript,load,0,0,1,1
19.0559,0.3748,0,503,transcript,load,0,0,1,1
19.0733,0.5787,1,200,transcript,load,0,0,1,1
19.0765,0.3536,0,503,transcript,load,0,0,1,1
19.0778,0.3531,0,503,timetable,load,0,0,1,1
19.1027,0.6367,1,200,transcript,load,0,0,1,1
19.1031,0.5897,1,200,timetable,load,0,0,1,1
19.1034,0.8085,1,200,student_read,load,0,0,1,1
19.1037,0.3609,0,503,transcript,load,0,0,1,1
19.1058,0.3675,0,503,transcript,load,0,0,1,1
19.1134,0.6305,1,200,timetable,load,0,0,1,1
19.1175,0.7333,1,200,timetable,load,0,0,1,1
19.12,2.8988,1,202,payment,load,0,1,1,1
19.1215,2.0407,1,200,balance,load,0,0,1,1
19.1418,0.7011,1,200,payment,load,0,0,1,1
19.1453,1.3384,1,200,student_read,load,0,0,1,1
19.1563,0.6911,1,200,transcript,load,0,0,1,1
19.1564,0.5909,1,200,transcript,load,0,0,1,1
19.1565,0.5823,1,200,balance,load,0,0,1,1
19.1566,0.372,0,503,timetable,load,0,0,1,1
19.1572,1.9276,1,200,payment,load,0,0,1,1
19.1598,1.5639,1,200,enroll,load,0,0,1,1
19.1602,2.704,1,200,balance,load,0,0,1,1
19.1602,1.3973,1,200,student_read,load,0,0,1,1
19.1624,0.5835,1,200,timetable,load,0,0,1,1
19.1646,0.5788,1,200,timetable,load,0,0,1,1
19.1656,2.841,1,200,student_read,load,0,0,1,1
19.1689,1.2722,1,200,payment,load,0,0,1,1
19.191,0.3376,0,503,transcript,load,0,0,1,1
19.1914,1.4235,1,200,balance,load,0,0,1,1
19.1933,0.8476,1,200,timetable,load,0,0,1,1
19.1997,1.9767,1,200,payment,load,0,0,1,1
19.2005,0.7426,1,200,payment,load,0,0,1,1
19.2522,0.5945,1,200,balance,load,0,0,1,1
19.2524,3.2653,1,202,payment,load,0,1,1,1
19.2555,0.5914,1,200,transcript,load,0,0,1,1
19.2575,2.5773,1,200,probe_student,probe,0,0,1,1
19.2604,0.7655,1,200,probe_records,probe,0,0,1,1
19.263,0.4147,0,503,probe_timetable,probe,0,0,1,1
19.2653,0.6743,1,200,probe_payment,probe,0,0,1,1
19.2676,0.4115,0,503,transcript,load,0,0,1,1
19.2724,2.073,1,202,payment,load,0,1,1,1
19.2725,0.401,0,503,transcript,load,0,0,1,1
19.2727,2.5565,1,202,grade,load,0,1,1,1
19.3078,0.8232,1,200,balance,load,0,0,1,1
19.3087,1.4318,1,200,payment,load,0,0,1,1
19.309,0.706,1,200,transcript,load,0,0,1,1
19.3134,0.3642,0,503,transcript,load,0,0,1,1
19.3171,0.882,1,200,payment,load,0,0,1,1
19.3361,0.5725,1,200,transcript,load,0,0,1,1
19.3362,0.6026,1,200,transcript,load,0,0,1,1
19.3517,1.485,1,200,student_read,load,0,0,1,1
19.3523,0.3984,0,503,transcript,load,0,0,1,1
19.3529,0.386,0,503,timetable,load,0,0,1,1
19.3533,0.3923,0,503,transcript,load,0,0,1,1
19.3533,1.2079,1,200,payment,load,0,0,1,1
19.3561,2.0786,1,202,payment,load,0,1,1,1
19.3571,2.0773,1,202,payment,load,0,1,1,1
19.3577,1.9878,1,202,enroll,load,0,1,1,1
19.3593,2.3393,1,200,balance,load,0,0,1,1
19.3595,0.3933,0,503,timetable,load,0,0,1,1
19.3606,1.805,1,200,student_read,load,0,0,1,1
19.362,1.5942,1,200,enroll,load,0,0,1,1
19.3657,0.5771,1,200,student_read,load,0,0,1,1
19.3659,2.9769,1,202,enroll,load,0,1,1,1
19.3666,0.7241,1,200,student_read,load,0,0,1,1
19.3703,0.7595,1,200,transcript,load,0,0,1,1
19.3708,1.9149,1,200,student_read,load,0,0,1,1
19.3932,0.572,1,200,timetable,load,0,0,1,1
19.4136,1.7822,1,200,balance,load,0,0,1,1
19.4138,0.2255,0,503,transcript,load,0,0,1,1
19.416,0.2234,0,503,transcript,load,0,0,1,1
19.4299,0.5939,1,200,student_read,load,0,0,1,1
19.4301,2.6939,1,202,payment,load,0,1,1,1
19.4309,1.7351,1,200,student_read,load,0,0,1,1
19.4408,2.4652,1,200,student_read,load,0,0,1,1
19.4447,0.582,1,200,timetable,load,0,0,1,1
19.4634,1.0942,1,200,student_read,load,0,0,1,1
19.4642,0.5769,1,200,timetable,load,0,0,1,1
19.4646,2.0612,1,200,student_read,load,0,0,1,1
19.4692,1.4652,1,200,balance,load,0,0,1,1
19.4693,0.4217,0,503,transcript,load,0,0,1,1
19.471,0.765,1,200,enroll,load,0,0,1,1
19.4734,2.2014,1,200,student_read,load,0,0,1,1
19.4772,0.6166,1,200,transcript,load,0,0,1,1
19.5102,0.5544,1,200,probe_student,probe,0,0,1,1
19.5118,0.4465,0,503,probe_records,probe,0,0,1,1
19.5132,0.7156,1,200,balance,load,0,0,1,1
19.5142,0.2098,0,503,probe_timetable,probe,0,0,1,1
19.516,1.5706,1,200,probe_payment,probe,0,0,1,1
19.518,1.2256,1,200,student_read,load,0,0,1,1
19.5188,1.9936,1,200,balance,load,0,0,1,1
19.5286,1.0456,1,200,student_read,load,0,0,1,1
19.5286,0.6367,1,200,student_read,load,0,0,1,1
19.5398,1.3189,1,200,balance,load,0,0,1,1
19.5402,1.1911,1,200,grade,load,0,0,1,1
19.5477,0.8453,1,200,enroll,load,0,0,1,1
19.5564,2.7816,1,200,student_read,load,0,0,1,1
19.5733,0.4413,0,503,timetable,load,0,0,1,1
19.5736,3.1682,1,200,student_read,load,0,0,1,1
19.574,0.6578,1,200,student_read,load,0,0,1,1
19.5803,1.0678,1,200,student_read,load,0,0,1,1
19.5839,0.4353,0,503,timetable,load,0,0,1,1
19.6019,0.5671,1,200,timetable,load,0,0,1,1
19.6086,0.4062,0,503,timetable,load,0,0,1,1
19.6393,1.07,1,200,student_read,load,0,0,1,1
19.652,1.0228,1,200,enroll,load,0,0,1,1
19.6558,2.4671,1,202,payment,load,0,1,1,1
19.6559,0.543,1,200,balance,load,0,0,1,1
19.6561,0.4147,0,503,transcript,load,0,0,1,1
19.6691,0.5298,1,200,transcript,load,0,0,1,1
19.6735,1.451,1,200,student_read,load,0,0,1,1
19.6737,0.5686,1,200,timetable,load,0,0,1,1
19.6776,2.143,1,200,balance,load,0,0,1,1
19.6863,1.3983,1,200,enroll,load,0,0,1,1
19.6894,0.3815,0,503,timetable,load,0,0,1,1
19.6902,1.1066,1,200,payment,load,0,0,1,1
19.6928,0.5535,1,200,transcript,load,0,0,1,1
19.7095,0.5756,1,200,timetable,load,0,0,1,1
19.7282,0.3917,0,503,timetable,load,0,0,1,1
19.733,0.5918,1,200,timetable,load,0,0,1,1
19.7383,0.3817,0,503,transcript,load,0,0,1,1
19.7389,0.6545,1,200,enroll,load,0,0,1,1
19.739,3.1216,1,200,balance,load,0,0,1,1
19.7395,0.5794,1,200,balance,load,0,0,1,1
19.7422,2.3806,1,202,grade,load,0,1,1,1
19.7434,1.1056,1,200,student_read,load,0,0,1,1
19.7439,0.6682,1,200,student_read,load,0,0,1,1
19.7456,0.5731,1,200,balance,load,0,0,1,1
19.746,2.6291,1,200,payment,load,0,0,1,1
19.7473,0.8586,1,200,enroll,load,0,0,1,1
19.7507,0.5715,1,200,transcript,load,0,0,1,1
19.7528,1.5061,1,200,student_read,load,0,0,1,1
19.7559,2.4821,1,200,probe_student,probe,0,0,1,1
19.758,0.5643,1,200,probe_records,probe,0,0,1,1
19.7598,0.4233,0,503,probe_timetable,probe,0,0,1,1
19.7616,0.6552,1,200,probe_payment,probe,0,0,1,1
19.7634,0.4219,0,503,transcript,load,0,0,1,1
19.7821,0.7294,1,200,student_read,load,0,0,1,1
19.7821,0.4006,0,503,timetable,load,0,0,1,1
19.7825,0.5712,1,200,student_read,load,0,0,1,1
19.7857,0.3971,0,503,transcript,load,0,0,1,1
19.7861,0.2022,0,503,transcript,load,0,0,1,1
19.7863,0.3966,0,503,transcript,load,0,0,1,1
19.8036,0.5902,1,200,timetable,load,0,0,1,1
19.843,0.735,1,200,payment,load,0,0,1,1
19.8466,0.5659,1,200,transcript,load,0,0,1,1
19.8468,4.368,1,202,payment,load,0,1,1,1
19.8469,1.523,1,200,student_read,load,0,0,1,1
19.8474,3.0298,1,200,balance,load,0,0,1,1
19.8505,2.8084,1,200,payment,load,0,0,1,1
19.8505,0.562,1,200,timetable,load,0,0,1,1
19.8508,0.8006,1,200,enroll,load,0,0,1,1
19.878,1.9425,1,200,student_read,load,0,0,1,1
19.878,0.3761,0,503,timetable,load,0,0,1,1
19.8828,1.2017,1,200,enroll,load,0,0,1,1
19.883,2.455,1,200,student_read,load,0,0,1,1
19.8844,0.3703,0,503,timetable,load,0,0,1,1
19.891,1.8866,1,200,payment,load,0,0,1,1
19.9086,0.6657,1,200,student_read,load,0,0,1,1
19.9094,0.5606,1,200,balance,load,0,0,1,1
19.9388,1.9247,1,200,student_read,load,0,0,1,1
19.9428,0.3894,0,503,transcript,load,0,0,1,1
19.9575,0.582,1,200,timetable,load,0,0,1,1
19.9583,0.3752,0,503,transcript,load,0,0,1,1
19.9652,2.8084,1,202,enroll,load,0,1,1,1
19.9883,0.3956,0,503,timetable,load,0,0,1,1
20.0031,0.7208,1,200,probe_student,probe,0,0,1,1
20.0063,0.3806,0,503,probe_records,probe,0,0,1,1
20.0063,0.8838,1,200,student_read,load,0,0,1,1
20.0086,0.5661,1,200,probe_timetable,probe,0,0,1,1
20.0092,2.6957,1,202,payment,load,0,1,1,1
20.0109,2.7328,1,200,probe_payment,probe,0,0,1,1
20.0129,0.8494,1,200,student_read,load,0,0,1,1
20.0146,2.1653,1,202,enroll,load,0,1,1,1
20.0146,0.3696,0,503,timetable,load,0,0,1,1
20.0148,0.7861,1,200,student_read,load,0,0,1,1
20.0151,0.5594,1,200,transcript,load,0,0,1,1
20.0192,0.3649,0,503,transcript,load,0,0,1,1
20.0239,0.6509,1,200,timetable,load,0,0,1,1
20.0267,0.421,0,503,transcript,load,0,0,1,1
20.041,0.6382,1,200,timetable,load,0,0,1,1
20.0411,2.7538,1,200,balance,load,0,0,1,1
20.0514,2.5059,1,200,enroll,load,0,0,1,1
20.0559,0.6675,1,200,payment,load,0,0,1,1
20.0638,0.5937,1,200,transcript,load,0,0,1,1
20.0639,0.3848,0,503,transcript,load,0,0,1,1
20.0679,0.3835,0,503,transcript,load,0,0,1,1
20.0709,0.3774,0,503,transcript,load,0,0,1,1
20.0907,1.5225,1,200,student_read,load,0,0,1,1
20.0938,0.7033,1,200,student_read,load,0,0,1,1
20.115,0.9528,1,200,student_read,load,0,0,1,1
20.1153,1.5824,1,200,balance,load,0,0,1,1
20.1199,2.0402,1,202,enroll,load,0,1,1,1
20.12,2.9919,1,200,enroll,load,0,0,1,1
20.1298,1.9475,1,200,student_read,load,0,0,1,1
20.1614,2.675,1,200,student_read,load,0,0,1,1
20.1653,0.6968,1,200,student_read,load,0,0,1,1
20.1693,0.5748,1,200,timetable,load,0,0,1,1
20.1828,4.2701,1,202,payment,load,0,1,1,1
20.1828,1.5858,1,200,student_read,load,0,0,1,1
20.1828,1.7838,1,202,payment,load,0,1,1,1
20.1989,0.43,0,503,timetable,load,0,0,1,1
20.1989,0.6047,1,200,timetable,load,0,0,1,1
20.1992,0.5978,1,200,balance,load,0,0,1,1
20.2078,0.5898,1,200,transcript,load,0,0,1,1
20.2288,2.8732,1,202,payment,load,0,1,1,1
20.2317,0.3971,0,503,transcript,load,0,0,1,1
20.236,0.6837,1,200,student_read,load,0,0,1,1
20.2423,2.275,1,200,payment,load,0,0,1,1
20.2463,1.9099,1,202,enroll,load,0,1,1,1
20.2537,2.1486,1,200,probe_student,probe,0,0,1,1
20.2542,2.656,1,200,balance,load,0,0,1,1
20.2547,2.2646,1,200,balance,load,0,0,1,1
20.2563,0.5783,1,200,probe_records,probe,0,0,1,1
20.2586,0.4331,0,503,probe_timetable,probe,0,0,1,1
20.2614,0.6062,1,200,probe_payment,probe,0,0,1,1
20.2639,2.4409,1,202,payment,load,0,1,1,1
20.2889,1.871,1,202,payment,load,0,1,1,1
20.2889,0.6674,1,200,balance,load,0,0,1,1
20.3014,1.8824,1,200,payment,load,0,0,1,1
20.3187,2.5416,1,202,enroll,load,0,1,1,1
20.3189,0.4892,0,503,transcript,load,0,0,1,1
20.3222,0.5758,1,200,timetable,load,0,0,1,1
20.3235,0.5668,1,200,transcript,load,0,0,1,1
20.3249,1.6291,1,200,balance,load,0,0,1,1
20.3323,1.5609,1,200,payment,load,0,0,1,1
20.3537,0.3956,0,503,transcript,load,0,0,1,1
20.3606,0.3892,0,503,transcript,load,0,0,1,1
20.3612,0.5622,1,200,transcript,load,0,0,1,1
20.3839,0.3656,0,503,transcript,load,0,0,1,1
20.3841,1.5777,1,200,student_read,load,0,0,1,1
20.3841,0.6834,1,200,balance,load,0,0,1,1
20.393,0.5666,1,200,transcript,load,0,0,1,1
20.3934,0.357,0,503,timetable,load,0,0,1,1
20.4122,2.3596,1,202,payment,load,0,1,1,1
20.4125,0.6144,1,200,timetable,load,0,0,1,1
20.4126,0.6859,1,200,student_read,load,0,0,1,1
20.4129,0.7797,1,200,student_read,load,0,0,1,1
20.4224,1.8373,1,200,payment,load,0,0,1,1
20.4411,0.7865,1,200,student_read,load,0,0,1,1
20.4477,0.6573,1,200,transcript,load,0,0,1,1
20.4483,1.4495,1,200,student_read,load,0,0,1,1
20.4487,0.6224,1,200,balance,load,0,0,1,1
20.4505,1.1574,1,200,student_read,load,0,0,1,1
20.4515,1.6716,1,200,grade,load,0,0,1,1
20.4838,0.3867,0,503,timetable,load,0,0,1,1
20.5052,0.7736,1,200,probe_student,probe,0,0,1,1
20.5074,0.3643,0,503,probe_records,probe,0,0,1,1
20.5088,2.5313,1,200,student_read,load,0,0,1,1
20.5088,0.6002,1,200,timetable,load,0,0,1,1
20.5093,0.6008,1,200,probe_timetable,probe,0,0,1,1
20.5108,2.6031,1,200,probe_payment,probe,0,0,1,1
20.5116,0.5973,1,200,transcript,load,0,0,1,1
20.5128,0.782,1,200,timetable,load,0,0,1,1
20.5131,1.7237,1,200,payment,load,0,0,1,1
20.5154,1.576,1,200,payment,load,0,0,1,1
20.5282,0.6087,1,200,transcript,load,0,0,1,1
20.5395,2.2268,1,200,student_read,load,0,0,1,1
20.551,0.3954,0,503,timetable,load,0,0,1,1
20.5576,0.6983,1,200,transcript,load,0,0,1,1
20.5612,1.6404,1,200,balance,load,0,0,1,1
20.5742,0.6179,1,200,timetable,load,0,0,1,1
20.5743,0.6849,1,200,transcript,load,0,0,1,1
20.5745,1.8956,1,200,student_read,load,0,0,1,1
20.578,0.6141,1,200,timetable,load,0,0,1,1
20.6059,0.4184,0,503,transcript,load,0,0,1,1
20.6148,0.8218,1,200,transcript,load,0,0,1,1
20.6149,0.4096,0,503,transcript,load,0,0,1,1
20.6149,1.881,1,202,enroll,load,0,1,1,1
20.6289,2.5058,1,200,enroll,load,0,0,1,1
20.6289,1.3947,1,200,student_read,load,0,0,1,1
20.6481,0.4447,0,503,timetable,load,0,0,1,1
20.6514,0.7312,1,200,student_read,load,0,0,1,1
20.6575,0.8133,1,200,student_read,load,0,0,1,1
20.6611,0.4323,0,503,timetable,load,0,0,1,1
20.6743,2.4274,1,202,enroll,load,0,1,1,1
20.6747,1.4348,1,200,student_read,load,0,0,1,1
20.6748,0.8771,1,200,transcript,load,0,0,1,1
20.6792,0.8398,1,200,student_read,load,0,0,1,1
20.6835,2.5679,1,202,payment,load,0,1,1,1
20.6913,0.6146,1,200,transcript,load,0,0,1,1
20.703,0.7275,1,200,transcript,load,0,0,1,1
20.7085,1.2076,1,200,transcript,load,0,0,1,1
20.7094,0.4672,0,503,transcript,load,0,0,1,1
20.7235,0.454,0,503,transcript,load,0,0,1,1
20.7237,0.6251,1,200,transcript,load,0,0,1,1
20.7314,1.6076,1,200,enroll,load,0,0,1,1
20.7405,0.4365,0,503,transcript,load,0,0,1,1
20.7441,0.8335,1,200,student_read,load,0,0,1,1
20.7494,0.6333,1,200,transcript,load,0,0,1,1
20.7496,0.9228,1,200,transcript,load,0,0,1,1
20.7504,1.7307,1,200,student_read,load,0,0,1,1
20.7505,2.2942,1,200,probe_student,probe,0,0,1,1
20.7524,0.7766,1,200,probe_records,probe,0,0,1,1
20.7538,0.4781,0,503,probe_timetable,probe,0,0,1,1
20.7558,0.6787,1,200,probe_payment,probe,0,0,1,1
20.7576,0.4763,0,503,transcript,load,0,0,1,1
20.7968,0.9806,1,200,transcript,load,0,0,1,1
20.7971,0.4353,0,503,transcript,load,0,0,1,1
20.7971,3.2208,1,202,payment,load,0,1,1,1
20.7979,0.8425,1,200,transcript,load,0,0,1,1
20.801,0.7859,1,200,transcript,load,0,0,1,1
20.8015,0.7764,1,200,transcript,load,0,0,1,1
20.8037,1.6313,1,200,payment,load,0,0,1,1
20.8052,2.2391,1,202,payment,load,0,1,1,1
20.8081,0.8869,1,200,transcript,load,0,0,1,1
20.8491,1.7977,1,200,balance,load,0,0,1,1
20.858,2.0176,1,200,balance,load,0,0,1,1
20.8588,1.0372,1,200,student_read,load,0,0,1,1
20.8621,0.8329,1,200,transcript,load,0,0,1,1
20.8622,1.7305,1,202,payment,load,0,1,1,1
20.8624,3.2735,1,202,payment,load,0,1,1,1
20.8659,3.3484,1,202,enroll,load,0,1,1,1
20.8705,0.6485,1,200,balance,load,0,0,1,1
20.8902,2.3762,1,202,payment,load,0,1,1,1
20.8903,0.7238,1,200,balance,load,0,0,1,1
20.8953,1.6981,1,202,grade,load,0,1,1,1
20.898,0.4889,0,503,timetable,load,0,0,1,1
20.9085,0.6819,1,200,timetable,load,0,0,1,1
20.9198,1.5122,1,200,payment,load,0,0,1,1
20.9234,0.4631,0,503,transcript,load,0,0,1,1
20.9344,1.9417,1,200,student_read,load,0,0,1,1
20.9344,0.7336,1,200,student_read,load,0,0,1,1
20.9539,1.8525,1,200,enroll,load,0,0,1,1
20.9562,0.6604,1,200,timetable,load,0,0,1,1
20.9564,0.7673,1,200,payment,load,0,0,1,1
20.9597,2.2207,1,200,payment,load,0,0,1,1
21.0152,0.6544,1,200,probe_student,probe,0,0,1,1
21.017,0.4491,0,503,probe_records,probe,0,0,1,1
21.0188,0.6521,1,200,probe_timetable,probe,0,0,1,1
21.0205,1.4337,1,200,probe_payment,probe,0,0,1,1
21.0221,0.6463,1,200,balance,load,0,0,1,1
21.0243,1.6145,1,200,payment,load,0,0,1,1
21.0245,0.7725,1,200,student_read,load,0,0,1,1
21.0269,0.7311,1,200,transcript,load,0,0,1,1
21.0481,0.7299,1,200,student_read,load,0,0,1,1
21.0633,1.8719,1,200,student_read,load,0,0,1,1
21.0676,1.9746,1,200,balance,load,0,0,1,1
21.0712,0.7722,1,200,payment,load,0,0,1,1
21.0846,1.4327,1,200,balance,load,0,0,1,1
21.0846,1.7772,1,200,student_read,load,0,0,1,1
21.0928,1.7837,1,200,balance,load,0,0,1,1
21.0985,2.9199,1,202,payment,load,0,1,1,1
21.105,0.6164,1,200,student_read,load,0,0,1,1
21.1089,0.6895,1,200,transcript,load,0,0,1,1
21.109,0.6897,1,200,enroll,load,0,0,1,1
21.1101,0.6105,1,200,balance,load,0,0,1,1
21.1245,2.9363,1,200,payment,load,0,0,1,1
21.1368,0.682,1,200,transcript,load,0,0,1,1
21.1568,2.7577,1,202,payment,load,0,1,1,1
21.1623,0.6348,1,200,timetable,load,0,0,1,1
21.1623,1.3197,1,200,grade,load,0,0,1,1
21.1656,0.4611,0,503,transcript,load,0,0,1,1
21.166,0.631,1,200,timetable,load,0,0,1,1
21.1721,1.8573,1,200,enroll,load,0,0,1,1
21.1764,0.6425,1,200,timetable,load,0,0,1,1
21.1767,3.0375,1,202,payment,load,0,1,1,1
21.177,0.6022,1,200,student_read,load,0,0,1,1
21.1775,0.4496,0,503,transcript,load,0,0,1,1
21.1921,1.6997,1,200,balance,load,0,0,1,1
21.1921,0.5858,1,200,balance,load,0,0,1,1
21.1958,1.5092,1,200,balance,load,0,0,1,1
21.2024,0.5947,1,200,student_read,load,0,0,1,1
21.2242,1.1351,1,200,enroll,load,0,0,1,1
21.2245,0.4935,0,503,timetable,load,0,0,1,1
21.2276,0.6386,1,200,grade,load,0,0,1,1
21.2324,0.4857,0,503,transcript,load,0,0,1,1
21.2546,1.7892,1,200,probe_student,probe,0,0,1,1
21.2559,0.6102,1,200,transcript,load,0,0,1,1
21.2567,0.5943,1,200,probe_records,probe,0,0,1,1
21.2586,0.5155,0,503,probe_timetable,probe,0,0,1,1
21.2589,1.6329,1,200,student_read,load,0,0,1,1
21.2593,0.5098,0,503,transcript,load,0,0,1,1
21.2604,0.5887,1,200,probe_payment,probe,0,0,1,1
21.2625,1.1124,1,200,balance,load,0,0,1,1
21.2858,0.6511,1,200,enroll,load,0,0,1,1
21.286,0.5634,1,200,timetable,load,0,0,1,1
21.2861,0.5756,1,200,enroll,load,0,0,1,1
21.3059,2.8301,1,202,enroll,load,0,1,1,1
21.3111,0.6445,1,200,transcript,load,0,0,1,1
21.3454,0.4928,0,503,timetable,load,0,0,1,1
21.3455,0.55,1,200,grade,load,0,0,1,1
21.3488,0.501,1,200,balance,load,0,0,1,1
21.3571,2.5613,1,202,payment,load,0,1,1,1
21.3699,0.4698,0,503,transcript,load,0,0,1,1
21.3699,0.4695,0,503,transcript,load,0,0,1,1
21.3826,0.4835,1,200,timetable,load,0,0,1,1
21.3827,0.457,0,503,transcript,load,0,0,1,1
21.3862,0.4553,0,503,timetable,load,0,0,1,1
21.3866,0.4793,1,200,balance,load,0,0,1,1
21.3869,0.4802,1,200,timetable,load,0,0,1,1
21.4036,1.785,1,202,payment,load,0,1,1,1
21.4305,1.4053,1,200,payment,load,0,0,1,1
21.4344,0.4615,1,200,timetable,load,0,0,1,1
21.4347,1.0729,1,200,student_read,load,0,0,1,1
21.4661,0.4319,0,503,transcript,load,0,0,1,1
21.4709,1.7057,1,202,grade,load,0,1,1,1
21.5122,0.4051,1,200,probe_student,probe,0,0,1,1
21.5125,1.0073,1,200,student_read,load,1,0,1,1
21.514,0.4479,0,503,probe_records,probe,0,0,1,1
21.5158,0.414,1,200,probe_timetable,probe,0,0,1,1
21.5178,1.2239,1,200,probe_payment,probe,0,0,1,1
21.519,0.3804,1,200,transcript,load,0,0,1,1
21.5202,0.3758,1,200,student_read,load,0,0,1,1
21.5519,0.3851,1,200,student_read,load,0,0,1,1
21.5549,0.5228,0,503,transcript,load,0,0,1,1
21.6003,0.3248,1,200,payment,load,0,0,1,1
21.653,2.264,1,202,payment,load,0,1,1,1
21.7141,0.2568,1,200,enroll,load,0,0,1,1
21.7607,0.3624,0,503,transcript,load,0,0,1,1
21.7626,0.198,1,200,probe_student,probe,0,0,1,1
21.764,0.4714,0,503,probe_records,probe,0,0,1,1
21.7653,0.1752,1,200,probe_timetable,probe,0,0,1,1
21.7667,1.2985,1,200,probe_payment,probe,0,0,1,1
21.8059,1.469,1,202,enroll,load,0,1,1,1
21.8511,0.388,0,503,timetable,load,0,0,1,1
21.9107,0.0395,1,200,transcript,load,0,0,1,1
21.9503,1.1087,1,200,student_read,load,0,0,1,1
22.0089,0.0381,1,200,probe_student,probe,0,0,1,1
22.0108,0.3327,0,503,probe_records,probe,0,0,1,1
22.0125,0.0394,1,200,probe_timetable,probe,0,0,1,1
22.0145,0.7874,1,200,probe_payment,probe,0,0,1,1
22.0164,0.042,1,200,balance,load,0,0,1,1
22.052,2.2803,1,202,payment,load,0,1,1,1
22.1034,0.097,1,200,enroll,load,0,0,1,1
22.1659,0.3154,0,503,timetable,load,0,0,1,1
22.2005,0.0157,1,200,student_read,load,1,0,1,1
22.2604,1.8772,1,202,payment,load,0,1,1,1
22.2625,0.0394,1,200,probe_student,probe,0,0,1,1
22.2642,0.2944,0,503,probe_records,probe,0,0,1,1
22.2659,0.032,1,200,probe_timetable,probe,0,0,1,1
22.2676,0.7964,1,200,probe_payment,probe,0,0,1,1
22.302,0.0438,1,200,balance,load,0,0,1,1
22.3526,0.6973,1,200,transcript,load,0,0,1,1
22.403,0.037,1,200,student_read,load,0,0,1,1
22.4542,0.5858,1,200,balance,load,0,0,1,1
22.509,0.0365,1,200,probe_student,probe,0,0,1,1
22.5109,0.5457,1,200,probe_records,probe,0,0,1,1
22.5127,0.038,1,200,probe_timetable,probe,0,0,1,1
22.5145,0.6057,1,200,probe_payment,probe,0,0,1,1
22.5164,0.0506,1,200,timetable,load,0,0,1,1
22.5508,0.4947,1,200,balance,load,0,0,1,1
22.6016,0.0371,1,200,student_read,load,0,0,1,1
22.6589,0.4641,1,200,balance,load,0,0,1,1
22.7048,0.0724,1,200,student_read,load,0,0,1,1
22.7584,1.5724,1,202,payment,load,0,1,1,1
22.7608,0.0297,1,200,probe_student,probe,0,0,1,1
22.7631,0.3306,1,200,probe_records,probe,0,0,1,1
22.7651,0.0313,1,200,probe_timetable,probe,0,0,1,1
22.7672,0.3214,1,200,probe_payment,probe,0,0,1,1
22.8019,0.0244,1,200,transcript,load,0,0,1,1
22.8507,0.2743,1,200,timetable,load,0,0,1,1
22.9131,0.5493,1,200,payment,load,0,0,1,1
22.9607,1.4917,1,202,payment,load,0,1,1,1
23.0059,0.0454,1,200,probe_student,probe,0,0,1,1
23.0076,0.1239,1,200,probe_records,probe,0,0,1,1
23.0097,0.0459,1,200,probe_timetable,probe,0,0,1,1
23.0119,0.118,1,200,probe_payment,probe,0,0,1,1
23.014,1.4205,1,202,payment,load,0,1,1,1
23.059,0.111,1,200,timetable,load,0,0,1,1
23.1089,0.3212,1,200,payment,load,0,0,1,1
23.1607,0.0239,1,200,transcript,load,0,0,1,1
23.2071,0.0391,1,200,timetable,load,0,0,1,1
23.2534,0.0389,1,200,transcript,load,0,0,1,1
23.2558,0.0316,1,200,probe_student,probe,0,0,1,1
23.2579,0.0445,1,200,probe_records,probe,0,0,1,1
23.2603,0.0372,1,200,probe_timetable,probe,0,0,1,1
23.2628,0.0375,1,200,probe_payment,probe,0,0,1,1
23.3025,0.0217,1,200,transcript,load,0,0,1,1
23.3619,0.0242,1,200,student_read,load,0,0,1,1
23.409,0.0173,1,200,student_read,load,0,0,1,1
23.4552,1.0305,1,200,enroll,load,0,0,1,1
23.5024,0.037,1,200,probe_student,probe,0,0,1,1
23.5049,0.0391,1,200,probe_records,probe,0,0,1,1
23.5075,0.065,1,200,probe_timetable,probe,0,0,1,1
23.5095,0.0327,1,200,probe_payment,probe,0,0,1,1
23.5126,0.0683,1,200,enroll,load,0,0,1,1
23.5651,0.0239,1,200,transcript,load,0,0,1,1
23.6113,0.0541,1,200,student_read,load,0,0,1,1
23.6572,0.022,1,200,student_read,load,0,0,1,1
23.7035,0.1582,1,200,enroll,load,0,0,1,1
23.766,0.0336,1,200,probe_student,probe,0,0,1,1
23.7681,0.0471,1,200,probe_records,probe,0,0,1,1
23.7697,0.0479,1,200,probe_timetable,probe,0,0,1,1
23.772,0.0368,1,200,probe_payment,probe,0,0,1,1
23.7739,0.0375,1,200,balance,load,0,0,1,1
23.8036,0.0723,1,200,enroll,load,0,0,1,1
23.8565,0.0499,1,200,transcript,load,0,0,1,1
23.9012,0.0203,1,200,timetable,load,0,0,1,1
23.9535,0.0711,1,200,timetable,load,0,0,1,1
24.0009,0.031,1,200,student_read,load,0,0,1,1
24.0034,0.0314,1,200,probe_student,probe,0,0,1,1
24.0057,0.0675,1,200,probe_records,probe,0,0,1,1
24.0077,0.0631,1,200,probe_timetable,probe,0,0,1,1
24.0098,0.0399,1,200,probe_payment,probe,0,0,1,1
24.0636,0.5065,1,200,enroll,load,0,0,1,1
24.1105,0.667,1,200,enroll,load,0,0,1,1
24.1576,0.0214,1,200,transcript,load,0,0,1,1
24.2032,0.0197,1,200,student_read,load,0,0,1,1
24.2661,0.0356,1,200,probe_student,probe,0,0,1,1
24.2686,0.1049,1,200,probe_records,probe,0,0,1,1
24.2708,0.0466,1,200,probe_timetable,probe,0,0,1,1
24.2737,0.0342,1,200,probe_payment,probe,1,0,1,1
24.277,0.2611,1,200,grade,load,0,0,1,1
24.3017,0.0703,1,200,transcript,load,0,0,1,1
24.3582,0.0183,1,200,balance,load,1,0,1,1
24.4044,0.0258,1,200,transcript,load,0,0,1,1
24.4525,0.0244,1,200,transcript,load,0,0,1,1
24.5124,0.0464,1,200,student_read,load,0,0,1,1
24.5153,0.0368,1,200,probe_student,probe,0,0,1,1
24.5182,0.0678,1,200,probe_records,probe,0,0,1,1
24.5213,0.0604,1,200,probe_timetable,probe,0,0,1,1
24.5238,0.0641,1,200,probe_payment,probe,0,0,1,1
24.5521,0.0214,1,200,transcript,load,0,0,1,1
24.6044,0.0334,1,200,enroll,load,0,0,1,1
24.6517,0.0193,1,200,timetable,load,0,0,1,1
24.714,0.0374,1,200,balance,load,0,0,1,1
24.7516,0.0321,1,200,probe_student,probe,0,0,1,1
24.7539,0.0771,1,200,probe_records,probe,0,0,1,1
24.756,0.0718,1,200,probe_timetable,probe,0,0,1,1
24.7577,0.0484,1,200,probe_payment,probe,0,0,1,1
24.7596,0.0796,1,200,grade,load,0,0,1,1
24.8005,0.0565,1,200,grade,load,0,0,1,1
24.8509,0.0224,1,200,balance,load,0,0,1,1
24.9115,0.0266,1,200,student_read,load,0,0,1,1
24.958,1.3498,1,202,enroll,load,0,1,1,1
25.0045,0.1391,1,200,timetable,load,0,0,1,1
25.0072,0.1331,1,200,probe_student,probe,0,0,1,1
25.0098,0.1283,1,200,probe_records,probe,0,0,1,1
25.0119,0.1358,1,200,probe_timetable,probe,0,0,1,1
25.0146,0.096,1,200,probe_payment,probe,0,0,1,1
25.0518,0.0972,1,200,transcript,load,0,0,1,1
25.1054,0.7964,1,200,payment,load,0,0,1,1
25.1604,0.0263,1,200,timetable,load,0,0,1,1
25.2057,0.0236,1,200,student_read,load,0,0,1,1
25.2536,0.0302,1,200,probe_student,probe,0,0,1,1
25.256,0.0359,1,200,probe_records,probe,0,0,1,1
25.2579,0.0433,1,200,probe_timetable,probe,0,0,1,1
25.2603,0.0283,1,200,probe_payment,probe,0,0,1,1
25.2627,0.0608,1,200,balance,load,0,0,1,1
25.3013,1.2469,1,200,enroll,load,0,0,1,1
25.3623,0.0191,1,200,transcript,load,0,0,1,1
25.4097,0.0198,1,200,timetable,load,0,0,1,1
25.456,1.3546,1,202,payment,load,0,1,1,1
25.5034,0.048,1,200,transcript,load,0,0,1,1
25.506,0.0343,1,200,probe_student,probe,0,0,1,1
25.5085,0.0405,1,200,probe_records,probe,0,0,1,1
25.5106,0.0328,1,200,probe_timetable,probe,0,0,1,1
25.5125,0.0339,1,200,probe_payment,probe,0,0,1,1
25.5515,1.7495,1,202,payment,load,0,1,1,1
25.6136,1.2843,1,202,payment,load,0,1,1,1
25.6604,0.0206,1,200,transcript,load,0,0,1,1
25.7061,0.0153,1,200,balance,load,0,0,1,1
25.7531,0.0272,1,200,probe_student,probe,0,0,1,1
25.7556,0.0322,1,200,probe_records,probe,0,0,1,1
25.7582,0.0414,1,200,probe_timetable,probe,0,0,1,1
25.7606,0.083,1,200,probe_payment,probe,0,0,1,1
25.7628,0.0327,1,200,student_read,load,0,0,1,1
25.8149,0.0313,1,200,student_read,load,0,0,1,1
25.8616,0.0428,1,200,transcript,load,0,0,1,1
25.9045,0.0569,1,200,payment,load,0,0,1,1
25.9546,0.0155,1,200,balance,load,0,0,1,1
26.0018,0.0911,1,200,transcript,load,0,0,1,1
26.0036,0.0538,1,200,probe_student,probe,0,0,1,1
26.0057,0.0929,1,200,probe_records,probe,0,0,1,1
26.008,0.0796,1,200,probe_timetable,probe,0,0,1,1
26.0102,0.0867,1,200,probe_payment,probe,0,0,1,1
26.0522,0.0823,1,200,payment,load,0,0,1,1
26.1103,0.0182,1,200,timetable,load,0,0,1,1
26.1571,0.0176,1,200,balance,load,0,0,1,1
26.2038,0.0193,1,200,timetable,load,0,0,1,1
26.265,0.0296,1,200,probe_student,probe,0,0,1,1
26.2671,0.0459,1,200,probe_records,probe,0,0,1,1
26.2694,0.0647,1,200,probe_timetable,probe,0,0,1,1
26.2721,0.0371,1,200,probe_payment,probe,0,0,1,1
26.2741,0.0447,1,200,balance,load,0,0,1,1
26.3016,0.0489,1,200,payment,load,0,0,1,1
26.3506,0.0228,1,200,grade,load,0,0,1,1
26.406,0.0354,1,200,timetable,load,0,0,1,1
26.4521,0.0384,1,200,student_read,load,0,0,1,1
26.5139,0.0454,1,200,transcript,load,0,0,1,1
26.5159,0.0288,1,200,probe_student,probe,0,0,1,1
26.5179,0.0443,1,200,probe_records,probe,0,0,1,1
26.52,0.0319,1,200,probe_timetable,probe,0,0,1,1
26.522,0.0314,1,200,probe_payment,probe,0,0,1,1
26.5548,0.0456,1,200,student_read,load,0,0,1,1
26.6005,0.017,1,200,student_read,load,0,0,1,1
26.6539,0.0205,1,200,transcript,load,0,0,1,1
26.7157,0.6918,1,200,payment,load,0,0,1,1
26.7619,0.0304,1,200,probe_student,probe,0,0,1,1
26.7644,0.0431,1,200,probe_records,probe,0,0,1,1
26.7667,0.0534,1,200,probe_timetable,probe,0,0,1,1
26.7691,0.0318,1,200,probe_payment,probe,0,0,1,1
26.7718,0.0498,1,200,transcript,load,0,0,1,1
26.8022,0.0295,1,200,balance,load,0,0,1,1
26.8548,0.0264,1,200,timetable,load,0,0,1,1
26.9019,0.0837,1,200,student_read,load,0,0,1,1
26.9654,0.402,1,200,enroll,load,0,0,1,1
27.0113,1.4106,1,202,payment,load,0,1,1,1
27.0141,0.0852,1,200,probe_student,probe,0,0,1,1
27.0161,0.0845,1,200,probe_records,probe,0,0,1,1
27.0178,0.0858,1,200,probe_timetable,probe,0,0,1,1
27.0199,0.0752,1,200,probe_payment,probe,0,0,1,1
27.0568,0.0149,1,200,student_read,load,0,0,1,1
27.1037,0.0176,1,200,timetable,load,0,0,1,1
27.1649,0.0145,1,200,student_read,load,0,0,1,1
27.2116,0.0232,1,200,enroll,load,0,0,1,1
27.257,0.0418,1,200,student_read,load,0,0,1,1
27.2588,0.0369,1,200,probe_student,probe,0,0,1,1
27.2606,0.0311,1,200,probe_records,probe,0,0,1,1
27.2626,0.0224,1,200,probe_timetable,probe,0,0,1,1
27.2637,0.0292,1,200,probe_payment,probe,0,0,1,1
27.3012,0.049,1,200,grade,load,0,0,1,1
27.3503,0.0261,1,200,transcript,load,0,0,1,1
27.4028,0.021,1,200,timetable,load,0,0,1,1
27.46,1.4453,1,202,payment,load,0,1,1,1
27.5068,0.0381,1,200,probe_student,probe,0,0,1,1
27.5085,0.04,1,200,probe_records,probe,0,0,1,1
27.51,0.048,1,200,probe_timetable,probe,0,0,1,1
27.5117,0.0253,1,200,probe_payment,probe,0,0,1,1
27.5141,0.047,1,200,transcript,load,0,0,1,1
27.5524,0.0164,1,200,balance,load,0,0,1,1
27.6134,0.0387,1,200,timetable,load,0,0,1,1
27.6522,0.1205,1,200,enroll,load,0,0,1,1
27.7069,0.0894,1,200,payment,load,0,0,1,1
27.7532,1.3539,1,200,payment,load,0,0,1,1
27.7556,0.0236,1,200,probe_student,probe,0,0,1,1
27.7579,0.0356,1,200,probe_records,probe,0,0,1,1
27.76,0.0292,1,200,probe_timetable,probe,0,0,1,1
27.762,0.0295,1,200,probe_payment,probe,0,0,1,1
27.8159,0.0687,1,200,payment,load,0,0,1,1
27.8622,0.3195,1,200,payment,load,0,0,1,1
27.9078,0.0156,1,200,timetable,load,0,0,1,1
27.9545,0.039,1,200,timetable,load,0,0,1,1
28.0019,0.0313,1,200,transcript,load,0,0,1,1
28.0041,0.0263,1,200,probe_student,probe,0,0,1,1
28.0062,0.0341,1,200,probe_records,probe,0,0,1,1
28.008,0.0306,1,200,probe_timetable,probe,0,0,1,1
28.0096,0.0337,1,200,probe_payment,probe,0,0,1,1
28.0627,0.0266,1,200,timetable,load,0,0,1,1
28.1114,0.0227,1,200,student_read,load,0,0,1,1
28.159,0.0161,1,200,transcript,load,0,0,1,1
28.2058,0.0152,1,200,transcript,load,0,0,1,1
28.2532,0.06,1,200,probe_student,probe,0,0,1,1
28.2569,0.0293,1,200,probe_records,probe,0,0,1,1
28.2583,0.0584,1,200,probe_timetable,probe,0,0,1,1
28.2597,0.0277,1,200,probe_payment,probe,0,0,1,1
28.2612,0.0547,1,200,transcript,load,0,0,1,1
28.3004,0.0238,1,200,transcript,load,0,0,1,1
28.3623,1.4672,1,202,grade,load,0,1,1,1
28.4078,0.0161,1,200,timetable,load,0,0,1,1
28.454,0.012,1,200,balance,load,0,0,1,1
28.5154,0.4631,1,200,student_read,load,0,0,1,1
28.5171,0.4801,1,200,probe_student,probe,0,0,1,1
28.5187,0.4641,1,200,probe_records,probe,0,0,1,1
28.52,0.489,1,200,probe_timetable,probe,0,0,1,1
28.5211,0.4459,1,200,probe_payment,probe,0,0,1,1
28.5614,0.4377,1,200,balance,load,0,0,1,1
28.6078,0.3793,1,200,timetable,load,0,0,1,1
28.6558,0.36,1,200,timetable,load,0,0,1,1
28.7025,0.281,1,200,transcript,load,0,0,1,1
28.7658,0.2369,1,200,balance,load,0,0,1,1
28.7668,0.2065,1,200,probe_student,probe,0,0,1,1
28.7679,0.2468,1,200,probe_records,probe,0,0,1,1
28.7693,0.2171,1,200,probe_timetable,probe,0,0,1,1
28.7713,0.2287,1,200,probe_payment,probe,0,0,1,1
28.8133,0.4948,1,200,payment,load,0,0,1,1
28.8592,0.1545,1,200,transcript,load,0,0,1,1
28.9028,0.0814,1,200,transcript,load,0,0,1,1
28.9529,0.1016,1,200,payment,load,0,0,1,1
