t_rel,latency_s,ok,status,op,kind,degraded,queued,attempt,gw_attempts
-0.0004,0.0165,1,200,probe_student,probe,0,0,1,1
0.001,0.0194,1,200,probe_records,probe,0,0,1,1
0.0024,0.1282,1,200,probe_timetable,probe,0,0,1,1
0.0033,0.0214,1,200,probe_payment,probe,0,0,1,1
0.0045,0.3568,1,200,enroll,load,0,0,1,1
0.0645,0.0681,1,200,transcript,load,0,0,1,1
0.1122,0.2955,1,200,payment,load,0,0,1,1
0.1573,0.0116,1,200,balance,load,0,0,1,1
0.2196,0.0108,1,200,balance,load,0,0,1,1
0.2655,0.044,1,200,probe_student,probe,0,0,1,1
0.2669,0.0219,1,200,probe_records,probe,0,0,1,1
0.2679,0.0478,1,200,probe_timetable,probe,0,0,1,1
0.2687,0.026,1,200,probe_payment,probe,0,0,1,1
0.2698,0.0432,1,200,balance,load,0,0,1,1
0.3066,0.0241,1,200,timetable,load,0,0,1,1
0.3578,0.0132,1,200,timetable,load,0,0,1,1
0.4048,0.0219,1,200,grade,load,0,0,1,1
0.4665,0.0127,1,200,timetable,load,0,0,1,1
0.5132,0.0235,1,200,probe_student,probe,0,0,1,1
0.5144,0.0216,1,200,probe_records,probe,0,0,1,1
0.5156,0.0239,1,200,probe_timetable,probe,0,0,1,1
0.5166,0.0164,1,200,probe_payment,probe,0,0,1,1
0.5175,0.0207,1,200,student_read,load,0,0,1,1
0.5613,0.0119,1,200,transcript,load,0,0,1,1
0.6079,0.0091,1,200,student_read,load,0,0,1,1
0.6702,0.0089,1,200,student_read,load,0,0,1,1
0.7166,0.012,1,200,transcript,load,0,0,1,1
0.7625,0.021,1,200,probe_student,probe,0,0,1,1
0.7639,0.0182,1,200,probe_records,probe,0,0,1,1
0.7651,0.0243,1,200,probe_timetable,probe,0,0,1,1
0.7661,0.02,1,200,probe_payment,probe,0,0,1,1
0.7671,0.0209,1,200,balance,load,0,0,1,1
0.8105,0.0137,1,200,timetable,load,0,0,1,1
0.8561,0.0387,1,200,payment,load,0,0,1,1
0.9175,0.0096,1,200,balance,load,0,0,1,1
0.9647,0.02,1,200,enroll,load,0,0,1,1
1.0128,0.0201,1,200,probe_student,probe,0,0,1,1
1.0143,0.0219,1,200,probe_records,probe,0,0,1,1
1.0153,0.0225,1,200,probe_timetable,probe,0,0,1,1
1.0162,0.0189,1,200,probe_payment,probe,0,0,1,1
1.0171,0.0499,1,200,payment,load,0,0,1,1
1.0596,0.0127,1,200,timetable,load,0,0,1,1
1.1063,0.0117,1,200,transcript,load,0,0,1,1
1.1689,0.0133,1,200,timetable,load,0,0,1,1
1.2149,0.0102,1,200,balance,load,0,0,1,1
1.2624,0.022,1,200,probe_student,probe,0,0,1,1
1.2638,0.0169,1,200,probe_records,probe,0,0,1,1
1.2647,0.0298,1,200,probe_timetable,probe,0,0,1,1
1.2657,0.0182,1,200,probe_payment,probe,0,0,1,1
1.267,0.0352,1,200,enroll,load,0,0,1,1
1.3086,0.0202,1,200,enroll,load,0,0,1,1
1.3547,0.0207,1,200,transcript,load,0,0,1,1
1.4153,0.0381,1,200,payment,load,0,0,1,1
1.4604,0.0193,1,200,enroll,load,0,0,1,1
1.5068,0.0175,1,200,probe_student,probe,0,0,1,1
1.5079,0.0201,1,200,probe_records,probe,0,0,1,1
1.509,0.0287,1,200,probe_timetable,probe,0,0,1,1
1.5103,0.0192,1,200,probe_payment,probe,0,0,1,1
1.5123,0.0249,1,200,transcript,load,0,0,1,1
1.5688,0.0115,1,200,balance,load,0,0,1,1
1.617,0.0094,1,200,balance,load,0,0,1,1
1.6629,0.0418,1,200,payment,load,0,0,1,1
1.7048,0.0136,1,200,transcript,load,0,0,1,1
1.7551,0.0195,1,200,probe_student,probe,0,0,1,1
1.7563,0.0201,1,200,probe_records,probe,0,0,1,1
1.7574,0.0236,1,200,probe_timetable,probe,0,0,1,1
1.7585,0.0203,1,200,probe_payment,probe,0,0,1,1
1.7597,0.03,1,200,grade,load,0,0,1,1
1.8172,0.021,1,200,enroll,load,0,0,1,1
1.8635,0.0363,1,200,balance,load,0,0,1,1
1.9109,0.0177,1,200,transcript,load,0,0,1,1
1.9582,0.0394,1,200,payment,load,0,0,1,1
2.0048,0.0204,1,200,probe_student,probe,0,0,1,1
2.006,0.0224,1,200,probe_records,probe,0,0,1,1
2.0072,0.0227,1,200,probe_timetable,probe,0,0,1,1
2.0083,0.0196,1,200,probe_payment,probe,0,0,1,1
2.0095,0.022,1,200,transcript,load,0,0,1,1
2.0671,0.0192,1,200,enroll,load,0,0,1,1
2.1138,0.0463,1,200,payment,load,0,0,1,1
2.1576,0.014,1,200,transcript,load,0,0,1,1
2.2076,0.0105,1,200,balance,load,0,0,1,1
2.2547,0.0245,1,200,probe_student,probe,0,0,1,1
2.2561,0.026,1,200,probe_records,probe,0,0,1,1
2.2576,0.0308,1,200,probe_timetable,probe,0,0,1,1
2.259,0.0218,1,200,probe_payment,probe,0,0,1,1
2.2604,0.0495,1,200,enroll,load,0,0,1,1
2.3075,0.0203,1,200,enroll,load,0,0,1,1
2.3652,0.0495,1,200,payment,load,0,0,1,1
2.4111,0.0223,1,200,student_read,load,0,0,1,1
2.4574,0.0123,1,200,transcript,load,0,0,1,1
2.5035,0.0232,1,200,probe_student,probe,0,0,1,1
2.5047,0.0199,1,200,probe_records,probe,0,0,1,1
2.5058,0.026,1,200,probe_timetable,probe,0,0,1,1
2.5068,0.0185,1,200,probe_payment,probe,0,0,1,1
2.511,0.0485,1,200,payment,load,0,0,1,1
2.557,0.0348,1,200,enroll,load,0,0,1,1
2.6128,0.0094,1,200,balance,load,0,0,1,1
2.6595,0.0125,1,200,transcript,load,0,0,1,1
2.7047,0.0136,1,200,transcript,load,0,0,1,1
2.7509,0.0179,1,200,probe_student,probe,0,0,1,1
2.7519,0.0196,1,200,probe_records,probe,0,0,1,1
2.7528,0.0241,1,200,probe_timetable,probe,0,0,1,1
2.7538,0.02,1,200,probe_payment,probe,0,0,1,1
2.7576,0.0453,1,200,payment,load,0,0,1,1
2.8134,0.0119,1,200,transcript,load,0,0,1,1
2.8596,0.0202,1,200,grade,load,0,0,1,1
2.9067,0.0119,1,200,balance,load,0,0,1,1
2.9551,0.0146,1,200,student_read,load,0,0,1,1
3.0005,0.0201,1,200,probe_student,probe,0,0,1,1
3.0017,0.0165,1,200,probe_records,probe,0,0,1,1
3.0027,0.025,1,200,probe_timetable,probe,0,0,1,1
3.0035,0.0187,1,200,probe_payment,probe,0,0,1,1
3.0073,0.0463,1,200,payment,load,0,0,1,1
3.0633,0.0091,1,200,balance,load,0,0,1,1
3.1107,0.0127,1,200,timetable,load,0,0,1,1
3.1566,0.0203,1,200,grade,load,0,0,1,1
3.2193,0.0206,1,200,enroll,load,0,0,1,1
3.2503,0.0203,1,200,probe_student,probe,0,0,1,1
3.2517,0.017,1,200,probe_records,probe,0,0,1,1
3.2528,0.0259,1,200,probe_timetable,probe,0,0,1,1
3.2537,0.0186,1,200,probe_payment,probe,0,0,1,1
3.2577,0.0285,1,200,enroll,load,0,0,1,1
3.3135,0.0086,1,200,student_read,load,0,0,1,1
3.3596,0.0095,1,200,student_read,load,0,0,1,1
3.4065,0.0124,1,200,timetable,load,0,0,1,1
3.468,0.0455,1,200,enroll,load,0,0,1,1
3.4998,0.0228,1,200,probe_student,probe,0,0,1,1
3.5011,0.0175,1,200,probe_records,probe,0,0,1,1
3.5019,0.0268,1,200,probe_timetable,probe,0,0,1,1
3.5029,0.018,1,200,probe_payment,probe,0,0,1,1
3.5078,0.0231,1,200,student_read,load,0,0,1,1
3.5628,0.0094,1,200,balance,load,0,0,1,1
3.6092,0.0416,1,200,payment,load,0,0,1,1
3.6693,0.012,1,200,balance,load,0,0,1,1
3.7144,0.0498,1,200,payment,load,0,0,1,1
3.7575,0.0188,1,200,probe_student,probe,0,0,1,1
3.7584,0.0248,1,200,probe_records,probe,0,0,1,1
3.7595,0.0304,1,200,probe_timetable,probe,0,0,1,1
3.761,0.0239,1,200,probe_payment,probe,0,0,1,1
3.7619,0.0272,1,200,transcript,load,0,0,1,1
3.8066,0.0102,1,200,student_read,load,0,0,1,1
3.8691,0.0144,1,200,transcript,load,0,0,1,1
3.915,0.0114,1,200,student_read,load,0,0,1,1
3.9612,0.0107,1,200,student_read,load,0,0,1,1
4.0084,0.0204,1,200,probe_student,probe,0,0,1,1
4.0094,0.0229,1,200,probe_records,probe,0,0,1,1
4.0106,0.0505,1,200,probe_timetable,probe,0,0,1,1
4.0119,0.0195,1,200,probe_payment,probe,0,0,1,1
4.0132,0.0473,1,200,timetable,load,0,0,1,1
4.0568,0.0159,1,200,timetable,load,0,0,1,1
4.1144,0.0109,1,200,balance,load,0,0,1,1
4.162,0.0242,1,200,enroll,load,0,0,1,1
4.2082,0.0148,1,200,timetable,load,0,0,1,1
4.2551,0.0202,1,200,probe_student,probe,0,0,1,1
4.2564,0.0206,1,200,probe_records,probe,0,0,1,1
4.2575,0.0253,1,200,probe_timetable,probe,0,0,1,1
4.2585,0.0203,1,200,probe_payment,probe,0,0,1,1
4.2595,0.0212,1,200,balance,load,0,0,1,1
4.3161,0.016,1,200,timetable,load,0,0,1,1
4.3626,0.0107,1,200,balance,load,0,0,1,1
4.4093,0.0449,1,200,payment,load,0,0,1,1
4.4549,0.0142,1,200,timetable,load,0,0,1,1
4.5019,0.0224,1,200,probe_student,probe,0,0,1,1
4.5035,0.0378,1,200,probe_records,probe,0,0,1,1
4.5049,0.0272,1,200,probe_timetable,probe,0,0,1,1
4.5065,0.0465,1,200,probe_payment,probe,0,0,1,1
4.5123,0.0173,1,200,balance,load,0,0,1,1
4.5633,0.0239,1,200,enroll,load,0,0,1,1
4.6084,0.0242,1,200,grade,load,0,0,1,1
4.6697,0.0105,1,200,student_read,load,0,0,1,1
4.7174,0.0508,1,200,payment,load,0,0,1,1
4.7608,0.0203,1,200,probe_student,probe,0,0,1,1
4.762,0.0252,1,200,probe_records,probe,0,0,1,1
4.7631,0.0284,1,200,probe_timetable,probe,0,0,1,1
4.7649,0.0204,1,200,probe_payment,probe,0,0,1,1
4.7662,0.0229,1,200,balance,load,0,0,1,1
4.8097,0.02,1,200,grade,load,0,0,1,1
4.8561,0.0107,1,200,student_read,load,0,0,1,1
4.9195,0.023,1,200,enroll,load,0,0,1,1
4.9654,0.0118,1,200,student_read,load,0,0,1,1
5.0121,0.0235,1,200,probe_student,probe,0,0,1,1
5.0137,0.0248,1,200,probe_records,probe,0,0,1,1
5.0151,0.0292,1,200,probe_timetable,probe,0,0,1,1
5.0164,0.02,1,200,probe_payment,probe,0,0,1,1
5.0176,0.0263,1,200,transcript,load,0,0,1,1
5.0584,0.0292,1,200,student_read,load,0,0,1,1
5.119,0.0314,1,200,transcript,load,0,0,1,1
5.1647,0.0137,1,200,transcript,load,0,0,1,1
5.2111,0.011,1,200,student_read,load,0,0,1,1
5.2588,0.0245,1,200,probe_student,probe,0,0,1,1
5.2601,0.0275,1,200,probe_records,probe,0,0,1,1
5.2615,0.0307,1,200,probe_timetable,probe,0,0,1,1
5.2632,0.0225,1,200,probe_payment,probe,0,0,1,1
5.2649,0.0252,1,200,balance,load,0,0,1,1
5.3054,0.012,1,200,student_read,load,0,0,1,1
5.368,0.0113,1,200,balance,load,0,0,1,1
5.4139,0.0465,1,200,payment,load,0,0,1,1
5.4578,0.0226,1,200,enroll,load,0,0,1,1
5.5066,0.0284,1,200,probe_student,probe,0,0,1,1
5.5086,0.0243,1,200,probe_records,probe,0,0,1,1
5.51,0.0331,1,200,probe_timetable,probe,0,0,1,1
5.5114,0.0222,1,200,probe_payment,probe,0,0,1,1
5.5128,0.0299,1,200,transcript,load,0,0,1,1
5.5671,0.0303,1,200,grade,load,0,0,1,1
5.6126,0.0141,1,200,transcript,load,0,0,1,1
5.6595,0.0128,1,200,student_read,load,0,0,1,1
5.7065,0.014,1,200,transcript,load,0,0,1,1
5.7519,0.0201,1,200,probe_student,probe,0,0,1,1
5.7537,0.0214,1,200,probe_records,probe,0,0,1,1
5.7549,0.0282,1,200,probe_timetable,probe,0,0,1,1
5.7561,0.0216,1,200,probe_payment,probe,0,0,1,1
5.7617,0.0188,1,200,balance,load,0,0,1,1
5.8134,0.0453,1,200,payment,load,0,0,1,1
5.8563,0.013,1,200,student_read,load,0,0,1,1
5.9051,0.0213,1,200,enroll,load,0,0,1,1
5.9671,0.0227,1,200,grade,load,0,0,1,1
6.0129,0.0234,1,200,probe_student,probe,0,0,1,1
6.0143,0.0242,1,200,probe_records,probe,0,0,1,1
6.0159,0.0295,1,200,probe_timetable,probe,0,0,1,1
6.0176,0.0229,1,200,probe_payment,probe,0,0,1,1
6.0191,0.0244,1,200,student_read,load,0,0,1,1
6.0586,0.0156,1,200,transcript,load,0,0,1,1
6.1201,0.0205,1,200,timetable,load,0,0,1,1
6.1667,0.0151,1,200,transcript,load,0,0,1,1
6.2128,0.0241,1,200,timetable,load,0,0,1,1
6.2597,0.0181,1,200,probe_student,probe,0,0,1,1
6.261,0.0218,1,200,probe_records,probe,0,0,1,1
6.2621,0.0273,1,200,probe_timetable,probe,0,0,1,1
6.2635,0.0223,1,200,probe_payment,probe,0,0,1,1
6.2653,0.0226,1,200,student_read,load,0,0,1,1
6.3069,0.0143,1,200,transcript,load,0,0,1,1
6.3692,0.0145,1,200,transcript,load,0,0,1,1
6.415,0.0164,1,200,timetable,load,0,0,1,1
6.4622,0.0139,1,200,timetable,load,0,0,1,1
6.5092,0.0262,1,200,probe_student,probe,0,0,1,1
6.5104,0.027,1,200,probe_records,probe,0,0,1,1
6.5108,0.3658,1,200,payment,load,0,0,1,1
6.512,0.0344,1,200,probe_timetable,probe,0,0,1,1
6.5135,0.0254,1,200,probe_payment,probe,0,0,1,1
6.5156,0.0959,1,200,payment,load,0,0,1,1
6.5387,0.6595,1,200,payment,load,0,0,1,1
6.5415,0.2685,1,200,payment,load,0,0,1,1
6.5429,0.1958,1,200,timetable,load,0,0,1,1
6.5443,0.1959,1,200,timetable,load,0,0,1,1
6.5453,0.1858,1,200,timetable,load,0,0,1,1
6.5461,0.1893,1,200,timetable,load,0,0,1,1
6.5469,0.1857,1,200,transcript,load,0,0,1,1
6.548,0.6134,1,200,grade,load,0,0,1,1
6.549,0.2645,1,200,timetable,load,0,0,1,1
6.5499,0.2072,1,200,student_read,load,0,0,1,1
6.5506,0.3181,1,200,balance,load,0,0,1,1
6.5515,0.2169,1,200,transcript,load,0,0,1,1
6.5524,0.1955,1,200,transcript,load,0,0,1,1
6.5532,0.3303,1,200,enroll,load,0,0,1,1
6.554,0.317,1,200,timetable,load,0,0,1,1
6.5547,0.0543,1,200,student_read,load,0,0,1,1
6.5549,0.3356,1,200,student_read,load,0,0,1,1
6.5554,0.7693,1,200,payment,load,0,0,1,1
6.5562,0.3188,1,200,transcript,load,0,0,1,1
6.5574,0.3424,1,200,timetable,load,0,0,1,1
6.5582,0.3539,1,200,transcript,load,0,0,1,1
6.559,0.3331,1,200,student_read,load,0,0,1,1
6.56,0.22,1,200,student_read,load,0,0,1,1
6.5611,0.3016,1,200,timetable,load,0,0,1,1
6.562,0.2166,1,200,student_read,load,0,0,1,1
6.5631,0.303,1,200,timetable,load,0,0,1,1
6.564,1.6323,1,202,payment,load,0,1,1,1
6.5648,0.2993,1,200,transcript,load,0,0,1,1
6.5656,0.3352,1,200,student_read,load,0,0,1,1
6.5663,0.2922,1,200,student_read,load,0,0,1,1
6.5671,0.3129,1,200,timetable,load,0,0,1,1
6.568,0.2183,1,200,balance,load,0,0,1,1
6.5693,1.6297,1,202,enroll,load,0,1,1,1
6.5701,0.479,1,200,payment,load,0,0,1,1
6.5707,0.386,1,200,payment,load,0,0,1,1
6.5716,0.3174,1,200,timetable,load,0,0,1,1
6.5721,0.3056,1,200,transcript,load,0,0,1,1
6.5727,0.2899,1,200,timetable,load,0,0,1,1
6.573,1.7612,1,202,enroll,load,0,1,1,1
6.5735,0.3172,1,200,timetable,load,0,0,1,1
6.5739,1.6237,1,202,payment,load,0,1,1,1
6.5742,0.2896,1,200,timetable,load,0,0,1,1
6.5746,1.7613,1,202,payment,load,0,1,1,1
6.5749,0.3856,1,200,transcript,load,0,0,1,1
6.5753,0.3035,1,200,timetable,load,0,0,1,1
6.5764,1.6193,1,202,grade,load,0,1,1,1
6.5764,0.2851,1,200,student_read,load,0,0,1,1
6.5775,0.4085,1,200,timetable,load,0,0,1,1
6.5783,0.3846,1,200,student_read,load,0,0,1,1
6.579,0.3528,1,200,balance,load,0,0,1,1
6.5797,0.3246,1,200,transcript,load,0,0,1,1
6.5807,0.3781,1,200,transcript,load,0,0,1,1
6.5816,0.3237,1,200,enroll,load,0,0,1,1
6.5824,0.3911,1,200,timetable,load,0,0,1,1
6.5838,0.318,1,200,student_read,load,0,0,1,1
6.5851,0.4039,1,200,transcript,load,0,0,1,1
6.5866,0.4087,1,200,timetable,load,0,0,1,1
6.5875,2.2138,1,202,payment,load,0,1,1,1
6.5878,0.4208,1,200,transcript,load,0,0,1,1
6.5878,2.2155,1,202,payment,load,0,1,1,1
6.5891,0.4297,1,200,student_read,load,0,0,1,1
6.5892,0.5055,1,200,timetable,load,0,0,1,1
6.5904,0.4135,1,200,student_read,load,0,0,1,1
6.5906,0.5003,1,200,timetable,load,0,0,1,1
6.5916,0.3565,1,200,timetable,load,0,0,1,1
6.5918,0.531,1,200,timetable,load,0,0,1,1
6.5928,0.5035,1,200,timetable,load,0,0,1,1
6.593,0.3369,1,200,student_read,load,0,0,1,1
6.5941,0.527,1,200,transcript,load,0,0,1,1
6.5943,0.5003,1,200,timetable,load,0,0,1,1
6.5955,1.7463,1,202,payment,load,0,1,1,1
6.5957,0.6606,1,200,grade,load,0,0,1,1
6.5969,0.4842,1,200,transcript,load,0,0,1,1
6.5972,0.5425,1,200,timetable,load,0,0,1,1
6.5981,0.3587,1,200,student_read,load,0,0,1,1
6.5983,0.5437,1,200,student_read,load,0,0,1,1
6.5996,0.5562,1,200,balance,load,0,0,1,1
6.5996,0.4789,1,200,student_read,load,0,0,1,1
6.6007,0.5438,1,200,transcript,load,0,0,1,1
6.6007,0.3897,1,200,timetable,load,0,0,1,1
6.602,0.7058,1,200,transcript,load,0,0,1,1
6.6021,0.4145,1,200,balance,load,0,0,1,1
6.6033,1.9255,1,202,enroll,load,0,1,1,1
6.6035,1.7363,1,202,enroll,load,0,1,1,1
6.6049,0.6495,1,200,timetable,load,0,0,1,1
6.605,0.5008,1,200,payment,load,0,0,1,1
6.6061,0.1102,1,200,payment,load,0,0,1,1
6.6067,0.6147,1,200,student_read,load,0,0,1,1
6.6074,0.5336,1,200,transcript,load,0,0,1,1
6.6084,0.6263,1,200,transcript,load,0,0,1,1
6.609,0.6415,1,200,enroll,load,0,0,1,1
6.6096,0.6129,1,200,timetable,load,0,0,1,1
6.6103,1.9185,1,202,payment,load,0,1,1,1
6.611,0.6571,1,200,transcript,load,0,0,1,1
6.6118,1.842,1,202,payment,load,0,1,1,1
6.6123,0.6059,1,200,student_read,load,0,0,1,1
6.6131,0.483,1,200,timetable,load,0,0,1,1
6.6134,0.639,1,200,student_read,load,0,0,1,1
6.6142,0.4486,1,200,student_read,load,0,0,1,1
6.6143,0.6093,1,200,timetable,load,0,0,1,1
6.6153,0.7119,1,200,student_read,load,0,0,1,1
6.6169,0.6206,1,200,timetable,load,0,0,1,1
6.6188,0.7628,1,200,payment,load,0,0,1,1
6.6203,0.7903,1,200,transcript,load,0,0,1,1
6.6221,0.864,1,200,student_read,load,0,0,1,1
6.6237,0.766,1,200,student_read,load,0,0,1,1
6.6249,2.2273,1,202,payment,load,0,1,1,1
6.625,0.7045,1,200,timetable,load,0,0,1,1
6.6264,0.8011,1,200,balance,load,0,0,1,1
6.6266,0.8014,1,200,timetable,load,0,0,1,1
6.6277,2.2244,1,202,enroll,load,0,1,1,1
6.6278,0.8078,1,200,timetable,load,0,0,1,1
6.6289,0.7968,1,200,timetable,load,0,0,1,1
6.6291,2.1753,1,202,payment,load,0,1,1,1
6.6298,1.0327,1,200,timetable,load,0,0,1,1
6.6301,0.754,1,200,transcript,load,0,0,1,1
6.6309,0.8208,1,200,transcript,load,0,0,1,1
6.6314,2.122,1,202,enroll,load,0,1,1,1
6.6325,2.223,1,202,grade,load,0,1,1,1
6.6335,2.2215,1,202,payment,load,0,1,1,1
6.6337,0.9099,1,200,timetable,load,0,0,1,1
6.6347,1.0138,1,200,student_read,load,0,0,1,1
6.6351,2.1661,1,202,payment,load,0,1,1,1
6.6357,1.011,1,200,balance,load,0,0,1,1
6.6361,0.7613,1,200,timetable,load,0,0,1,1
6.637,0.8822,1,200,transcript,load,0,0,1,1
6.6374,0.7226,1,200,student_read,load,0,0,1,1
6.6384,0.8743,1,200,transcript,load,0,0,1,1
6.6395,2.2419,1,200,enroll,load,0,0,1,1
6.6407,0.9006,1,200,timetable,load,0,0,1,1
6.6419,0.9216,1,200,student_read,load,0,0,1,1
6.6432,0.917,1,200,transcript,load,0,0,1,1
6.6446,1.0376,1,200,timetable,load,0,0,1,1
6.6464,1.0556,1,200,transcript,load,0,0,1,1
6.648,1.0828,1,200,student_read,load,0,0,1,1
6.6496,1.0506,1,200,student_read,load,0,0,1,1
6.6511,1.2645,1,200,timetable,load,0,0,1,1
6.653,0.9918,1,200,student_read,load,0,0,1,1
6.6543,1.0067,1,200,timetable,load,0,0,1,1
6.6556,1.1196,1,200,payment,load,0,0,1,1
6.6567,1.0241,1,200,transcript,load,0,0,1,1
6.6579,1.2488,1,200,student_read,load,0,0,1,1
6.6588,1.0373,1,200,student_read,load,0,0,1,1
6.6597,1.0575,1,200,timetable,load,0,0,1,1
6.6608,1.0532,1,200,balance,load,0,0,1,1
6.6618,1.7119,1,200,enroll,load,0,0,1,1
6.6624,1.5571,1,202,grade,load,0,1,1,1
6.663,1.5515,1,200,payment,load,0,0,1,1
6.6642,1.1097,1,200,transcript,load,0,0,1,1
6.6653,2.5472,1,202,enroll,load,0,1,1,1
6.6672,2.5625,1,202,payment,load,0,1,1,1
6.6682,2.5785,1,202,payment,load,0,1,1,1
6.669,0.8685,0,503,timetable,load,0,0,1,1
6.6701,1.1241,1,200,student_read,load,0,0,1,1
6.7081,0.3227,1,200,timetable,load,0,0,1,1
6.7311,0.2521,1,200,timetable,load,0,0,1,1
6.7326,1.1513,1,200,timetable,load,0,0,1,1
6.7354,0.2281,1,200,timetable,load,0,0,1,1
6.7387,0.4065,1,200,grade,load,0,0,1,1
6.7402,0.2418,1,200,transcript,load,0,0,1,1
6.7479,0.1937,1,200,timetable,load,0,0,1,1
6.7536,0.203,1,200,probe_student,probe,0,0,1,1
6.7555,0.3401,1,200,probe_records,probe,0,0,1,1
6.7571,1.6974,1,202,enroll,load,0,1,1,1
6.7575,0.3337,1,200,probe_timetable,probe,0,0,1,1
6.7594,0.2338,1,200,probe_payment,probe,0,0,1,1
6.7648,0.8195,0,503,transcript,load,0,0,1,1
6.7685,0.2543,1,200,timetable,load,0,0,1,1
6.7786,0.2382,1,200,transcript,load,0,0,1,1
6.7801,1.5604,1,202,payment,load,0,1,1,1
6.7863,0.2489,1,200,student_read,load,0,0,1,1
6.8101,1.7203,1,202,payment,load,0,1,1,1
6.8135,0.2494,1,200,transcript,load,0,0,1,1
6.8146,2.5609,1,202,payment,load,0,1,1,1
6.8585,0.2571,1,200,timetable,load,0,0,1,1
6.8606,1.067,1,200,enroll,load,0,0,1,1
6.8614,1.0529,1,200,balance,load,0,0,1,1
6.8626,1.068,1,200,transcript,load,0,0,1,1
6.8628,0.3561,1,200,balance,load,0,0,1,1
6.8638,0.2576,1,200,timetable,load,0,0,1,1
6.8641,0.7841,0,503,transcript,load,0,0,1,1
6.8661,0.3045,1,200,timetable,load,0,0,1,1
6.8688,0.3625,1,200,student_read,load,0,0,1,1
6.871,0.2723,1,200,transcript,load,0,0,1,1
6.8751,0.2649,1,200,timetable,load,0,0,1,1
6.8766,0.4514,1,200,transcript,load,0,0,1,1
6.8777,0.3551,1,200,timetable,load,0,0,1,1
6.8788,1.0477,1,200,payment,load,0,0,1,1
6.88,1.7302,1,202,grade,load,0,1,1,1
6.8835,0.7325,1,200,payment,load,0,0,1,1
6.8891,0.3491,1,200,grade,load,0,0,1,1
6.8905,1.5657,1,202,grade,load,0,1,1,1
6.8907,0.3047,1,200,timetable,load,0,0,1,1
6.8921,0.2668,1,200,student_read,load,0,0,1,1
6.8997,0.2787,1,200,student_read,load,0,0,1,1
6.9008,0.4245,1,200,transcript,load,0,0,1,1
6.9018,1.6288,1,202,grade,load,0,1,1,1
6.9043,0.2742,1,200,timetable,load,0,0,1,1
6.9053,2.7811,1,202,payment,load,0,1,1,1
6.9065,2.3812,1,202,enroll,load,0,1,1,1
6.9121,1.5466,1,202,payment,load,0,1,1,1
6.9299,0.3052,1,200,transcript,load,0,0,1,1
6.9318,0.4652,1,200,student_read,load,0,0,1,1
6.9416,0.3088,1,200,student_read,load,0,0,1,1
6.9482,0.2826,1,200,balance,load,0,0,1,1
6.9566,0.3161,1,200,transcript,load,0,0,1,1
6.9567,0.3836,1,200,enroll,load,0,0,1,1
6.9569,0.4036,1,200,transcript,load,0,0,1,1
6.9588,0.3287,1,200,timetable,load,0,0,1,1
6.9605,0.3105,1,200,timetable,load,0,0,1,1
6.9629,0.7158,1,200,enroll,load,0,0,1,1
6.9635,0.3814,1,200,balance,load,0,0,1,1
6.9735,0.4373,1,200,transcript,load,0,0,1,1
6.982,0.2864,1,200,timetable,load,0,0,1,1
6.9833,0.4062,1,200,balance,load,0,0,1,1
6.986,0.6909,0,503,transcript,load,0,0,1,1
6.989,0.3022,1,200,timetable,load,0,0,1,1
6.9905,2.3889,1,202,grade,load,0,1,1,1
6.9953,0.2941,1,200,student_read,load,0,0,1,1
7.0039,1.7538,1,202,payment,load,0,1,1,1
7.0086,0.5509,1,200,payment,load,0,0,1,1
7.0142,0.3837,1,200,probe_student,probe,0,0,1,1
7.0161,0.68,0,503,probe_records,probe,0,0,1,1
7.0166,0.3831,1,200,student_read,load,0,0,1,1
7.0169,0.3256,1,200,timetable,load,0,0,1,1
7.0188,0.4091,1,200,student_read,load,0,0,1,1
7.0193,0.9696,1,200,probe_timetable,probe,0,0,1,1
7.022,1.1127,1,200,probe_payment,probe,0,0,1,1
7.0228,0.3082,1,200,transcript,load,0,0,1,1
7.0244,0.2994,1,200,student_read,load,0,0,1,1
7.0352,0.4026,1,200,balance,load,0,0,1,1
7.0491,1.6321,1,202,payment,load,0,1,1,1
7.0605,1.1282,1,200,enroll,load,0,0,1,1
7.0629,0.4293,1,200,balance,load,0,0,1,1
7.0629,0.9955,1,200,student_read,load,0,0,1,1
7.0785,0.3222,1,200,timetable,load,0,0,1,1
7.0811,0.3087,1,200,transcript,load,0,0,1,1
7.091,0.8594,1,200,transcript,load,0,0,1,1
7.0945,0.3411,1,200,timetable,load,0,0,1,1
7.0947,1.7113,1,202,grade,load,0,1,1,1
7.0961,0.6465,1,200,payment,load,0,0,1,1
7.0964,0.4044,1,200,timetable,load,0,0,1,1
7.1058,1.6498,1,200,enroll,load,0,0,1,1
7.1065,0.3123,1,200,timetable,load,0,0,1,1
7.1157,0.3204,1,200,transcript,load,0,0,1,1
7.1211,0.3708,1,200,timetable,load,0,0,1,1
7.1215,0.4401,1,200,balance,load,0,0,1,1
7.1228,0.3756,1,200,timetable,load,0,0,1,1
7.1397,0.9944,1,200,transcript,load,0,0,1,1
7.14,0.3117,1,200,student_read,load,0,0,1,1
7.141,0.4269,1,200,timetable,load,0,0,1,1
7.142,1.3607,1,200,enroll,load,0,0,1,1
7.1433,0.5405,1,200,timetable,load,0,0,1,1
7.1445,0.3504,1,200,timetable,load,0,0,1,1
7.1452,0.4414,1,200,student_read,load,0,0,1,1
7.1558,0.3279,1,200,student_read,load,0,0,1,1
7.159,0.327,1,200,timetable,load,0,0,1,1
7.1615,1.8111,1,202,payment,load,0,1,1,1
7.168,0.4786,1,200,balance,load,0,0,1,1
7.1707,0.3954,1,200,timetable,load,0,0,1,1
7.1784,0.3349,1,200,transcript,load,0,0,1,1
7.1785,0.4663,1,200,transcript,load,0,0,1,1
7.1955,0.3237,1,200,balance,load,0,0,1,1
7.1982,0.5021,1,200,transcript,load,0,0,1,1
7.2133,0.8702,1,200,timetable,load,0,0,1,1
7.2182,0.3415,1,200,student_read,load,0,0,1,1
7.2189,0.464,1,200,timetable,load,0,0,1,1
7.2214,1.0223,1,200,grade,load,0,0,1,1
7.2225,0.3388,1,200,student_read,load,0,0,1,1
7.2237,0.8821,1,200,balance,load,0,0,1,1
7.2308,0.5177,1,200,timetable,load,0,0,1,1
7.2313,0.4686,1,200,timetable,load,0,0,1,1
7.2328,0.4814,1,200,transcript,load,0,0,1,1
7.2347,0.4653,1,200,timetable,load,0,0,1,1
7.2351,0.5851,0,503,timetable,load,0,0,1,1
7.2375,0.4435,1,200,timetable,load,0,0,1,1
7.2382,0.3278,1,200,student_read,load,0,0,1,1
7.2504,0.3639,1,200,balance,load,0,0,1,1
7.2504,0.3638,1,200,timetable,load,0,0,1,1
7.2524,0.4261,1,200,payment,load,0,0,1,1
7.2543,0.3944,1,200,transcript,load,0,0,1,1
7.2563,2.6869,1,200,payment,load,0,0,1,1
7.2569,0.8792,1,200,probe_student,probe,0,0,1,1
7.2588,0.5361,0,503,probe_records,probe,0,0,1,1
7.2615,0.6229,0,503,probe_timetable,probe,0,0,1,1
7.264,0.8798,1,200,probe_payment,probe,0,0,1,1
7.2663,1.0447,1,200,payment,load,0,0,1,1
7.2682,1.8463,1,202,payment,load,0,1,1,1
7.2684,0.3514,1,200,timetable,load,0,0,1,1
7.2711,0.5365,1,200,enroll,load,0,0,1,1
7.2875,0.4149,1,200,student_read,load,0,0,1,1
7.2894,0.3594,1,200,transcript,load,0,0,1,1
7.2913,0.4245,1,200,student_read,load,0,0,1,1
7.3062,0.8027,1,200,enroll,load,0,0,1,1
7.3079,0.394,1,200,timetable,load,0,0,1,1
7.3247,0.4701,1,200,transcript,load,0,0,1,1
7.3253,0.3918,1,200,transcript,load,0,0,1,1
7.3272,0.3899,1,200,transcript,load,0,0,1,1
7.328,0.3526,1,200,student_read,load,0,0,1,1
7.3295,1.9595,1,202,grade,load,0,1,1,1
7.3309,1.7896,1,202,enroll,load,0,1,1,1
7.3403,1.7305,1,202,grade,load,0,1,1,1
7.3425,1.9369,1,202,payment,load,0,1,1,1
7.3449,0.4867,1,200,timetable,load,0,0,1,1
7.3601,0.4139,1,200,balance,load,0,0,1,1
7.3605,0.4916,1,200,transcript,load,0,0,1,1
7.3678,0.4556,1,200,payment,load,0,0,1,1
7.3817,0.4684,1,200,transcript,load,0,0,1,1
7.3842,0.5401,0,503,timetable,load,0,0,1,1
7.3895,0.4502,1,200,balance,load,0,0,1,1
7.3897,0.3589,1,200,timetable,load,0,0,1,1
7.3898,0.5392,1,200,balance,load,0,0,1,1
7.3971,0.4332,1,200,timetable,load,0,0,1,1
7.3975,0.7669,1,200,payment,load,0,0,1,1
7.3997,0.6585,1,200,balance,load,0,0,1,1
7.4007,0.4689,1,200,transcript,load,0,0,1,1
7.4106,0.5049,1,200,transcript,load,0,0,1,1
7.4108,0.4111,1,200,timetable,load,0,0,1,1
7.4145,1.8761,1,202,payment,load,0,1,1,1
7.4257,0.4835,1,200,timetable,load,0,0,1,1
7.4276,0.4563,1,200,student_read,load,0,0,1,1
7.4279,0.3669,1,200,timetable,load,0,0,1,1
7.428,0.7148,1,200,grade,load,0,0,1,1
7.4356,0.4912,1,200,timetable,load,0,0,1,1
7.4357,0.4484,1,200,transcript,load,0,0,1,1
7.4361,0.4993,1,200,payment,load,0,0,1,1
7.4378,0.5957,1,200,timetable,load,0,0,1,1
7.4517,0.418,1,200,timetable,load,0,0,1,1
7.4517,0.3785,1,200,transcript,load,0,0,1,1
7.4598,0.9962,1,200,student_read,load,0,0,1,1
7.4837,0.1369,0,503,timetable,load,0,0,1,1
7.486,1.7967,1,202,enroll,load,0,1,1,1
7.4861,0.4411,1,200,transcript,load,0,0,1,1
7.4919,1.7953,1,202,enroll,load,0,1,1,1
7.4921,0.1285,0,503,transcript,load,0,0,1,1
7.4949,0.5406,1,200,transcript,load,0,0,1,1
7.4984,0.4895,1,200,balance,load,0,0,1,1
7.5008,0.5014,1,200,balance,load,0,0,1,1
7.5052,0.365,1,200,probe_student,probe,0,0,1,1
7.507,0.4623,0,503,probe_records,probe,0,0,1,1
7.5094,0.1551,0,503,probe_timetable,probe,0,0,1,1
7.5111,1.022,1,200,probe_payment,probe,0,0,1,1
7.5128,0.5208,1,200,timetable,load,0,0,1,1
7.5134,0.3564,1,200,transcript,load,0,0,1,1
7.5136,0.8042,1,200,student_read,load,0,0,1,1
7.5191,0.1465,0,503,timetable,load,0,0,1,1
7.5191,0.5145,1,200,balance,load,0,0,1,1
7.5375,0.5255,1,200,payment,load,0,0,1,1
7.5413,0.3589,0,503,transcript,load,0,0,1,1
7.5435,0.4314,1,200,transcript,load,0,0,1,1
7.5594,0.7771,1,200,balance,load,0,0,1,1
7.5595,0.5086,1,200,balance,load,0,0,1,1
7.5597,0.3547,1,200,timetable,load,0,0,1,1
7.5601,0.3541,0,503,timetable,load,0,0,1,1
7.5613,0.5194,1,200,transcript,load,0,0,1,1
7.5616,0.5429,1,200,timetable,load,0,0,1,1
7.5636,0.5229,1,200,grade,load,0,0,1,1
7.566,0.4582,1,200,balance,load,0,0,1,1
7.5662,1.0346,1,200,balance,load,0,0,1,1
7.5679,0.597,1,200,transcript,load,0,0,1,1
7.5867,0.457,1,200,balance,load,0,0,1,1
7.6126,0.3168,0,503,timetable,load,0,0,1,1
7.6143,0.4517,1,200,balance,load,0,0,1,1
7.6143,0.492,1,200,balance,load,0,0,1,1
7.6161,0.4497,1,200,balance,load,0,0,1,1
7.6198,0.4847,1,200,student_read,load,0,0,1,1
7.6206,0.332,1,200,timetable,load,0,0,1,1
7.6206,0.5133,1,200,balance,load,0,0,1,1
7.6448,0.44,1,200,transcript,load,0,0,1,1
7.6449,0.3452,1,200,enroll,load,0,0,1,1
7.6467,0.436,1,200,student_read,load,0,0,1,1
7.6483,0.4344,1,200,balance,load,0,0,1,1
7.6486,0.7074,1,200,enroll,load,0,0,1,1
7.6488,0.1516,0,503,timetable,load,0,0,1,1
7.6488,0.1524,0,503,transcript,load,0,0,1,1
7.658,0.4472,1,200,timetable,load,0,0,1,1
7.6611,0.4437,1,200,timetable,load,0,0,1,1
7.6625,0.1165,0,503,timetable,load,0,0,1,1
7.6656,0.1574,0,503,transcript,load,0,0,1,1
7.6769,0.3276,1,200,student_read,load,0,0,1,1
7.6785,0.1183,0,503,transcript,load,0,0,1,1
7.6787,0.1452,0,503,timetable,load,0,0,1,1
7.6807,0.7829,1,200,student_read,load,0,0,1,1
7.6808,0.1158,0,503,transcript,load,0,0,1,1
7.681,0.1422,0,503,timetable,load,0,0,1,1
7.6822,0.85,1,200,student_read,load,0,0,1,1
7.6829,0.4367,1,200,balance,load,0,0,1,1
7.6838,0.5845,1,200,balance,load,0,0,1,1
7.6961,0.1177,0,503,timetable,load,0,0,1,1
7.7,0.1139,0,503,timetable,load,0,0,1,1
7.7,0.3239,1,200,student_read,load,0,0,1,1
7.7003,1.9857,1,202,payment,load,0,1,1,1
7.7004,0.5144,1,200,student_read,load,0,0,1,1
7.7019,0.4336,1,200,student_read,load,0,0,1,1
7.702,1.9333,1,202,payment,load,0,1,1,1
7.7025,0.5087,1,200,balance,load,0,0,1,1
7.7056,0.8768,1,200,enroll,load,0,0,1,1
7.714,0.776,1,200,student_read,load,0,0,1,1
7.7142,0.1757,0,503,transcript,load,0,0,1,1
7.7158,0.1215,0,503,transcript,load,0,0,1,1
7.7172,1.767,1,202,grade,load,0,1,1,1
7.7172,0.1204,0,503,timetable,load,0,0,1,1
7.7172,0.1204,0,503,timetable,load,0,0,1,1
7.7309,0.7288,1,200,student_read,load,0,0,1,1
7.7426,0.165,0,503,transcript,load,0,0,1,1
7.7485,0.3351,1,200,balance,load,0,0,1,1
7.7486,0.1592,0,503,transcript,load,0,0,1,1
7.7526,0.4313,1,200,probe_student,probe,0,0,1,1
7.7541,0.1962,0,503,probe_records,probe,0,0,1,1
7.756,0.4597,1,200,probe_timetable,probe,0,0,1,1
7.7576,0.5996,1,200,probe_payment,probe,0,0,1,1
7.762,0.7291,1,200,enroll,load,0,0,1,1
7.7739,0.1301,0,503,timetable,load,0,0,1,1
7.774,0.1298,0,503,transcript,load,0,0,1,1
7.7752,0.1538,0,503,transcript,load,0,0,1,1
7.7791,0.4673,1,200,balance,load,0,0,1,1
7.7943,0.4436,1,200,balance,load,0,0,1,1
7.7948,0.6605,1,200,student_read,load,0,0,1,1
7.7948,2.0232,1,202,enroll,load,0,1,1,1
7.7966,0.3227,1,200,balance,load,0,0,1,1
7.7968,0.4837,1,200,balance,load,0,0,1,1
7.8004,0.4376,1,200,balance,load,0,0,1,1
7.8012,0.5549,1,200,balance,load,0,0,1,1
7.8076,1.8757,1,202,payment,load,0,1,1,1
7.8139,0.267,0,503,transcript,load,0,0,1,1
7.8139,0.6764,1,200,student_read,load,0,0,1,1
7.814,0.329,1,200,balance,load,0,0,1,1
7.8202,1.8254,1,202,payment,load,0,1,1,1
7.822,0.7104,1,200,balance,load,0,0,1,1
7.8231,1.8145,1,202,enroll,load,0,1,1,1
7.8232,0.4225,1,200,balance,load,0,0,1,1
7.8239,0.1126,0,503,transcript,load,0,0,1,1
7.8303,0.5082,1,200,student_read,load,0,0,1,1
7.8303,0.1762,0,503,timetable,load,0,0,1,1
7.8316,0.1734,0,503,timetable,load,0,0,1,1
7.8373,0.3795,1,200,student_read,load,0,0,1,1
7.8376,0.1225,0,503,transcript,load,0,0,1,1
7.8377,0.9525,1,200,payment,load,0,0,1,1
7.8397,0.6927,1,200,balance,load,0,0,1,1
7.85,0.3648,1,200,student_read,load,0,0,1,1
7.8521,0.1568,0,503,timetable,load,0,0,1,1
7.8615,1.6166,1,200,enroll,load,0,0,1,1
7.8697,1.8722,1,202,payment,load,0,1,1,1
7.8697,1.8133,1,202,enroll,load,0,1,1,1
7.8698,0.4387,1,200,balance,load,0,0,1,1
7.8839,1.9317,1,202,enroll,load,0,1,1,1
7.8839,0.6469,1,200,balance,load,0,0,1,1
7.8841,0.1065,0,503,timetable,load,0,0,1,1
7.8899,0.5896,1,200,student_read,load,0,0,1,1
7.9002,0.1663,0,503,timetable,load,0,0,1,1
7.9038,0.5976,1,200,balance,load,0,0,1,1
7.9041,0.1083,0,503,transcript,load,0,0,1,1
7.9067,0.1611,0,503,transcript,load,0,0,1,1
7.9076,1.0354,1,200,student_read,load,0,0,1,1
7.9076,0.4267,1,200,grade,load,0,0,1,1
7.9079,0.9492,1,200,payment,load,0,0,1,1
7.9092,0.5102,1,200,balance,load,0,0,1,1
7.9142,0.6617,1,200,student_read,load,0,0,1,1
7.9144,0.1723,0,503,transcript,load,0,0,1,1
7.9144,1.0705,1,200,enroll,load,0,0,1,1
7.9155,0.3651,1,200,balance,load,0,0,1,1
7.9156,0.5424,1,200,balance,load,0,0,1,1
7.9243,0.1075,0,503,transcript,load,0,0,1,1
7.9265,0.1224,0,503,transcript,load,0,0,1,1
7.9269,0.452,1,200,balance,load,0,0,1,1
7.9272,0.1598,0,503,transcript,load,0,0,1,1
7.929,0.5319,1,200,student_read,load,0,0,1,1
7.929,2.0465,1,202,payment,load,0,1,1,1
7.9306,0.1188,0,503,timetable,load,0,0,1,1
7.9354,1.3265,1,200,balance,load,0,0,1,1
7.9366,0.5194,1,200,student_read,load,0,0,1,1
7.9504,0.1177,0,503,timetable,load,0,0,1,1
7.9526,0.6963,1,200,student_read,load,0,0,1,1
7.9547,1.9468,1,200,payment,load,0,0,1,1
7.9602,0.461,1,200,payment,load,0,0,1,1
7.9749,0.551,1,200,student_read,load,0,0,1,1
7.9879,0.4895,1,200,balance,load,0,0,1,1
7.9901,0.1188,0,503,timetable,load,0,0,1,1
7.9906,0.1496,0,503,timetable,load,0,0,1,1
8.0013,0.4171,1,200,probe_student,probe,0,0,1,1
8.0022,0.1641,0,503,timetable,load,0,0,1,1
8.0028,0.1639,0,503,probe_records,probe,0,0,1,1
8.0043,0.1187,0,503,probe_timetable,probe,0,0,1,1
8.0044,0.5964,1,200,grade,load,0,0,1,1
8.0051,0.6078,1,200,grade,load,0,0,1,1
8.0057,0.6441,1,200,probe_payment,probe,0,0,1,1
8.0065,0.575,1,200,student_read,load,0,0,1,1
8.0089,0.1578,0,503,transcript,load,0,0,1,1
8.0105,0.6103,1,200,payment,load,0,0,1,1
8.0124,0.1098,0,503,transcript,load,0,0,1,1
8.0239,0.1271,0,503,transcript,load,0,0,1,1
8.0242,0.5921,1,200,student_read,load,0,0,1,1
8.0318,0.2035,0,503,transcript,load,0,0,1,1
8.0335,0.6682,1,200,payment,load,0,0,1,1
8.0336,1.2402,1,200,balance,load,0,0,1,1
8.0336,0.6486,1,200,student_read,load,0,0,1,1
8.0355,0.5028,1,200,enroll,load,0,0,1,1
8.0436,1.341,1,200,student_read,load,0,0,1,1
8.0489,0.4286,1,200,student_read,load,0,0,1,1
8.0494,0.1296,0,503,timetable,load,0,0,1,1
8.0582,0.1614,0,503,timetable,load,0,0,1,1
8.0584,0.5905,1,200,grade,load,0,0,1,1
8.0631,0.1362,0,503,transcript,load,0,0,1,1
8.0636,1.7536,1,200,balance,load,0,0,1,1
8.0658,0.4936,1,200,enroll,load,0,0,1,1
8.066,0.1337,0,503,transcript,load,0,0,1,1
8.0665,0.5342,1,200,balance,load,0,0,1,1
8.0678,0.1323,0,503,transcript,load,0,0,1,1
8.0681,0.8793,1,200,payment,load,0,0,1,1
8.0681,0.1528,0,503,timetable,load,0,0,1,1
8.0807,0.4452,1,200,transcript,load,0,0,1,1
8.0809,0.7766,1,202,payment,load,0,1,1,1
8.0827,0.1361,0,503,timetable,load,0,0,1,1
8.0827,1.9327,1,202,payment,load,0,1,1,1
8.0836,0.4419,1,200,student_read,load,0,0,1,1
8.0848,0.1589,0,503,timetable,load,0,0,1,1
8.0865,0.6152,1,200,balance,load,0,0,1,1
8.0867,0.4413,1,200,balance,load,0,0,1,1
8.0869,0.1603,0,503,timetable,load,0,0,1,1
8.1045,0.1668,0,503,timetable,load,0,0,1,1
8.1046,0.1669,0,503,timetable,load,0,0,1,1
8.1047,0.1667,0,503,timetable,load,0,0,1,1
8.1053,0.6512,1,200,student_read,load,0,0,1,1
8.1058,0.4536,1,200,timetable,load,0,0,1,1
8.1064,0.1491,0,503,timetable,load,0,0,1,1
8.1089,1.8164,1,202,payment,load,0,1,1,1
8.1193,3.1503,1,200,payment,load,0,0,1,2
8.1196,0.6701,1,200,student_read,load,0,0,1,1
8.1222,0.594,1,200,student_read,load,0,0,1,1
8.1339,0.5849,1,200,balance,load,0,0,1,1
8.1341,0.9084,1,200,student_read,load,0,0,1,1
8.1355,0.4809,1,200,balance,load,0,0,1,1
8.1403,0.8035,1,200,student_read,load,0,0,1,1
8.1428,0.7164,1,200,student_read,load,0,0,1,1
8.1511,0.6084,1,200,student_read,load,0,0,1,1
8.1565,0.8862,1,200,enroll,load,0,0,1,1
8.1644,0.4725,1,200,transcript,load,0,0,1,1
8.1649,0.1718,0,503,transcript,load,0,0,1,1
8.1663,0.1738,0,503,timetable,load,0,0,1,1
8.1667,1.27,1,200,payment,load,0,0,1,1
8.1791,0.6644,1,200,student_read,load,0,0,1,1
8.1957,0.8926,1,200,payment,load,0,0,1,1
8.1963,0.4798,1,200,transcript,load,0,0,1,1
8.1976,0.7008,1,200,student_read,load,0,0,1,1
8.199,0.4755,1,200,student_read,load,0,0,1,1
8.1993,0.5823,1,200,student_read,load,0,0,1,1
8.1997,0.6791,1,200,student_read,load,0,0,1,1
8.2001,0.2155,0,503,timetable,load,0,0,1,1
8.2112,0.7379,1,200,balance,load,1,0,1,1
8.2145,1.9505,1,202,enroll,load,0,1,1,1
8.2148,0.8382,1,200,student_read,load,0,0,1,1
8.2148,0.1773,0,503,transcript,load,0,0,1,1
8.2158,0.177,0,503,transcript,load,0,0,1,1
8.2168,1.4256,1,200,enroll,load,0,0,1,1
8.2188,0.1987,0,503,timetable,load,0,0,1,1
8.2196,1.8561,1,200,payment,load,0,0,1,1
8.221,0.8673,1,200,student_read,load,0,0,1,1
8.2353,0.574,1,200,student_read,load,0,0,1,1
8.2379,0.1545,0,503,transcript,load,0,0,1,1
8.238,0.2236,0,503,timetable,load,0,0,1,1
8.2437,0.5677,1,200,balance,load,1,0,1,1
8.2437,2.0785,1,202,payment,load,0,1,1,1
8.2458,0.9137,1,200,payment,load,0,0,1,1
8.2464,0.184,0,503,timetable,load,0,0,1,1
8.2472,0.1837,0,503,transcript,load,0,0,1,1
8.2519,0.6523,1,200,probe_student,probe,0,0,1,1
8.2535,0.178,0,503,probe_records,probe,0,0,1,1
8.2545,0.2427,0,503,probe_timetable,probe,0,0,1,1
8.2555,0.2693,0,503,timetable,load,0,0,1,1
8.2558,0.5511,1,200,probe_payment,probe,0,0,1,1
8.2612,2.3976,1,202,enroll,load,0,1,1,1
8.2683,0.194,0,503,timetable,load,0,0,1,1
8.2713,0.8882,1,200,grade,load,0,0,1,1
8.2715,0.6273,1,200,balance,load,0,0,1,1
8.2715,0.729,1,200,grade,load,0,0,1,1
8.2805,0.2166,0,503,timetable,load,0,0,1,1
8.2807,0.1768,0,503,timetable,load,0,0,1,1
8.3085,1.9084,1,202,grade,load,0,1,1,1
8.311,0.5379,1,200,grade,load,0,0,1,1
8.3342,0.6357,1,200,timetable,load,0,0,1,1
8.3359,0.5855,1,200,transcript,load,0,0,1,1
8.3367,0.5051,1,200,student_read,load,0,0,1,1
8.3384,2.1854,1,202,enroll,load,0,1,1,1
8.3398,0.63,1,200,student_read,load,0,0,1,1
8.3402,0.6208,1,200,grade,load,0,0,1,1
8.3406,0.1681,0,503,transcript,load,0,0,1,1
8.3419,0.1671,0,503,transcript,load,0,0,1,1
8.356,0.2221,0,503,timetable,load,0,0,1,1
8.3561,1.9005,1,202,grade,load,0,1,1,1
8.3572,0.2205,0,503,transcript,load,0,0,1,1
8.3737,0.5051,1,200,student_read,load,0,0,1,1
8.3789,0.5661,1,202,payment,load,0,1,1,1
8.3921,0.6057,1,200,transcript,load,0,0,1,1
8.3925,0.608,1,200,balance,load,1,0,1,1
8.4057,0.5168,1,200,timetable,load,0,0,1,1
8.4157,0.6859,1,200,transcript,load,0,0,1,1
8.4175,0.7418,1,200,student_read,load,0,0,1,1
8.4194,0.5267,1,200,balance,load,0,0,1,1
8.4212,0.6214,1,200,timetable,load,0,0,1,1
8.4304,0.2248,0,503,timetable,load,0,0,1,1
8.4309,0.5523,1,202,payment,load,0,1,1,1
8.4538,0.6734,1,200,transcript,load,0,0,1,1
8.4545,0.529,1,200,timetable,load,0,0,1,1
8.4553,1.275,1,200,student_read,load,0,0,1,1
8.4559,0.8274,1,200,balance,load,0,0,1,1
8.4561,1.9331,1,202,payment,load,0,1,1,1
8.4563,0.8906,1,200,balance,load,0,0,1,1
8.4575,0.6399,1,200,balance,load,0,0,1,1
8.458,0.7818,1,200,payment,load,0,0,1,1
8.4587,1.1544,1,200,balance,load,0,0,1,1
8.4597,0.228,0,503,timetable,load,0,0,1,1
8.4609,0.5227,1,200,transcript,load,0,0,1,1
8.4616,0.8846,1,200,balance,load,0,0,1,1
8.4623,0.6971,1,200,balance,load,0,0,1,1
8.4636,0.5218,1,200,transcript,load,0,0,1,1
8.4775,0.556,1,200,balance,load,0,0,1,1
8.4775,1.2357,1,200,balance,load,0,0,1,1
8.4795,0.5542,1,200,student_read,load,0,0,1,1
8.49,2.1653,1,200,balance,load,0,0,1,1
8.4903,2.0654,1,200,balance,load,0,0,1,1
8.4972,2.1063,1,202,enroll,load,0,1,1,1
8.5014,0.7036,1,200,balance,load,0,0,1,1
8.5027,0.2303,0,503,timetable,load,0,0,1,1
8.5087,0.7009,1,200,balance,load,0,0,1,1
8.509,0.7706,1,200,student_read,load,0,0,1,1
8.5112,0.5867,1,200,probe_student,probe,0,0,1,1
8.513,0.2592,0,503,probe_records,probe,0,0,1,1
8.515,0.1929,0,503,probe_timetable,probe,0,0,1,1
8.5168,0.9594,1,200,probe_payment,probe,0,0,1,1
8.5185,0.1928,0,503,transcript,load,0,0,1,1
8.5248,0.2401,0,503,timetable,load,0,0,1,1
8.5255,0.5761,1,200,transcript,load,0,0,1,1
8.5259,0.7574,1,200,balance,load,0,0,1,1
8.5259,1.008,1,200,grade,load,0,0,1,1
8.528,0.8808,1,200,balance,load,0,0,1,1
8.5288,1.661,1,200,student_read,load,0,0,1,1
8.5289,1.4741,1,200,payment,load,0,0,1,1
8.5304,1.9896,1,202,enroll,load,0,1,1,1
8.5306,0.8446,1,200,balance,load,0,0,1,1
8.5308,0.1765,0,503,timetable,load,0,0,1,1
8.5322,0.2331,0,503,transcript,load,0,0,1,1
8.5324,0.2329,0,503,timetable,load,0,0,1,1
8.5324,0.1748,0,503,transcript,load,0,0,1,1
8.5382,0.2275,0,503,timetable,load,0,0,1,1
8.5576,0.2157,0,503,transcript,load,0,0,1,1
8.5594,1.0729,1,200,balance,load,0,0,1,1
8.5594,1.2979,1,200,student_read,load,0,0,1,1
8.5759,0.2092,0,503,transcript,load,0,0,1,1
8.5781,0.2268,0,503,transcript,load,0,0,1,1
8.5815,1.6143,1,200,balance,load,0,0,1,1
8.6007,0.1863,0,503,timetable,load,0,0,1,1
8.6008,2.3957,1,200,balance,load,0,0,1,1
8.6008,1.1859,1,200,payment,load,0,0,1,1
8.6102,0.2198,0,503,transcript,load,0,0,1,1
8.6129,1.0724,1,200,balance,load,0,0,1,1
8.6129,0.8092,1,200,balance,load,0,0,1,1
8.6164,0.9798,1,200,balance,load,0,0,1,1
8.6164,1.9718,1,202,enroll,load,0,1,1,1
8.6369,0.6641,1,200,student_read,load,0,0,1,1
8.6489,0.827,1,200,balance,load,0,0,1,1
8.6489,0.8273,1,200,balance,load,0,0,1,1
8.6553,1.9489,1,202,grade,load,0,1,1,1
8.6666,1.017,1,200,payment,load,0,0,1,1
8.6745,0.7583,1,200,enroll,load,0,0,1,1
8.6761,1.3367,1,200,student_read,load,0,0,1,1
8.6812,0.8277,1,200,enroll,load,0,0,1,1
8.6823,1.007,1,200,balance,load,0,0,1,1
8.6877,0.867,1,200,enroll,load,0,0,1,1
8.7017,1.0764,1,200,balance,load,0,0,1,1
8.7017,0.7273,1,200,enroll,load,0,0,1,1
8.7072,0.9167,1,200,student_read,load,0,0,1,1
8.7074,2.6135,1,202,payment,load,0,1,1,1
8.708,0.8802,1,200,balance,load,0,0,1,1
8.7161,0.9153,1,200,student_read,load,0,0,1,1
8.7188,0.7687,1,200,student_read,load,0,0,1,1
8.733,0.2153,0,503,transcript,load,0,0,1,1
8.7535,0.6718,1,200,timetable,load,0,0,1,1
8.7556,0.7206,1,200,grade,load,0,0,1,1
8.7565,0.9744,1,200,probe_student,probe,0,0,1,1
8.7578,0.6676,1,200,transcript,load,0,0,1,1
8.7584,0.6708,1,200,probe_records,probe,0,0,1,1
8.7595,1.4939,1,200,enroll,load,0,0,1,1
8.7605,0.2138,0,503,probe_timetable,probe,0,0,1,1
8.762,1.5124,1,200,probe_payment,probe,0,0,1,1
8.7636,0.2125,0,503,timetable,load,0,0,1,1
8.765,1.1203,1,200,enroll,load,0,0,1,1
8.7653,0.7658,1,200,transcript,load,0,0,1,1
8.7653,0.6321,1,200,balance,load,0,0,1,1
8.7658,2.3855,1,202,payment,load,0,1,1,1
8.7817,0.9865,1,200,balance,load,0,0,1,1
8.7851,1.0527,1,200,student_read,load,0,0,1,1
8.787,1.7327,1,200,balance,load,0,0,1,1
8.7897,0.2183,0,503,transcript,load,0,0,1,1
8.7902,0.2183,0,503,timetable,load,0,0,1,1
8.8012,0.8878,1,200,transcript,load,0,0,1,1
8.8013,0.7263,1,200,transcript,load,0,0,1,1
8.8033,2.3562,1,202,payment,load,0,1,1,1
8.8044,0.9735,1,200,enroll,load,0,0,1,1
8.8049,0.6713,1,200,student_read,load,0,0,1,1
8.806,1.0921,1,200,student_read,load,0,0,1,1
8.807,0.8434,1,200,payment,load,0,0,1,1
8.8093,0.8756,1,200,student_read,load,0,0,1,1
8.8114,2.3345,1,200,balance,load,0,0,1,1
8.8301,2.3587,1,202,payment,load,0,1,1,1
8.8418,1.6576,1,200,student_read,load,0,0,1,1
8.8435,0.2473,0,503,timetable,load,0,0,1,1
8.8521,0.7399,1,200,student_read,load,0,0,1,1
8.8522,2.1815,1,202,payment,load,0,1,1,1
8.8551,1.0463,1,200,student_read,load,0,0,1,1
8.8556,1.4693,1,200,payment,load,0,0,1,1
8.8571,1.2369,1,200,balance,load,0,0,1,1
8.8574,1.1233,1,200,balance,load,0,0,1,1
8.8589,1.7065,1,200,student_read,load,0,0,1,1
8.8592,1.5243,1,200,balance,load,0,0,1,1
8.8788,0.7574,1,200,student_read,load,0,0,1,1
8.8788,0.9621,1,200,enroll,load,0,0,1,1
8.8814,0.9958,1,200,payment,load,0,0,1,1
8.8984,0.2304,0,503,transcript,load,0,0,1,1
8.8988,2.4724,1,200,payment,load,0,0,1,1
8.9123,2.0789,1,200,balance,load,0,0,1,1
8.9214,1.0037,1,200,student_read,load,0,0,1,1
8.9431,0.8724,1,200,balance,load,0,0,1,1
8.9438,0.2188,0,503,timetable,load,0,0,1,1
8.945,0.2679,0,503,timetable,load,0,0,1,1
8.9462,1.038,1,200,balance,load,0,0,1,1
8.9474,1.7641,1,200,payment,load,0,0,1,1
8.9484,1.0274,1,200,student_read,load,0,0,1,1
8.9491,0.2673,0,503,timetable,load,0,0,1,1
8.9581,0.8574,1,200,student_read,load,0,0,1,1
8.961,1.8691,1,200,balance,load,0,0,1,1
8.9698,1.8403,1,200,enroll,load,0,0,1,1
8.9699,0.7075,1,200,balance,load,0,0,1,1
8.9726,0.2744,0,503,timetable,load,0,0,1,1
8.9833,0.2521,0,503,timetable,load,0,0,1,1
8.9835,0.2534,0,503,transcript,load,0,0,1,1
8.9836,0.2518,0,503,transcript,load,0,0,1,1
8.985,3.4453,1,202,payment,load,0,1,1,1
8.9854,2.289,1,202,enroll,load,0,1,1,1
8.9979,2.2148,1,202,payment,load,0,1,1,1
9.0005,1.0089,1,200,balance,load,0,0,1,1
9.0005,2.0295,1,200,balance,load,0,0,1,1
9.0045,0.7758,1,200,probe_student,probe,0,0,1,1
9.0059,0.2803,0,503,probe_records,probe,0,0,1,1
9.0078,0.2928,0,503,probe_timetable,probe,0,0,1,1
9.008,0.8257,1,200,grade,load,0,0,1,1
9.0085,0.2402,0,503,timetable,load,0,0,1,1
9.0094,2.1828,1,200,probe_payment,probe,0,0,1,1
9.0111,1.0538,1,200,student_read,load,0,0,1,1
9.0335,0.2604,0,503,transcript,load,0,0,1,1
9.0338,0.2527,0,503,transcript,load,0,0,1,1
9.0425,2.1114,1,202,grade,load,0,1,1,1
9.0425,0.2998,0,503,transcript,load,0,0,1,1
9.053,0.2891,0,503,transcript,load,0,0,1,1
9.0647,0.7546,1,200,grade,load,0,0,1,1
9.0709,2.2378,1,202,payment,load,0,1,1,1
9.0883,0.2326,0,503,timetable,load,0,0,1,1
9.0883,0.2645,0,503,timetable,load,0,0,1,1
9.0908,2.1834,1,202,grade,load,0,1,1,1
9.0974,1.3295,1,200,student_read,load,0,0,1,1
9.1017,2.6917,1,200,payment,load,0,0,1,1
9.1017,1.7045,1,200,grade,load,0,0,1,1
9.1115,0.2662,0,503,transcript,load,0,0,1,1
9.1145,2.5632,1,200,balance,load,0,0,1,1
9.1205,0.2561,0,503,timetable,load,0,0,1,1
9.1272,1.0484,1,200,student_read,load,0,0,1,1
9.1289,2.8364,1,202,payment,load,0,1,1,1
9.1576,1.2698,1,200,student_read,load,0,0,1,1
9.1593,1.5885,1,200,balance,load,0,0,1,1
9.1595,1.1495,1,200,balance,load,0,0,1,1
9.1595,0.2408,0,503,timetable,load,0,0,1,1
9.1595,0.8636,1,200,grade,load,0,0,1,1
9.1626,2.2849,1,202,grade,load,0,1,1,1
9.205,0.8142,1,200,student_read,load,0,0,1,1
9.2096,0.2701,0,503,timetable,load,0,0,1,1
9.2125,0.2676,0,503,timetable,load,0,0,1,1
9.213,2.103,1,202,enroll,load,0,1,1,1
9.2164,0.2628,0,503,timetable,load,0,0,1,1
9.2191,1.1579,1,200,grade,load,0,0,1,1
9.2297,1.0486,1,200,student_read,load,0,0,1,1
9.2353,0.244,0,503,transcript,load,0,0,1,1
9.2355,2.3652,1,202,payment,load,0,1,1,1
9.2369,2.1652,1,200,student_read,load,0,0,1,1
9.2398,1.0848,1,200,transcript,load,0,0,1,1
9.2468,0.8181,1,200,transcript,load,0,0,1,1
9.247,0.8783,1,200,balance,load,0,0,1,1
9.2488,3.4985,1,202,payment,load,0,1,1,1
9.2509,0.8537,1,200,probe_student,probe,0,0,1,1
9.2525,0.3797,0,503,probe_records,probe,0,0,1,1
9.2542,0.2622,0,503,probe_timetable,probe,0,0,1,1
9.2556,1.8799,1,200,probe_payment,probe,0,0,1,1
9.2615,0.2646,0,503,timetable,load,0,0,1,1
9.2619,2.5278,1,202,payment,load,0,1,1,1
9.2739,1.3114,1,200,transcript,load,0,0,1,1
9.2794,0.2372,0,503,timetable,load,0,0,1,1
9.2796,0.2369,0,503,transcript,load,0,0,1,1
9.2827,2.3208,1,202,payment,load,0,1,1,1
9.2833,2.4138,1,202,grade,load,0,1,1,1
9.2834,0.32,0,503,timetable,load,0,0,1,1
9.2865,0.2331,0,503,timetable,load,0,0,1,1
9.2873,2.1049,1,202,payment,load,0,1,1,1
9.2891,0.314,0,503,transcript,load,0,0,1,1
9.2939,0.8406,1,200,student_read,load,0,0,1,1
9.3011,1.4435,1,200,balance,load,0,0,1,1
9.3124,2.2917,1,202,enroll,load,0,1,1,1
9.3209,1.9923,1,200,grade,load,0,0,1,1
9.3421,0.9491,1,200,enroll,load,0,0,1,1
9.3424,1.6705,1,200,payment,load,0,0,1,1
9.3462,2.1353,1,202,grade,load,0,1,1,1
9.3469,2.0891,1,200,balance,load,0,0,1,1
9.3528,1.1232,1,200,balance,load,0,0,1,1
9.3594,1.9491,1,202,grade,load,0,1,1,1
9.3752,1.3211,1,200,balance,load,0,0,1,1
9.3766,3.6957,1,202,payment,load,0,1,1,1
9.3794,0.9973,1,200,transcript,load,0,0,1,1
9.3847,1.1456,1,200,enroll,load,0,0,1,1
9.3975,1.9111,1,202,grade,load,0,1,1,1
9.4003,1.1282,1,200,enroll,load,0,0,1,1
9.4064,0.8721,1,200,student_read,load,0,0,1,1
9.4088,1.0013,1,200,student_read,load,0,0,1,1
9.4221,0.8315,1,200,student_read,load,0,0,1,1
9.4253,0.8537,1,200,balance,load,0,0,1,1
9.4254,2.3646,1,200,balance,load,0,0,1,1
9.4291,0.3123,0,503,transcript,load,0,0,1,1
9.4328,2.0577,1,202,enroll,load,0,1,1,1
9.4367,0.2536,0,503,timetable,load,0,0,1,1
9.4692,1.1861,1,200,payment,load,0,0,1,1
9.4759,0.7356,1,200,balance,load,0,0,1,1
9.4762,3.4584,1,202,payment,load,0,1,1,1
9.4762,0.8693,1,200,balance,load,0,0,1,1
9.4763,2.3175,1,202,grade,load,0,1,1,1
9.4793,0.2585,0,503,timetable,load,0,0,1,1
9.4794,2.0432,1,202,payment,load,0,1,1,1
9.4797,2.0063,1,202,enroll,load,0,1,1,1
9.4801,1.0823,1,200,balance,load,0,0,1,1
9.4842,0.253,0,503,transcript,load,0,0,1,1
9.4875,1.0549,1,200,student_read,load,0,0,1,1
9.5089,0.2689,0,503,transcript,load,0,0,1,1
9.5165,1.1576,1,200,probe_student,probe,0,0,1,1
9.5165,0.3214,0,503,transcript,load,0,0,1,1
9.5166,0.3216,0,503,timetable,load,0,0,1,1
9.5178,0.2616,0,503,probe_records,probe,0,0,1,1
9.5193,0.3189,0,503,probe_timetable,probe,0,0,1,1
9.5195,2.1716,1,202,enroll,load,0,1,1,1
9.5207,1.8563,1,200,probe_payment,probe,0,0,1,1
9.5222,2.3774,1,202,payment,load,0,1,1,1
9.5276,0.8525,1,200,student_read,load,0,0,1,1
9.5311,0.722,1,200,balance,load,0,0,1,1
9.5339,1.2182,1,200,balance,load,0,0,1,1
9.5547,0.9111,1,200,payment,load,0,0,1,1
9.5621,2.133,1,202,payment,load,0,1,1,1
9.592,1.8374,1,200,enroll,load,0,0,1,1
9.5962,0.2891,0,503,timetable,load,0,0,1,1
9.6031,1.3521,1,200,payment,load,0,0,1,1
9.6035,1.04,1,200,balance,load,0,0,1,1
9.6092,2.289,1,202,grade,load,0,1,1,1
9.6132,2.3913,1,202,payment,load,0,1,1,1
9.6239,1.3604,1,200,student_read,load,0,0,1,1
9.6315,0.2936,0,503,transcript,load,0,0,1,1
9.6323,0.8341,1,200,student_read,load,0,0,1,1
9.6354,0.9943,1,200,balance,load,0,0,1,1
9.6362,1.2002,1,200,balance,load,0,0,1,1
9.6376,0.2918,0,503,timetable,load,0,0,1,1
9.6424,0.2654,0,503,transcript,load,0,0,1,1
9.6457,0.2837,0,503,timetable,load,0,0,1,1
9.6562,2.3094,1,202,payment,load,0,1,1,1
9.6773,0.3043,0,503,transcript,load,0,0,1,1
9.683,1.3091,1,200,payment,load,0,0,1,1
9.6834,2.3159,1,202,payment,load,0,1,1,1
9.6849,0.2668,0,503,transcript,load,0,0,1,1
9.686,0.3006,0,503,transcript,load,0,0,1,1
9.6864,1.5312,1,200,balance,load,0,0,1,1
9.689,1.0636,1,200,student_read,load,0,0,1,1
9.6893,0.9119,1,200,balance,load,0,0,1,1
9.6903,0.2608,0,503,transcript,load,0,0,1,1
9.7132,0.2738,0,503,timetable,load,0,0,1,1
9.719,0.3145,0,503,transcript,load,0,0,1,1
9.7304,0.2546,0,503,transcript,load,0,0,1,1
9.7373,3.4514,1,202,payment,load,0,1,1,1
9.7378,0.9777,1,200,enroll,load,0,0,1,1
9.7414,0.2866,0,503,timetable,load,0,0,1,1
9.7418,1.5371,1,200,balance,load,0,0,1,1
9.7505,0.8507,1,200,probe_student,probe,0,0,1,1
9.7519,0.3234,0,503,probe_records,probe,0,0,1,1
9.7532,0.2735,0,503,probe_timetable,probe,0,0,1,1
9.7546,1.7967,1,200,probe_payment,probe,0,0,1,1
9.7592,0.3428,0,503,timetable,load,0,0,1,1
9.7682,0.2459,0,503,timetable,load,0,0,1,1
9.7779,3.4307,1,200,payment,load,0,0,1,1
9.7779,2.3156,1,202,grade,load,0,1,1,1
9.7782,3.4153,1,202,payment,load,0,1,1,1
9.7868,0.2863,0,503,timetable,load,0,0,1,1
9.8121,0.31,0,503,transcript,load,0,0,1,1
9.8155,0.257,0,503,timetable,load,0,0,1,1
9.8156,2.1858,1,202,payment,load,0,1,1,1
9.8181,3.3146,1,202,payment,load,0,1,1,1
9.8338,0.6939,1,200,student_read,load,0,0,1,1
9.8378,1.9831,1,202,enroll,load,0,1,1,1
9.838,2.2312,1,202,payment,load,0,1,1,1
9.8383,2.6385,1,202,payment,load,0,1,1,1
9.841,1.0708,1,200,enroll,load,0,0,1,1
9.8573,0.8285,1,200,student_read,load,0,0,1,1
9.8588,0.2468,0,503,timetable,load,0,0,1,1
9.8772,1.1226,1,200,balance,load,0,0,1,1
9.8853,2.4205,1,202,payment,load,0,1,1,1
9.8853,0.2532,0,503,timetable,load,0,0,1,1
9.8982,0.8139,1,200,balance,load,0,0,1,1
9.9014,0.2417,0,503,transcript,load,0,0,1,1
9.9079,1.4934,1,200,balance,load,0,0,1,1
9.9195,2.2167,1,202,enroll,load,0,1,1,1
9.9251,0.295,0,503,timetable,load,0,0,1,1
9.9251,0.2652,0,503,timetable,load,0,0,1,1
9.9253,0.7299,1,200,balance,load,0,0,1,1
9.9294,0.2905,0,503,timetable,load,0,0,1,1
9.9294,1.8882,1,202,payment,load,0,1,1,1
9.9433,0.3386,0,503,timetable,load,0,0,1,1
9.9512,1.4283,1,200,payment,load,0,0,1,1
9.9518,0.2384,0,503,timetable,load,0,0,1,1
9.9654,0.6681,1,200,student_read,load,0,0,1,1
9.9755,0.3037,0,503,transcript,load,0,0,1,1
9.9758,1.2818,1,200,balance,load,0,0,1,1
9.9807,2.4497,1,202,payment,load,0,1,1,1
9.9816,0.8862,1,200,student_read,load,0,0,1,1
9.9842,0.2429,0,503,transcript,load,0,0,1,1
9.985,1.8323,1,202,enroll,load,0,1,1,1
9.9866,3.2553,1,200,balance,load,0,0,1,1
9.987,0.2395,0,503,transcript,load,0,0,1,1
10.003,0.7925,1,200,balance,load,0,0,1,1
10.0093,0.328,0,503,transcript,load,0,0,1,1
10.0111,0.9004,1,200,probe_student,probe,0,0,1,1
10.0127,0.2446,0,503,probe_records,probe,0,0,1,1
10.0128,0.2449,0,503,transcript,load,0,0,1,1
10.0141,0.2429,0,503,transcript,load,0,0,1,1
10.0146,0.3961,0,503,probe_timetable,probe,0,0,1,1
10.0154,0.3263,0,503,transcript,load,0,0,1,1
10.0159,0.882,1,200,probe_payment,probe,0,0,1,1
10.0178,0.4393,0,503,transcript,load,0,0,1,1
10.0192,0.7865,1,200,student_read,load,0,0,1,1
10.0231,0.2377,0,503,timetable,load,0,0,1,1
10.028,0.3161,0,503,timetable,load,0,0,1,1
10.0568,0.7221,1,200,student_read,load,0,0,1,1
10.0649,0.8028,1,200,student_read,load,0,0,1,1
10.0725,0.2243,0,503,transcript,load,0,0,1,1
10.073,1.702,1,202,enroll,load,0,1,1,1
10.0757,2.4778,1,202,enroll,load,0,1,1,1
10.094,2.8961,1,200,payment,load,0,0,1,1
10.1058,1.0147,1,200,student_read,load,0,0,1,1
10.1253,0.2924,0,503,timetable,load,0,0,1,1
10.1346,0.7435,1,200,student_read,load,0,0,1,1
10.1385,0.3314,0,503,timetable,load,0,0,1,1
10.1431,2.5069,1,202,payment,load,0,1,1,1
10.165,1.8309,1,202,grade,load,0,1,1,1
10.1659,0.2263,0,503,transcript,load,0,0,1,1
10.1756,0.2168,0,503,timetable,load,0,0,1,1
10.1899,0.277,0,503,transcript,load,0,0,1,1
10.1902,2.2441,1,202,enroll,load,0,1,1,1
10.1903,0.2022,0,503,transcript,load,0,0,1,1
10.1959,1.1166,1,200,balance,load,0,0,1,1
10.2098,1.0275,1,200,student_read,load,0,0,1,1
10.2116,0.2155,0,503,timetable,load,0,0,1,1
10.2169,0.2834,0,503,transcript,load,0,0,1,1
10.2199,2.7109,1,200,payment,load,0,0,1,1
10.22,2.2171,1,202,enroll,load,0,1,1,1
10.2266,1.7712,1,202,payment,load,0,1,1,1
10.2271,0.7064,1,200,student_read,load,0,0,1,1
10.2532,2.1806,1,202,grade,load,0,1,1,1
10.2534,0.3831,0,503,transcript,load,0,0,1,1
10.2536,0.2951,0,503,transcript,load,0,0,1,1
10.2567,0.2147,0,503,transcript,load,0,0,1,1
10.257,0.6731,1,200,payment,load,0,0,1,1
10.2574,0.594,1,200,probe_student,probe,0,0,1,1
10.2577,0.2151,0,503,transcript,load,0,0,1,1
10.2589,0.2906,0,503,probe_records,probe,0,0,1,1
10.2608,0.2676,0,503,probe_timetable,probe,0,0,1,1
10.2609,0.291,0,503,transcript,load,0,0,1,1
10.2625,1.0525,1,200,probe_payment,probe,0,0,1,1
10.2641,0.266,0,503,transcript,load,0,0,1,1
10.2784,0.2712,0,503,transcript,load,0,0,1,1
10.279,0.2531,0,503,transcript,load,0,0,1,1
10.2793,2.9142,1,202,payment,load,0,1,1,1
10.2819,3.7897,1,200,balance,load,1,0,1,1
10.2913,0.5596,1,200,student_read,load,0,0,1,1
10.2969,2.832,1,202,payment,load,0,1,1,1
10.309,0.6466,1,200,student_read,load,0,0,1,1
10.3195,0.2778,0,503,transcript,load,0,0,1,1
10.3223,0.2474,0,503,timetable,load,0,0,1,1
10.3246,1.9887,1,200,payment,load,0,0,1,1
10.3249,0.2727,0,503,timetable,load,0,0,1,1
10.3373,0.2699,0,503,timetable,load,0,0,1,1
10.3417,1.1769,1,200,payment,load,0,0,1,1
10.3441,1.7256,1,202,grade,load,0,1,1,1
10.3455,0.2628,0,503,timetable,load,0,0,1,1
10.3578,0.2536,0,503,timetable,load,0,0,1,1
10.3768,0.8127,1,200,payment,load,0,0,1,1
10.3802,0.8085,1,200,student_read,load,0,0,1,1
10.3836,0.6229,1,200,student_read,load,0,0,1,1
10.3925,0.2412,0,503,transcript,load,0,0,1,1
10.3926,0.2838,0,503,transcript,load,0,0,1,1
10.4102,0.6224,1,200,student_read,load,0,0,1,1
10.4108,0.266,0,503,transcript,load,0,0,1,1
10.4178,2.771,1,202,payment,load,0,1,1,1
10.4269,0.2876,0,503,transcript,load,0,0,1,1
10.4271,0.2899,0,503,timetable,load,0,0,1,1
10.4571,1.6445,1,202,enroll,load,0,1,1,1
10.4658,0.5724,1,200,transcript,load,0,0,1,1
10.4664,0.5657,1,200,transcript,load,0,0,1,1
10.4669,2.3431,1,200,payment,load,0,0,1,1
10.47,0.8491,1,200,enroll,load,0,0,1,1
10.4714,3.1829,1,200,payment,load,0,0,1,2
10.4729,1.8021,1,202,payment,load,0,1,1,1
10.476,0.2801,0,503,timetable,load,0,0,1,1
10.4994,0.5328,1,200,transcript,load,0,0,1,1
10.5004,2.7824,1,202,payment,load,0,1,1,1
10.5049,0.943,1,200,probe_student,probe,0,0,1,1
10.5063,0.5459,1,200,probe_records,probe,0,0,1,1
10.5086,0.2875,0,503,probe_timetable,probe,0,0,1,1
10.5102,0.8818,1,200,probe_payment,probe,0,0,1,1
10.5119,0.2862,0,503,transcript,load,0,0,1,1
10.5198,0.7541,1,200,grade,load,0,0,1,1
10.52,0.2048,0,503,transcript,load,0,0,1,1
10.5239,0.2729,0,503,transcript,load,0,0,1,1
10.5277,0.2,0,503,timetable,load,0,0,1,1
10.5285,1.6701,1,202,enroll,load,0,1,1,1
10.5303,1.378,1,200,balance,load,0,0,1,1
10.5321,0.8388,1,200,student_read,load,0,0,1,1
10.5424,0.256,0,503,transcript,load,0,0,1,1
10.5487,0.2097,0,503,transcript,load,0,0,1,1
10.5496,1.6288,1,202,payment,load,0,1,1,1
10.5519,0.249,0,503,timetable,load,0,0,1,1
10.5558,0.6039,1,200,balance,load,0,0,1,1
10.5625,0.2811,0,503,transcript,load,0,0,1,1
10.5654,0.2005,0,503,timetable,load,0,0,1,1
10.5697,0.1882,0,503,timetable,load,0,0,1,1
10.5853,0.4676,1,200,student_read,load,0,0,1,1
10.5882,0.935,1,200,balance,load,0,0,1,1
10.5976,0.9209,1,200,balance,load,0,0,1,1
10.6012,0.1783,0,503,timetable,load,0,0,1,1
10.6035,0.5134,1,200,student_read,load,0,0,1,1
10.6042,0.9186,1,200,balance,load,0,0,1,1
10.607,0.6686,1,200,student_read,load,0,0,1,1
10.6072,0.2374,0,503,transcript,load,0,0,1,1
10.6083,0.7962,1,200,balance,load,0,0,1,1
10.6297,1.6078,1,200,payment,load,0,0,1,1
10.6337,0.1807,0,503,transcript,load,0,0,1,1
10.6365,0.9147,1,200,balance,load,0,0,1,1
10.6435,0.239,0,503,timetable,load,0,0,1,1
10.6552,0.1703,0,503,transcript,load,0,0,1,1
10.6553,0.1705,0,503,timetable,load,0,0,1,1
10.6555,0.1706,0,503,transcript,load,0,0,1,1
10.6764,2.3101,1,202,payment,load,0,1,1,1
10.6858,2.3153,1,200,balance,load,0,0,1,1
10.6963,2.5059,1,202,payment,load,0,1,1,1
10.7058,1.8471,1,200,payment,load,0,0,1,1
10.7115,1.5102,1,200,payment,load,0,0,1,1
10.7121,0.4303,1,200,student_read,load,0,0,1,1
10.7145,2.2124,1,202,grade,load,0,1,1,1
10.7155,2.4834,1,202,payment,load,0,1,1,1
10.717,0.2417,0,503,timetable,load,0,0,1,1
10.7249,0.5573,1,200,payment,load,0,0,1,1
10.7278,0.795,1,200,student_read,load,0,0,1,1
10.7446,0.1613,0,503,timetable,load,0,0,1,1
10.7478,0.5444,1,200,balance,load,0,0,1,1
10.7522,2.1792,1,202,grade,load,0,1,1,1
10.7522,0.4423,1,200,probe_student,probe,0,0,1,1
10.7526,0.248,0,503,timetable,load,0,0,1,1
10.7536,0.2479,0,503,probe_records,probe,0,0,1,1
10.7551,0.1803,0,503,probe_timetable,probe,0,0,1,1
10.7562,1.9834,1,202,payment,load,0,1,1,1
10.7567,1.5489,1,200,probe_payment,probe,0,0,1,1
10.7579,2.1401,1,202,payment,load,0,1,1,1
10.7585,0.1771,0,503,transcript,load,0,0,1,1
10.766,1.647,1,202,enroll,load,0,1,1,1
10.7795,0.2632,0,503,timetable,load,0,0,1,1
10.7956,0.4825,1,200,enroll,load,0,0,1,1
10.7968,2.8996,1,200,balance,load,1,0,1,1
10.7987,2.449,1,202,payment,load,0,1,1,1
10.8009,0.1591,0,503,transcript,load,0,0,1,1
10.8056,0.2668,0,503,transcript,load,0,0,1,1
10.8062,0.4509,1,200,student_read,load,0,0,1,1
10.8101,2.3785,1,202,enroll,load,0,1,1,1
10.8114,0.7184,1,200,student_read,load,0,0,1,1
10.8145,1.2081,1,200,payment,load,0,0,1,1
10.8256,2.3703,1,202,payment,load,0,1,1,1
10.8259,1.5852,1,202,payment,load,0,1,1,1
10.8301,0.4859,1,200,student_read,load,0,0,1,1
10.8364,0.1724,0,503,timetable,load,0,0,1,1
10.8436,0.7962,1,200,student_read,load,0,0,1,1
10.8446,1.0504,1,200,balance,load,0,0,1,1
10.8509,1.1429,1,200,student_read,load,0,0,1,1
10.8594,0.4332,1,200,timetable,load,0,0,1,1
10.8677,0.1725,0,503,timetable,load,0,0,1,1
10.8678,0.4448,1,200,student_read,load,0,0,1,1
10.8781,1.2577,1,200,payment,load,0,0,1,1
10.8825,1.6391,1,202,grade,load,0,1,1,1
10.9056,0.6887,1,200,student_read,load,0,0,1,1
10.9059,0.1498,0,503,transcript,load,0,0,1,1
10.9117,0.2381,0,503,timetable,load,0,0,1,1
10.9301,1.6314,1,202,grade,load,0,1,1,1
10.9334,1.1594,1,200,student_read,load,0,0,1,1
10.9356,2.2564,1,202,grade,load,0,1,1,1
10.9552,0.8344,1,200,student_read,load,0,0,1,1
10.9557,0.2375,0,503,transcript,load,0,0,1,1
10.9568,0.589,1,200,balance,load,0,0,1,1
10.9587,0.5163,1,200,payment,load,0,0,1,1
10.96,0.4169,1,200,student_read,load,0,0,1,1
10.9843,2.7154,1,202,payment,load,0,1,1,1
10.9922,1.782,1,202,payment,load,0,1,1,1
10.9965,1.5676,1,202,grade,load,0,1,1,1
10.9998,1.003,1,200,enroll,load,0,0,1,1
11.0006,0.2415,0,503,transcript,load,0,0,1,1
11.0017,0.7886,1,200,probe_student,probe,0,0,1,1
11.0035,0.1588,0,503,probe_records,probe,0,0,1,1
11.0055,0.2775,0,503,probe_timetable,probe,0,0,1,1
11.0065,1.5518,1,202,enroll,load,0,1,1,1
11.0073,0.4682,1,200,probe_payment,probe,0,0,1,1
11.0088,0.9807,1,200,balance,load,0,0,1,1
11.0129,0.4268,1,200,enroll,load,0,0,1,1
11.0134,0.8791,1,200,balance,load,0,0,1,1
11.03,0.7599,1,200,student_read,load,0,0,1,1
11.0321,1.6144,1,202,grade,load,0,1,1,1
11.0323,0.1305,0,503,timetable,load,0,0,1,1
11.0325,0.247,0,503,transcript,load,0,0,1,1
11.0336,1.6131,1,202,enroll,load,0,1,1,1
11.0382,0.8579,1,200,student_read,load,0,0,1,1
11.0402,0.1538,0,503,transcript,load,0,0,1,1
11.0428,0.2351,0,503,timetable,load,0,0,1,1
11.0529,1.8675,1,200,student_read,load,0,0,1,1
11.0558,5.0036,0,0,payment,load,0,0,1,1
11.0596,0.1541,0,503,transcript,load,0,0,1,1
11.0725,1.8257,1,202,payment,load,0,1,1,1
11.1064,0.3399,0,503,transcript,load,0,0,1,1
11.1169,2.2241,1,202,payment,load,0,1,1,1
11.1424,1.6002,1,202,enroll,load,0,1,1,1
11.146,1.5783,1,202,payment,load,0,1,1,1
11.1499,1.6208,1,202,payment,load,0,1,1,1
11.1513,0.3558,1,200,balance,load,0,0,1,1
11.1538,1.3229,1,200,balance,load,0,0,1,1
11.1595,1.6131,1,202,enroll,load,0,1,1,1
11.1597,0.1338,0,503,timetable,load,0,0,1,1
11.1623,0.1327,0,503,timetable,load,0,0,1,1
11.1628,1.6137,1,202,enroll,load,0,1,1,1
11.1887,0.2646,0,503,transcript,load,0,0,1,1
11.1888,0.9014,1,200,student_read,load,0,0,1,1
11.1895,2.0523,1,200,student_read,load,1,0,1,1
11.1932,0.3645,1,200,transcript,load,0,0,1,1
11.194,0.3515,1,200,transcript,load,0,0,1,1
11.2127,0.2754,0,503,transcript,load,0,0,1,1
11.2137,0.2746,0,503,timetable,load,0,0,1,1
11.2176,1.6517,1,200,enroll,load,0,0,1,1
11.2421,0.3033,1,200,transcript,load,0,0,1,1
11.2571,0.2605,1,200,timetable,load,0,0,1,1
11.2576,0.2675,0,503,timetable,load,0,0,1,1
11.2627,0.2703,1,200,probe_student,probe,0,0,1,1
11.2642,0.2666,0,503,probe_records,probe,0,0,1,1
11.2654,0.1293,0,503,probe_timetable,probe,0,0,1,1
11.2668,1.3896,1,200,probe_payment,probe,0,0,1,1
11.2686,0.3475,1,200,balance,load,0,0,1,1
11.2697,0.2562,0,503,transcript,load,0,0,1,1
11.2739,0.2559,1,200,timetable,load,0,0,1,1
11.2742,0.9165,1,200,balance,load,0,0,1,1
11.2744,0.2553,1,200,student_read,load,0,0,1,1
11.2779,2.4143,1,202,enroll,load,0,1,1,1
11.2781,0.2961,1,200,student_read,load,0,0,1,1
11.279,1.4918,1,202,payment,load,0,1,1,1
11.2796,1.2017,1,202,payment,load,0,1,1,1
11.2822,1.4909,1,202,grade,load,0,1,1,1
11.2922,0.1222,0,503,timetable,load,0,0,1,1
11.2935,0.2719,0,503,timetable,load,0,0,1,1
11.3086,0.2606,0,503,timetable,load,0,0,1,1
11.3086,0.2567,0,503,timetable,load,0,0,1,1
11.3088,1.5891,1,202,enroll,load,0,1,1,1
11.3125,0.117,0,503,timetable,load,0,0,1,1
11.3126,2.0122,1,200,balance,load,0,0,1,1
11.3132,0.8107,1,200,balance,load,0,0,1,1
11.316,0.9896,1,200,enroll,load,0,0,1,1
11.3161,0.1181,0,503,transcript,load,0,0,1,1
11.3191,0.8717,1,200,payment,load,0,0,1,1
11.3209,0.3143,1,200,enroll,load,0,0,1,1
11.3605,1.5395,1,202,enroll,load,0,1,1,1
11.371,0.9773,1,200,student_read,load,0,0,1,1
11.3712,0.2328,0,503,timetable,load,0,0,1,1
11.3768,0.0911,0,503,timetable,load,0,0,1,1
11.3795,0.2336,1,200,enroll,load,0,0,1,1
11.3922,1.5944,1,202,payment,load,0,1,1,1
11.4013,0.9472,1,200,balance,load,0,0,1,1
11.4022,0.8221,1,200,balance,load,0,0,1,1
11.4046,0.2166,1,200,timetable,load,0,0,1,1
11.4144,0.2308,0,503,timetable,load,0,0,1,1
11.4147,0.2288,0,503,transcript,load,0,0,1,1
11.4294,1.1681,1,200,enroll,load,0,0,1,1
11.4294,0.0684,0,503,timetable,load,0,0,1,1
11.4342,0.1765,1,200,transcript,load,0,0,1,1
11.436,0.2298,1,200,payment,load,0,0,1,1
11.4397,0.9913,1,200,grade,load,0,0,1,1
11.4476,0.1759,1,200,balance,load,0,0,1,1
11.4534,2.3614,1,202,enroll,load,0,1,1,1
11.4546,0.1672,1,200,student_read,load,0,0,1,1
11.4679,0.1724,1,200,transcript,load,0,0,1,1
11.475,0.2759,0,503,timetable,load,0,0,1,1
11.4815,0.1585,1,200,timetable,load,0,0,1,1
11.4861,2.5089,1,200,student_read,load,1,0,1,1
11.4881,1.0613,1,200,student_read,load,0,0,1,1
11.4906,0.1582,1,200,timetable,load,0,0,1,1
11.4979,0.3938,0,503,timetable,load,0,0,1,1
11.5071,0.153,1,200,transcript,load,0,0,1,1
11.5071,1.0918,1,200,probe_student,probe,0,0,1,1
11.5087,0.0653,0,503,probe_records,probe,0,0,1,1
11.5106,0.2833,0,503,probe_timetable,probe,0,0,1,1
11.5123,0.1612,1,200,probe_payment,probe,0,0,1,1
11.5142,0.2811,0,503,timetable,load,0,0,1,1
11.5176,0.1429,1,200,student_read,load,0,0,1,1
11.5185,0.1672,1,200,timetable,load,0,0,1,1
11.5187,1.0313,1,200,balance,load,1,0,1,1
11.5227,0.9606,1,200,enroll,load,0,0,1,1
11.5228,0.0633,0,503,transcript,load,0,0,1,1
11.5229,1.3498,1,200,student_read,load,0,0,1,1
11.5232,1.1915,1,200,balance,load,0,0,1,1
11.5251,0.1483,1,200,balance,load,0,0,1,1
11.526,0.2066,1,200,payment,load,0,0,1,1
11.5298,1.3955,1,200,student_read,load,0,0,1,1
11.5299,0.2672,0,503,transcript,load,0,0,1,1
11.5455,1.3785,1,202,payment,load,0,1,1,1
11.5455,1.4377,1,202,payment,load,0,1,1,1
11.5512,0.1345,1,200,balance,load,0,0,1,1
11.5577,0.059,0,503,transcript,load,0,0,1,1
11.5644,0.1395,1,200,student_read,load,0,0,1,1
11.5653,0.2831,0,503,transcript,load,0,0,1,1
11.5654,0.1377,1,200,timetable,load,0,0,1,1
11.5742,1.5292,1,200,student_read,load,0,0,1,1
11.5861,2.3011,1,202,grade,load,0,1,1,1
11.6007,0.2994,0,503,transcript,load,0,0,1,1
11.6036,0.1664,1,200,transcript,load,0,0,1,1
11.604,1.8107,1,202,enroll,load,0,1,1,1
11.6048,2.6047,1,202,enroll,load,0,1,1,1
11.6107,0.1094,1,200,transcript,load,0,0,1,1
11.6132,1.8052,1,202,grade,load,0,1,1,1
11.6167,1.3803,1,200,grade,load,0,0,1,1
11.6213,2.403,1,202,grade,load,0,1,1,1
11.6235,0.1495,1,200,transcript,load,0,0,1,1
11.6352,0.3062,0,503,transcript,load,0,0,1,1
11.6398,1.1672,1,200,student_read,load,0,0,1,1
11.64,0.1214,1,200,transcript,load,0,0,1,1
11.6403,0.914,1,200,student_read,load,0,0,1,1
11.6453,0.0923,1,200,timetable,load,0,0,1,1
11.6488,1.7686,1,202,payment,load,0,1,1,1
11.6595,0.1126,1,200,timetable,load,0,0,1,1
11.6601,1.5295,1,202,payment,load,0,1,1,1
11.6605,0.0811,1,200,transcript,load,0,0,1,1
11.6659,1.325,1,200,student_read,load,0,0,1,1
11.6734,0.0834,1,200,timetable,load,0,0,1,1
11.6778,3.3469,1,202,payment,load,0,1,1,1
11.6857,0.0912,1,200,transcript,load,0,0,1,1
11.6858,1.1835,1,202,payment,load,0,1,1,1
11.6912,0.0657,1,200,balance,load,0,0,1,1
11.6971,0.3004,0,503,transcript,load,0,0,1,1
11.7031,2.7168,1,202,payment,load,0,1,1,1
11.7053,0.2928,0,503,transcript,load,0,0,1,1
11.7202,1.7039,1,202,grade,load,0,1,1,1
11.7325,0.1603,1,200,balance,load,0,0,1,1
11.7376,1.4582,1,202,payment,load,0,1,1,1
11.7416,2.5564,1,202,grade,load,0,1,1,1
11.7507,0.0758,1,200,probe_student,probe,0,0,1,1
11.751,3.2704,1,202,enroll,load,0,1,1,1
11.753,0.2936,0,503,probe_records,probe,0,0,1,1
11.7548,0.1401,1,200,probe_timetable,probe,0,0,1,1
11.7568,1.665,1,202,grade,load,0,1,1,1
11.7569,0.1419,1,200,balance,load,0,0,1,1
11.7569,1.1635,1,200,probe_payment,probe,0,0,1,1
11.7615,0.5407,0,503,timetable,load,0,0,1,1
11.7635,0.1402,1,200,transcript,load,0,0,1,1
11.77,1.8601,1,200,student_read,load,1,0,1,1
11.7729,0.0765,1,200,timetable,load,0,0,1,1
11.7751,1.6465,1,202,enroll,load,0,1,1,1
11.7769,0.073,1,200,transcript,load,0,0,1,1
11.7896,2.4195,1,202,grade,load,0,1,1,1
11.7897,1.2074,1,200,balance,load,0,0,1,1
11.7899,1.3427,1,200,student_read,load,0,0,1,1
11.79,0.0812,1,200,timetable,load,0,0,1,1
11.7934,0.0777,1,200,timetable,load,0,0,1,1
11.7938,0.0775,1,200,timetable,load,0,0,1,1
11.797,0.3008,0,503,timetable,load,0,0,1,1
11.8135,1.6347,1,200,student_read,load,1,0,1,1
11.8173,0.0791,1,200,student_read,load,0,0,1,1
11.8176,0.1152,1,200,balance,load,0,0,1,1
11.821,0.3233,0,503,transcript,load,0,0,1,1
11.8485,0.2959,0,503,timetable,load,0,0,1,1
11.8495,0.1381,1,200,transcript,load,0,0,1,1
11.85,3.083,1,200,balance,load,1,0,1,1
11.8604,0.1243,1,200,transcript,load,0,0,1,1
11.8711,0.3195,0,503,transcript,load,0,0,1,1
11.8713,1.8225,1,200,student_read,load,0,0,1,1
11.8713,1.5574,1,202,enroll,load,0,1,1,1
11.8917,1.4183,1,200,payment,load,0,0,1,1
11.8928,0.0912,1,200,balance,load,0,0,1,1
11.8951,0.0895,1,200,transcript,load,0,0,1,1
11.8962,0.2994,0,503,timetable,load,0,0,1,1
11.8964,0.0874,1,200,student_read,load,0,0,1,1
11.8988,1.1782,1,200,student_read,load,0,0,1,1
11.9,0.0938,1,200,student_read,load,0,0,1,1
11.9068,1.4277,1,200,student_read,load,0,0,1,1
11.9084,0.0853,1,200,balance,load,0,0,1,1
11.9328,0.3124,0,503,transcript,load,0,0,1,1
11.9415,0.3046,0,503,timetable,load,0,0,1,1
11.9605,0.076,1,200,transcript,load,0,0,1,1
11.9653,0.3446,0,503,transcript,load,0,0,1,1
11.9838,0.0698,1,200,balance,load,0,0,1,1
11.9841,1.4851,1,202,payment,load,0,1,1,1
11.9846,0.0739,1,200,transcript,load,0,0,1,1
11.9876,1.6422,1,200,balance,load,0,0,1,1
11.9895,1.5203,1,200,payment,load,0,0,1,1
11.9937,2.9543,1,202,payment,load,0,1,1,1
11.9939,4.4306,1,200,balance,load,0,0,1,1
11.9939,0.0898,1,200,timetable,load,0,0,1,1
11.996,2.3072,1,200,payment,load,0,0,1,1
11.9975,2.9502,1,202,payment,load,0,1,1,1
11.9978,1.2304,1,200,grade,load,0,0,1,1
11.9993,0.0785,1,200,student_read,load,0,0,1,1
12.0002,1.6297,1,200,probe_student,probe,0,0,1,1
12.0015,1.7018,1,202,payment,load,0,1,1,1
12.0025,0.0968,1,200,probe_records,probe,0,0,1,1
12.0028,0.0747,1,200,student_read,load,0,0,1,1
12.0046,1.4644,1,202,payment,load,0,1,1,1
12.0048,0.3563,0,503,probe_timetable,probe,0,0,1,1
12.0073,0.0895,1,200,probe_payment,probe,1,0,1,1
12.0134,3.1323,1,200,student_read,load,0,0,1,1
12.0226,1.4274,1,200,balance,load,0,0,1,1
12.0536,0.563,1,200,payment,load,0,0,1,1
12.0585,1.8459,1,200,student_read,load,0,0,1,1
12.0612,0.0596,1,200,student_read,load,0,0,1,1
12.0692,0.0507,1,200,transcript,load,0,0,1,1
12.0698,0.2599,1,200,enroll,load,0,0,1,1
12.0775,1.2608,1,200,student_read,load,1,0,1,1
12.0778,0.3577,0,503,timetable,load,0,0,1,1
12.0837,0.0399,1,202,payment,load,0,1,1,1
12.0902,2.451,1,202,grade,load,0,1,1,1
12.0929,1.9564,1,200,payment,load,0,0,1,1
12.0936,2.1222,1,202,payment,load,0,1,1,1
12.0979,0.0722,1,200,transcript,load,0,0,1,1
12.1071,0.3852,0,503,timetable,load,0,0,1,1
12.12,0.0509,1,200,student_read,load,0,0,1,1
12.1236,1.1229,1,200,enroll,load,0,0,1,1
12.124,0.0488,1,200,transcript,load,0,0,1,1
12.1358,0.3569,0,503,transcript,load,0,0,1,1
12.1442,0.0165,1,200,balance,load,0,0,1,1
12.1444,0.3482,0,503,transcript,load,0,0,1,1
12.1607,1.3257,1,200,balance,load,1,0,1,1
12.1693,0.0822,1,200,student_read,load,0,0,1,1
12.1701,0.0808,1,200,student_read,load,0,0,1,1
12.1709,0.0945,1,200,timetable,load,0,0,1,1
12.1728,0.093,1,200,timetable,load,0,0,1,1
12.1784,0.4751,0,503,transcript,load,0,0,1,1
12.1907,0.0284,1,202,payment,load,0,1,1,1
12.1907,0.3695,0,503,transcript,load,0,0,1,1
12.1908,0.3683,0,503,transcript,load,0,0,1,1
12.1956,4.8913,1,202,payment,load,0,1,1,1
12.1986,0.0518,1,200,student_read,load,0,0,1,1
12.215,2.1282,1,202,payment,load,0,1,1,1
12.2191,0.0447,1,200,enroll,load,0,0,1,1
12.2218,1.4672,1,202,payment,load,0,1,1,1
12.2243,0.0407,1,200,timetable,load,0,0,1,1
12.2375,1.7064,1,200,payment,load,0,0,1,1
12.2452,0.0678,1,202,payment,load,0,1,1,1
12.2461,0.358,0,503,timetable,load,0,0,1,1
12.2504,0.0581,1,200,student_read,load,0,0,1,1
12.2509,0.3534,0,503,timetable,load,0,0,1,1
12.2516,0.0648,1,200,probe_student,probe,0,0,1,1
12.2537,0.3521,0,503,probe_records,probe,0,0,1,1
12.2557,0.0935,1,200,probe_timetable,probe,0,0,1,1
12.2578,5.0175,0,0,probe_payment,probe,0,0,1,1
12.2639,1.4365,1,202,grade,load,0,1,1,1
12.2647,0.0836,1,200,balance,load,0,0,1,1
12.265,2.3261,1,200,balance,load,1,0,1,1
12.2655,1.5287,1,202,payment,load,0,1,1,1
12.2658,0.3428,0,503,transcript,load,0,0,1,1
12.275,0.07,1,200,transcript,load,0,0,1,1
12.3022,0.1084,1,200,transcript,load,0,0,1,1
12.3057,0.0921,1,200,student_read,load,0,0,1,1
12.3058,0.3605,0,503,transcript,load,0,0,1,1
12.3062,0.3601,0,503,transcript,load,0,0,1,1
12.3086,0.358,0,503,transcript,load,0,0,1,1
12.31,0.0925,1,200,student_read,load,0,0,1,1
12.313,1.3757,1,202,enroll,load,0,1,1,1
12.3134,0.039,1,200,balance,load,1,0,1,1
12.3297,1.9656,1,200,student_read,load,0,0,1,1
12.3451,0.0663,1,200,student_read,load,0,0,1,1
12.3483,1.8638,1,200,balance,load,0,0,1,1
12.3485,0.3813,0,503,transcript,load,0,0,1,1
12.3524,0.0164,1,200,balance,load,0,0,1,1
12.3548,0.018,1,200,student_read,load,0,0,1,1
12.3688,1.4831,1,202,payment,load,0,1,1,1
12.3978,0.0323,1,200,student_read,load,0,0,1,1
12.4025,1.3827,1,200,balance,load,0,0,1,1
12.4092,0.4014,0,503,transcript,load,0,0,1,1
12.4106,0.0289,1,200,student_read,load,0,0,1,1
12.411,1.3999,1,202,enroll,load,0,1,1,1
12.4114,0.0297,1,200,timetable,load,0,0,1,1
12.4301,0.3826,0,503,transcript,load,0,0,1,1
12.4303,0.3767,0,503,transcript,load,0,0,1,1
12.4305,1.4909,1,200,balance,load,1,0,1,1
12.4311,1.8922,1,200,student_read,load,0,0,1,1
12.4338,0.0303,1,200,transcript,load,0,0,1,1
12.4343,0.0259,1,200,balance,load,1,0,1,1
12.4355,0.1082,1,200,transcript,load,0,0,1,1
12.4371,4.1956,1,200,balance,load,0,0,1,1
12.4396,0.3714,0,503,timetable,load,0,0,1,1
12.4412,0.0905,1,200,payment,load,0,0,1,1
12.4602,0.0766,1,200,balance,load,1,0,1,1
12.4638,0.0922,1,200,transcript,load,0,0,1,1
12.4641,1.4333,1,202,payment,load,0,1,1,1
12.4767,2.5406,1,202,grade,load,0,1,1,1
12.4768,1.8578,1,200,student_read,load,0,0,1,1
12.4814,1.4559,1,202,enroll,load,0,1,1,1
12.4833,1.4541,1,202,grade,load,0,1,1,1
12.4926,1.0123,1,200,student_read,load,1,0,1,1
12.4927,0.3865,0,503,timetable,load,0,0,1,1
12.5118,3.4402,1,200,probe_student,probe,0,0,1,2
12.5138,0.1815,1,200,probe_records,probe,0,0,1,1
12.5159,0.4186,0,503,probe_timetable,probe,0,0,1,1
12.5177,0.1097,1,200,probe_payment,probe,0,0,1,1
12.5192,1.7622,1,200,balance,load,1,0,1,1
12.5217,0.132,1,200,balance,load,0,0,1,1
12.5317,2.6935,1,200,enroll,load,0,0,1,1
12.5367,0.0752,1,200,student_read,load,0,0,1,1
12.5437,1.8763,1,200,student_read,load,0,0,1,1
12.5494,0.385,0,503,timetable,load,0,0,1,1
12.55,0.0587,1,200,balance,load,0,0,1,1
12.5536,0.0653,1,200,transcript,load,0,0,1,1
12.5543,1.3233,1,202,enroll,load,0,1,1,1
12.5562,0.063,1,200,balance,load,0,0,1,1
12.5583,2.5561,1,200,balance,load,0,0,1,1
12.5591,0.0959,1,200,enroll,load,0,0,1,1
12.5602,0.3791,0,503,timetable,load,0,0,1,1
12.5615,0.0614,1,200,transcript,load,0,0,1,1
12.5641,0.1313,1,200,timetable,load,0,0,1,1
12.5975,0.4114,0,503,timetable,load,0,0,1,1
12.6041,0.1894,1,200,grade,load,0,0,1,1
12.6043,0.4045,0,503,transcript,load,0,0,1,1
12.6059,1.151,1,200,enroll,load,0,0,1,1
12.6086,2.0795,1,200,balance,load,1,0,1,1
12.6087,0.2924,1,200,payment,load,0,0,1,1
12.6119,0.0867,1,200,transcript,load,0,0,1,1
12.6167,3.1401,1,202,payment,load,0,1,1,1
12.6189,0.4619,0,503,timetable,load,0,0,1,1
12.6229,0.0513,1,200,transcript,load,0,0,1,1
12.6465,0.0482,1,200,student_read,load,0,0,1,1
12.6468,0.5358,0,503,transcript,load,0,0,1,1
12.65,0.4304,0,503,transcript,load,0,0,1,1
12.6536,0.0481,1,200,student_read,load,0,0,1,1
12.6537,0.1256,1,202,payment,load,0,1,1,1
12.655,0.049,1,200,transcript,load,0,0,1,1
12.6565,0.0501,1,200,student_read,load,0,0,1,1
12.6664,2.7166,1,202,enroll,load,0,1,1,1
12.6666,3.4422,1,200,payment,load,0,0,1,1
12.6742,1.9242,1,200,student_read,load,0,0,1,1
12.6947,0.0862,1,200,timetable,load,0,0,1,1
12.6954,1.4823,1,200,student_read,load,0,0,1,1
12.6986,1.179,1,200,grade,load,0,0,1,1
12.7017,0.0214,1,200,balance,load,1,0,1,1
12.704,0.0737,1,202,payment,load,0,1,1,1
12.7067,1.5152,1,200,payment,load,0,0,1,1
12.7147,0.0898,1,202,payment,load,0,1,1,1
12.7231,0.5596,0,503,timetable,load,0,0,1,1
12.7243,1.0213,1,200,student_read,load,1,0,1,1
12.7298,0.4134,0,503,transcript,load,0,0,1,1
12.7396,0.1054,1,200,student_read,load,1,0,1,1
12.7427,0.1119,1,200,balance,load,0,0,1,1
12.7474,2.8979,1,200,student_read,load,0,0,1,1
12.7584,0.1395,1,200,probe_student,probe,0,0,1,1
12.76,0.4327,0,503,probe_records,probe,0,0,1,1
12.7623,0.1528,1,200,probe_timetable,probe,0,0,1,1
12.7645,2.6134,1,200,probe_payment,probe,0,0,1,1
12.7662,0.1909,1,200,enroll,load,0,0,1,1
12.7708,0.1423,1,200,balance,load,0,0,1,1
12.7708,1.3763,1,200,balance,load,1,0,1,1
12.7727,0.147,1,200,transcript,load,0,0,1,1
12.7731,0.1468,1,202,enroll,load,0,1,1,1
12.7742,1.3059,1,200,student_read,load,0,0,1,1
12.7765,0.1393,1,200,balance,load,0,0,1,1
12.7778,1.565,1,200,grade,load,0,0,1,1
12.7793,2.409,1,202,payment,load,0,1,1,1
12.781,0.1345,1,200,student_read,load,1,0,1,1
12.7935,3.482,1,200,enroll,load,0,0,1,1
12.8045,0.1963,1,200,enroll,load,0,0,1,1
12.8052,0.3897,0,503,transcript,load,0,0,1,1
12.807,0.1613,1,200,student_read,load,1,0,1,1
12.8071,0.1612,1,200,balance,load,0,0,1,1
12.81,0.4006,0,503,transcript,load,0,0,1,1
12.811,0.3824,0,503,transcript,load,0,0,1,1
12.8127,1.479,1,202,payment,load,0,1,1,1
12.8451,0.4064,0,503,transcript,load,0,0,1,1
12.8545,0.1584,1,200,balance,load,0,0,1,1
12.8679,0.1622,1,200,student_read,load,0,0,1,1
12.8694,0.1527,1,200,student_read,load,1,0,1,1
12.8694,1.9504,1,200,student_read,load,0,0,1,1
12.8727,0.1579,1,200,transcript,load,0,0,1,1
12.8793,3.8467,1,202,enroll,load,0,1,1,1
12.8979,1.1086,1,200,student_read,load,0,0,1,1
12.898,2.8039,1,200,student_read,load,0,0,1,1
12.8982,0.5712,1,200,enroll,load,0,0,1,1
12.9012,0.1385,1,200,timetable,load,0,0,1,1
12.9101,0.3803,0,503,transcript,load,0,0,1,1
12.9131,0.5059,1,202,payment,load,0,1,1,1
12.9155,0.3746,0,503,transcript,load,0,0,1,1
12.9158,1.7726,1,200,balance,load,1,0,1,1
12.9197,0.4983,1,202,payment,load,0,1,1,1
12.9199,4.5768,1,202,enroll,load,0,1,1,2
12.9205,1.5161,1,202,payment,load,0,1,1,1
12.9239,1.8561,1,200,balance,load,0,0,1,1
12.9254,0.172,1,200,balance,load,0,0,1,1
12.9269,2.1221,1,200,student_read,load,0,0,1,1
12.9307,2.7748,1,200,student_read,load,0,0,1,1
12.9314,0.1597,1,200,timetable,load,0,0,1,1
12.9344,0.4938,1,202,payment,load,0,1,1,1
12.9347,0.4868,1,202,enroll,load,0,1,1,1
12.9393,0.3509,0,503,transcript,load,0,0,1,1
12.9572,1.2184,1,200,payment,load,0,0,1,1
12.9683,0.3811,0,503,timetable,load,0,0,1,1
12.9683,0.3807,0,503,timetable,load,0,0,1,1
12.9833,0.1395,1,200,balance,load,1,0,1,1
12.9865,1.4801,1,200,balance,load,1,0,1,1
12.9866,0.1278,1,200,student_read,load,0,0,1,1
12.9901,1.427,1,200,balance,load,0,0,1,1
12.9909,1.4498,1,202,grade,load,0,1,1,1
12.997,0.4287,1,202,enroll,load,0,1,1,1
12.9971,2.4646,1,200,enroll,load,0,0,1,1
13.0009,3.0101,1,202,enroll,load,0,1,1,1
13.0011,0.1157,1,200,transcript,load,0,0,1,1
13.0075,1.4122,1,200,probe_student,probe,0,0,1,1
13.0089,2.3204,1,200,student_read,load,0,0,1,1
13.009,0.4354,1,200,payment,load,0,0,1,1
13.0096,0.2534,1,200,probe_records,probe,0,0,1,1
13.0116,0.3385,0,503,probe_timetable,probe,0,0,1,1
13.0129,2.1394,1,202,payment,load,0,1,1,1
13.0133,0.1195,1,200,probe_payment,probe,1,0,1,1
13.0154,0.3367,0,503,timetable,load,0,0,1,1
13.0221,0.3084,1,200,student_read,load,0,0,1,1
13.0306,0.2266,1,200,transcript,load,0,0,1,1
13.0397,1.4427,1,200,balance,load,0,0,1,1
13.07,0.2843,1,200,timetable,load,0,0,1,1
13.0724,0.258,1,200,balance,load,0,0,1,1
13.0769,0.3354,0,503,transcript,load,0,0,1,1
13.0804,0.0674,1,200,student_read,load,1,0,1,1
13.0808,0.3318,0,503,timetable,load,0,0,1,1
13.0911,0.9928,1,200,student_read,load,0,0,1,1
13.0974,0.3287,1,202,payment,load,0,1,1,1
13.1034,1.55,1,200,balance,load,0,0,1,1
13.1144,0.1403,1,200,timetable,load,0,0,1,1
13.1162,2.8486,1,202,enroll,load,0,1,1,1
13.1168,0.3344,0,503,transcript,load,0,0,1,1
13.1227,0.208,1,200,transcript,load,0,0,1,1
13.1289,1.3497,1,202,grade,load,0,1,1,1
13.1326,0.3187,0,503,transcript,load,0,0,1,1
13.1327,0.3225,0,503,transcript,load,0,0,1,1
13.1433,0.1712,1,200,balance,load,0,0,1,1
13.1479,2.9931,1,200,balance,load,0,0,1,1
13.1611,0.1128,1,200,student_read,load,0,0,1,1
13.1826,0.239,1,202,payment,load,0,1,1,1
13.1886,0.3245,0,503,timetable,load,0,0,1,1
13.1887,1.4762,1,200,student_read,load,0,0,1,1
13.1888,0.0687,1,200,student_read,load,0,0,1,1
13.1896,0.242,1,202,enroll,load,0,1,1,1
13.192,4.9515,1,202,enroll,load,0,1,1,1
13.1934,0.0192,1,200,student_read,load,1,0,1,1
13.1935,1.4045,1,200,student_read,load,0,0,1,1
13.1935,0.0646,1,200,balance,load,0,0,1,1
13.1959,0.3124,0,503,timetable,load,0,0,1,1
13.1959,1.6269,1,200,enroll,load,0,0,1,1
13.199,0.1355,1,200,transcript,load,0,0,1,1
13.2023,3.5212,1,200,student_read,load,0,0,1,1
13.2072,2.6128,1,200,balance,load,0,0,1,1
13.2086,0.2378,1,200,grade,load,0,0,1,1
13.2106,2.5919,1,200,student_read,load,0,0,1,1
13.2126,1.266,1,202,grade,load,0,1,1,1
13.2282,0.1061,1,200,transcript,load,0,0,1,1
13.2418,0.2968,1,200,grade,load,0,0,1,1
13.2419,0.3919,0,503,timetable,load,0,0,1,1
13.2466,0.2104,1,200,enroll,load,0,0,1,1
13.2477,3.5776,1,202,enroll,load,0,1,1,1
13.2515,0.1484,1,200,student_read,load,1,0,1,1
13.2525,0.236,1,200,probe_student,probe,0,0,1,1
13.2542,0.3779,0,503,probe_records,probe,0,0,1,1
13.2548,0.1565,1,200,transcript,load,0,0,1,1
13.2563,0.2735,1,200,probe_timetable,probe,0,0,1,1
13.2572,0.3794,0,503,transcript,load,0,0,1,1
13.2575,0.3782,0,503,transcript,load,0,0,1,1
13.2581,1.3414,1,200,balance,load,1,0,1,1
13.2582,3.2478,1,200,probe_payment,probe,0,0,1,1
13.2703,0.2723,1,200,balance,load,1,0,1,1
13.2827,0.2812,1,200,balance,load,1,0,1,1
13.2828,0.2814,1,200,student_read,load,1,0,1,1
13.2901,1.1411,1,200,grade,load,0,0,1,1
13.2903,0.3345,1,200,balance,load,0,0,1,1
13.31,0.3827,0,503,timetable,load,0,0,1,1
13.3131,1.1084,1,200,student_read,load,0,0,1,1
13.3145,0.3134,1,200,student_read,load,0,0,1,1
13.3248,0.3843,0,503,timetable,load,0,0,1,1
13.3304,0.2901,1,200,transcript,load,0,0,1,1
13.3306,2.6151,1,200,balance,load,0,0,1,1
13.3308,1.0946,1,200,student_read,load,0,0,1,1
13.3343,0.3782,0,503,transcript,load,0,0,1,1
13.3345,0.2854,1,202,enroll,load,0,1,1,1
13.3384,0.2681,1,200,balance,load,1,0,1,1
13.341,0.3246,1,200,balance,load,0,0,1,1
13.349,2.0883,1,200,balance,load,0,0,1,1
13.3494,3.1203,1,202,payment,load,0,1,1,1
13.3544,0.3004,1,200,student_read,load,0,0,1,1
13.3999,1.2069,1,200,grade,load,0,0,1,1
13.4082,2.2145,1,200,balance,load,0,0,1,1
13.4113,0.2514,1,200,student_read,load,1,0,1,1
13.4124,0.4074,1,200,grade,load,0,0,1,1
13.4126,1.4807,1,202,grade,load,0,1,1,1
13.4147,1.581,1,202,enroll,load,0,1,1,1
13.4175,1.9448,1,200,balance,load,1,0,1,1
13.4181,2.38,1,202,grade,load,0,1,1,1
13.4184,2.3241,1,200,student_read,load,0,0,1,2
13.419,5.0024,0,0,payment,load,0,0,1,1
13.4214,0.2636,1,200,student_read,load,0,0,1,1
13.4216,0.2634,1,200,student_read,load,1,0,1,1
13.4217,0.3129,1,200,grade,load,0,0,1,1
13.4218,0.2723,1,200,balance,load,1,0,1,1
13.4241,1.725,1,200,enroll,load,0,0,1,1
13.4258,3.1938,1,202,payment,load,0,1,1,1
13.4261,1.9315,1,202,payment,load,0,1,1,1
13.4282,1.1095,1,200,enroll,load,0,0,1,1
13.4287,0.2808,1,200,student_read,load,0,0,1,1
13.4315,0.3859,0,503,timetable,load,0,0,1,1
13.4444,0.2568,1,200,balance,load,0,0,1,1
13.4464,2.3517,1,202,enroll,load,0,1,1,1
13.45,0.2884,1,200,transcript,load,0,0,1,1
13.4512,0.2715,1,200,transcript,load,0,0,1,1
13.4513,4.0868,1,202,payment,load,0,1,1,1
13.4552,2.8676,1,200,student_read,load,0,0,1,2
13.457,0.2725,1,200,balance,load,1,0,1,1
13.469,2.5939,1,202,payment,load,0,1,1,1
13.4692,0.418,0,503,timetable,load,0,0,1,1
13.4694,1.5283,1,202,payment,load,0,1,1,1
13.4694,2.0623,1,200,balance,load,0,0,1,1
13.4864,0.2524,1,200,transcript,load,0,0,1,1
13.5004,2.53,1,200,probe_student,probe,0,0,1,1
13.5023,0.289,1,200,probe_records,probe,0,0,1,1
13.5042,0.3837,0,503,probe_timetable,probe,0,0,1,1
13.505,0.2976,1,200,timetable,load,0,0,1,1
13.5062,0.2965,1,200,probe_payment,probe,0,0,1,1
13.5083,4.1713,1,202,enroll,load,0,1,1,1
13.5099,2.5519,1,200,enroll,load,0,0,1,1
13.513,3.7753,1,200,payment,load,0,0,1,1
13.5132,0.259,1,202,payment,load,0,1,1,1
13.5386,1.6149,1,200,balance,load,0,0,1,1
13.5622,0.2426,1,200,student_read,load,0,0,1,1
13.5639,0.2385,1,200,balance,load,1,0,1,1
13.5642,0.2384,1,200,balance,load,0,0,1,1
13.6065,0.4226,0,503,transcript,load,0,0,1,1
13.6088,1.3389,1,200,student_read,load,0,0,1,1
13.6199,0.2815,1,200,transcript,load,0,0,1,1
13.6205,2.7471,1,200,payment,load,0,0,1,1
13.6247,0.3993,0,503,transcript,load,0,0,1,1
13.6279,0.27,1,200,student_read,load,0,0,1,1
13.6298,0.2502,1,200,transcript,load,0,0,1,1
13.6302,0.2523,1,200,timetable,load,0,0,1,1
13.6339,2.7805,1,202,enroll,load,0,1,1,1
13.6356,2.683,1,200,student_read,load,0,0,1,1
13.6367,1.4542,1,202,grade,load,0,1,1,1
13.6544,1.8698,1,200,student_read,load,0,0,1,1
13.6549,1.4271,1,202,enroll,load,0,1,1,1
13.6627,0.2602,1,202,payment,load,0,1,1,1
13.6656,2.6056,1,200,student_read,load,0,0,1,1
13.685,0.2376,1,200,student_read,load,0,0,1,1
13.6851,0.2561,1,200,student_read,load,0,0,1,1
13.6887,0.4041,0,503,timetable,load,0,0,1,1
13.689,0.398,0,503,timetable,load,0,0,1,1
13.6922,0.3095,1,200,payment,load,0,0,1,1
13.6927,1.4571,1,202,enroll,load,0,1,1,1
13.6938,1.8439,1,200,enroll,load,0,0,1,1
13.6942,0.2662,1,202,payment,load,0,1,1,1
13.6964,0.286,1,200,balance,load,0,0,1,1
13.6998,0.4513,0,503,transcript,load,0,0,1,1
13.7005,1.5347,1,200,student_read,load,0,0,1,1
13.7012,2.4628,1,200,payment,load,0,0,1,1
13.7033,0.3549,1,200,student_read,load,0,0,1,1
13.7091,3.7794,1,200,balance,load,0,0,1,1
13.7096,2.8102,1,202,payment,load,0,1,1,1
13.7125,0.2745,1,200,student_read,load,0,0,1,1
13.7175,0.4341,0,503,timetable,load,0,0,1,1
13.7227,1.8812,1,200,student_read,load,0,0,1,1
13.7295,1.4851,1,202,enroll,load,0,1,1,1
13.7346,3.1474,1,202,enroll,load,0,1,1,1
13.7384,0.3018,1,200,student_read,load,0,0,1,1
13.7388,0.2667,1,200,transcript,load,0,0,1,1
13.7456,1.4684,1,202,grade,load,0,1,1,1
13.7569,0.2801,1,200,probe_student,probe,0,0,1,1
13.7585,0.3967,0,503,probe_records,probe,0,0,1,1
13.7598,0.2805,1,200,probe_timetable,probe,0,0,1,1
13.7618,2.9549,1,200,probe_payment,probe,0,0,1,1
13.7639,0.2816,1,202,payment,load,0,1,1,1
13.7722,3.0108,1,200,balance,load,0,0,1,1
13.7853,0.2552,1,200,timetable,load,0,0,1,1
13.7943,0.8837,1,200,enroll,load,0,0,1,1
13.8024,0.4253,0,503,transcript,load,0,0,1,1
13.8026,2.3376,1,200,student_read,load,0,0,1,1
13.8026,0.425,0,503,transcript,load,0,0,1,1
13.805,1.4515,1,200,grade,load,0,0,1,1
13.811,0.2776,1,200,transcript,load,0,0,1,1
13.8148,2.5574,1,200,student_read,load,0,0,1,1
13.8175,0.411,0,503,timetable,load,0,0,1,1
13.8198,0.2615,1,200,timetable,load,0,0,1,1
13.8518,0.2475,1,200,timetable,load,0,0,1,1
13.8568,0.2425,1,200,student_read,load,0,0,1,1
13.8776,0.4207,0,503,timetable,load,0,0,1,1
13.8777,2.1308,1,200,student_read,load,0,0,1,1
13.8801,0.2264,1,200,transcript,load,0,0,1,1
13.8824,1.4851,1,202,payment,load,0,1,1,1
13.8872,3.7984,1,202,enroll,load,0,1,1,1
13.8872,3.7394,1,200,balance,load,0,0,1,1
13.8975,0.2417,1,200,student_read,load,0,0,1,1
13.8978,0.2224,1,200,transcript,load,0,0,1,1
13.9014,2.1562,1,200,payment,load,0,0,1,1
13.9044,0.2966,1,200,enroll,load,0,0,1,1
13.9047,1.9438,1,200,payment,load,0,0,1,1
13.9214,3.171,1,200,enroll,load,0,0,1,1
13.9227,0.2168,1,200,student_read,load,0,0,1,1
13.9229,0.2165,1,200,transcript,load,0,0,1,1
13.9373,1.7033,1,200,balance,load,0,0,1,1
13.9375,2.3808,1,200,student_read,load,0,0,1,1
13.9412,0.2034,1,200,transcript,load,0,0,1,1
13.9439,0.2098,1,202,payment,load,0,1,1,1
13.9604,1.4633,1,202,payment,load,0,1,1,1
13.9682,1.4621,1,202,enroll,load,0,1,1,1
13.9824,0.4479,0,503,transcript,load,0,0,1,1
13.987,0.1843,1,200,transcript,load,0,0,1,1
13.995,4.5514,1,202,payment,load,0,1,1,1
14.0017,0.4293,0,503,transcript,load,0,0,1,1
14.0055,0.1818,1,200,balance,load,1,0,1,1
14.0066,0.1806,1,200,student_read,load,0,0,1,1
14.0165,3.8519,1,200,probe_student,probe,0,0,1,1
14.0192,0.1823,1,200,probe_records,probe,0,0,1,1
14.0217,0.5798,0,503,probe_timetable,probe,0,0,1,1
14.0241,0.1807,1,200,probe_payment,probe,0,0,1,1
14.0241,0.4052,0,503,transcript,load,0,0,1,1
14.0242,1.1714,1,200,balance,load,1,0,1,1
14.026,2.6966,1,202,grade,load,0,1,1,1
14.0291,0.172,1,200,transcript,load,0,0,1,1
14.0403,0.1802,1,200,transcript,load,0,0,1,1
14.0405,2.7839,1,200,balance,load,0,0,1,1
14.0493,0.4441,0,503,transcript,load,0,0,1,1
14.0582,0.1567,1,200,timetable,load,0,0,1,1
14.0619,1.4379,1,202,grade,load,0,1,1,1
14.0716,0.4211,0,503,timetable,load,0,0,1,1
14.08,0.2141,1,200,timetable,load,0,0,1,1
14.0813,2.686,1,200,payment,load,0,0,1,1
14.084,3.2911,1,202,enroll,load,0,1,1,1
14.087,1.2225,1,200,student_read,load,0,0,1,1
14.0886,0.2028,1,200,timetable,load,0,0,1,1
14.0928,0.4022,0,503,timetable,load,0,0,1,1
14.0994,0.1347,1,200,balance,load,1,0,1,1
14.1066,0.18,1,200,student_read,load,0,0,1,1
14.1085,0.6359,0,503,timetable,load,0,0,1,1
14.1202,0.1678,1,200,transcript,load,0,0,1,1
14.1392,2.013,1,200,balance,load,0,0,1,1
14.1394,3.759,1,202,enroll,load,0,1,1,1
14.1395,1.5624,1,200,balance,load,0,0,1,1
14.1447,0.5951,1,200,payment,load,0,0,1,1
14.1472,0.646,1,200,enroll,load,0,0,1,1
14.1511,0.4002,0,503,timetable,load,0,0,1,1
14.1538,0.1272,1,202,payment,load,0,1,1,1
14.1553,0.133,1,200,timetable,load,0,0,1,1
14.1713,0.1199,1,200,enroll,load,0,0,1,1
14.1777,4.4733,1,202,enroll,load,0,1,1,1
14.1871,2.4737,1,200,student_read,load,0,0,1,1
14.1874,2.0838,1,200,student_read,load,0,0,1,1
14.2011,0.1809,1,200,enroll,load,0,0,1,1
14.2012,0.099,1,200,transcript,load,0,0,1,1
14.2048,1.8044,1,200,balance,load,0,0,1,1
14.2091,0.094,1,200,balance,load,0,0,1,1
14.2121,0.3951,0,503,timetable,load,0,0,1,1
14.2149,0.5992,0,503,transcript,load,0,0,1,1
14.2158,1.3115,1,202,enroll,load,0,1,1,1
14.2205,0.0862,1,200,student_read,load,0,0,1,1
14.2276,1.6048,1,200,student_read,load,0,0,1,1
14.2277,1.6615,1,200,student_read,load,0,0,1,1
14.2285,2.2379,1,200,enroll,load,0,0,1,1
14.2341,0.1458,1,200,transcript,load,0,0,1,1
14.264,0.0971,1,200,probe_student,probe,0,0,1,1
14.2657,0.4353,0,503,probe_records,probe,0,0,1,1
14.2679,0.112,1,200,probe_timetable,probe,0,0,1,1
14.2706,1.7502,1,200,probe_payment,probe,0,0,1,1
14.2725,0.11,1,202,payment,load,0,1,1,1
14.281,0.0984,1,200,timetable,load,0,0,1,1
14.2866,4.1421,1,202,enroll,load,0,1,1,1
14.288,0.0915,1,200,student_read,load,0,0,1,1
14.2913,1.2837,1,200,payment,load,0,0,1,1
14.2914,0.0976,1,200,timetable,load,0,0,1,1
14.2917,1.9997,1,200,balance,load,0,0,1,1
14.2942,0.6519,0,503,transcript,load,0,0,1,1
14.2953,1.4066,1,200,balance,load,0,0,1,1
14.298,0.3992,1,200,enroll,load,0,0,1,1
14.2983,3.7536,1,202,payment,load,0,1,1,1
14.3002,0.1107,1,200,student_read,load,0,0,1,1
14.3032,3.2309,1,202,enroll,load,0,1,1,1
14.3032,1.3723,1,202,enroll,load,0,1,1,1
14.3067,3.5872,1,202,enroll,load,0,1,1,1
14.3102,1.7189,1,200,grade,load,0,0,1,1
14.3233,0.1023,1,200,transcript,load,0,0,1,1
14.3346,2.8801,1,200,balance,load,0,0,1,1
14.3428,0.4187,0,503,timetable,load,0,0,1,1
14.3569,0.0529,1,200,balance,load,1,0,1,1
14.3794,0.0413,1,200,student_read,load,0,0,1,1
14.3795,0.0458,1,200,transcript,load,0,0,1,1
14.3799,0.0459,1,200,balance,load,0,0,1,1
14.382,0.0539,1,200,timetable,load,0,0,1,1
14.389,2.4904,1,202,grade,load,0,1,1,1
14.4062,3.4035,1,200,balance,load,0,0,1,1
14.4109,0.0714,1,200,transcript,load,0,0,1,1
14.4172,3.6314,1,202,enroll,load,0,1,1,1
14.42,0.4039,0,503,timetable,load,0,0,1,1
14.4201,3.7878,1,200,payment,load,0,0,1,1
14.4208,5.0056,0,0,student_read,load,0,0,1,1
14.4253,0.0644,1,200,student_read,load,0,0,1,1
14.4253,0.0631,1,200,transcript,load,0,0,1,1
14.4256,0.2644,1,200,enroll,load,0,0,1,1
14.4259,0.0625,1,200,transcript,load,0,0,1,1
14.4293,5.0115,0,0,student_read,load,0,0,1,1
14.4303,0.3978,0,503,transcript,load,0,0,1,1
14.4311,5.0096,0,0,enroll,load,0,0,1,1
14.4312,4.1708,1,202,enroll,load,0,1,1,1
14.4359,0.0766,1,202,payment,load,0,1,1,1
14.4366,0.0641,1,200,transcript,load,0,0,1,1
14.4407,0.5221,0,503,transcript,load,0,0,1,1
14.4662,0.1223,1,200,payment,load,0,0,1,1
14.4666,0.0678,1,200,transcript,load,0,0,1,1
14.4786,0.6671,0,503,transcript,load,0,0,1,1
14.4787,0.064,1,200,transcript,load,0,0,1,1
14.4824,1.7366,1,200,student_read,load,0,0,1,1
14.4824,0.4845,0,503,transcript,load,0,0,1,1
14.4884,0.0822,1,200,balance,load,1,0,1,1
14.4885,0.0692,1,200,student_read,load,0,0,1,1
14.4897,0.1051,1,200,timetable,load,0,0,1,1
14.4928,3.0008,1,202,payment,load,0,1,1,1
14.4934,0.4705,0,503,timetable,load,0,0,1,1
14.4949,0.1153,1,200,enroll,load,0,0,1,1
14.5007,0.6956,0,503,timetable,load,0,0,1,1
14.5121,2.2129,1,200,probe_student,probe,0,0,1,1
14.5125,0.0673,1,200,student_read,load,0,0,1,1
14.5145,0.0828,1,200,probe_records,probe,0,0,1,1
14.5168,0.5206,0,503,probe_timetable,probe,0,0,1,1
14.5188,0.0807,1,200,probe_payment,probe,0,0,1,1
14.5212,0.5174,0,503,transcript,load,0,0,1,1
14.5344,2.2293,1,200,student_read,load,0,0,1,1
14.5378,0.1077,1,200,enroll,load,0,0,1,1
14.5412,0.0696,1,200,balance,load,1,0,1,1
14.5427,1.8793,1,200,payment,load,0,0,1,1
14.5513,4.3027,1,202,enroll,load,0,1,1,1
14.5577,0.1025,1,200,enroll,load,0,0,1,1
14.5579,0.0889,1,200,transcript,load,0,0,1,1
14.5705,0.5161,0,503,transcript,load,0,0,1,1
14.5799,1.3655,1,202,grade,load,0,1,1,1
14.5911,0.4952,0,503,timetable,load,0,0,1,1
14.5948,0.0994,1,200,balance,load,0,0,1,1
14.5979,1.3772,1,202,enroll,load,0,1,1,1
14.5984,0.4877,0,503,transcript,load,0,0,1,1
14.5996,2.3816,1,202,payment,load,0,1,1,1
14.6047,0.4824,0,503,transcript,load,0,0,1,1
14.6068,0.1,1,200,balance,load,1,0,1,1
14.6072,0.4845,0,503,balance,load,0,0,1,1
14.6103,0.1181,1,200,transcript,load,0,0,1,1
14.6108,1.4558,1,202,enroll,load,0,1,1,1
14.6455,0.0889,1,200,balance,load,0,0,1,1
14.6535,0.5029,0,503,transcript,load,0,0,1,1
14.6602,3.9423,1,200,enroll,load,0,0,1,1
14.6648,1.4005,1,202,grade,load,0,1,1,1
14.667,0.0685,1,200,balance,load,1,0,1,1
14.678,2.6654,1,200,enroll,load,0,0,1,1
14.6882,0.0965,1,200,transcript,load,0,0,1,1
14.6884,0.0861,1,200,student_read,load,0,0,1,1
14.6901,0.4594,0,503,transcript,load,0,0,1,1
14.6943,0.4642,0,503,transcript,load,0,0,1,1
14.6972,0.046,1,200,student_read,load,0,0,1,1
14.7069,0.6158,0,503,transcript,load,0,0,1,1
14.7133,1.5378,1,200,student_read,load,0,0,1,1
14.7284,3.3204,1,202,enroll,load,0,1,1,1
14.7343,3.9963,1,202,enroll,load,0,1,1,1
14.7398,0.0337,1,200,balance,load,0,0,1,1
14.7432,0.02,1,200,transcript,load,0,0,1,1
14.7614,0.0573,1,200,probe_student,probe,0,0,1,1
14.7615,0.0525,1,202,payment,load,0,1,1,1
14.7633,2.5773,1,200,payment,load,0,0,1,1
14.7639,0.4357,0,503,probe_records,probe,0,0,1,1
14.7654,0.1281,1,200,probe_timetable,probe,0,0,1,1
14.7675,0.7228,0,503,probe_payment,probe,0,0,1,1
14.7693,1.3569,1,202,grade,load,0,1,1,1
14.7736,0.6574,0,503,enroll,load,0,0,1,1
14.7745,0.1078,1,200,transcript,load,0,0,1,1
14.7801,0.4756,0,503,transcript,load,0,0,1,1
14.7847,0.0422,1,200,transcript,load,0,0,1,1
14.7932,0.7445,0,503,transcript,load,0,0,1,1
14.8078,0.7875,0,503,student_read,load,0,0,1,1
14.8141,3.919,1,202,payment,load,0,1,1,1
14.8142,0.0755,1,200,student_read,load,0,0,1,1
14.8198,0.074,1,200,transcript,load,0,0,1,1
14.8229,0.0383,1,200,timetable,load,0,0,1,1
14.8239,5.0082,0,0,enroll,load,0,0,1,1
14.827,0.0288,1,200,student_read,load,0,0,1,1
14.8281,0.0337,1,200,balance,load,0,0,1,1
14.8553,0.0187,1,200,student_read,load,0,0,1,1
14.8557,2.1436,1,200,enroll,load,0,0,1,1
14.8612,0.3947,0,503,timetable,load,0,0,1,1
14.8618,2.6188,1,200,student_read,load,0,0,1,1
14.8823,1.31,1,202,grade,load,0,1,1,1
14.8897,0.0217,1,202,payment,load,0,1,1,1
14.8933,2.6444,1,202,enroll,load,0,1,1,1
14.8938,2.4169,1,200,student_read,load,0,0,1,1
14.9114,0.4211,0,503,transcript,load,0,0,1,1
14.9161,0.7826,0,503,student_read,load,0,0,1,1
14.933,0.0199,1,200,student_read,load,0,0,1,1
14.9461,0.0302,1,200,student_read,load,0,0,1,1
14.9477,5.0084,0,0,student_read,load,0,0,1,1
14.9481,0.0586,1,200,enroll,load,0,0,1,1
14.9529,0.0446,1,200,student_read,load,0,0,1,1
14.9629,3.3502,1,202,payment,load,0,1,1,1
14.9629,0.0683,1,200,transcript,load,0,0,1,1
14.9639,3.1767,1,202,enroll,load,0,1,1,1
14.9669,0.0505,1,200,balance,load,0,0,1,1
14.9764,0.117,1,200,payment,load,0,0,1,1
14.9957,1.2792,1,200,student_read,load,0,0,1,1
14.9975,0.3858,0,503,transcript,load,0,0,1,1
15.0067,2.6816,1,202,enroll,load,0,1,1,1
15.0085,0.3753,0,503,probe_student,probe,0,0,1,1
15.011,0.0452,1,200,probe_records,probe,0,0,1,1
15.0124,0.7394,0,503,probe_timetable,probe,0,0,1,1
15.0144,0.0544,1,200,probe_payment,probe,0,0,1,1
15.0165,2.6627,1,202,payment,load,0,1,1,1
15.0174,0.0421,1,200,timetable,load,0,0,1,1
15.0175,0.0305,1,200,transcript,load,0,0,1,1
15.0214,0.3662,0,503,student_read,load,0,0,1,1
15.0247,1.3061,1,202,payment,load,0,1,1,1
15.048,2.6337,1,200,balance,load,1,0,1,1
15.049,0.0504,1,200,timetable,load,0,0,1,1
15.0562,0.0594,1,200,timetable,load,0,0,1,1
15.0595,0.3776,0,503,student_read,load,0,0,1,1
15.0862,0.3551,0,503,enroll,load,0,0,1,1
15.0863,0.0397,1,200,grade,load,0,0,1,1
15.0867,0.0564,1,200,transcript,load,0,0,1,1
15.091,0.283,1,200,enroll,load,0,0,1,1
15.0918,1.6388,1,200,payment,load,0,0,1,1
15.0933,0.3511,0,503,transcript,load,0,0,1,1
15.0995,0.0423,1,200,student_read,load,0,0,1,1
15.1105,0.3866,0,503,transcript,load,0,0,1,1
15.1144,0.3822,0,503,balance,load,0,0,1,1
15.126,0.3708,0,503,balance,load,0,0,1,1
15.1418,0.024,1,200,transcript,load,0,0,1,1
15.143,0.2004,1,200,grade,load,0,0,1,1
15.1457,0.0952,1,200,transcript,load,0,0,1,1
15.1492,1.8261,1,200,payment,load,0,0,1,1
15.1495,0.0346,1,200,student_read,load,0,0,1,1
15.1498,1.5778,1,200,student_read,load,0,0,1,1
15.1523,1.4164,1,202,enroll,load,0,1,1,1
15.1536,0.1987,1,200,enroll,load,0,0,1,1
15.1564,0.381,0,503,transcript,load,0,0,1,1
15.1585,0.9527,1,200,student_read,load,0,0,1,1
15.1631,0.0723,1,200,student_read,load,0,0,1,1
15.1658,2.6185,1,202,grade,load,0,1,1,1
15.1841,0.3575,0,503,student_read,load,0,0,1,1
15.1883,0.1253,1,200,transcript,load,0,0,1,1
15.1957,1.3748,1,202,payment,load,0,1,1,1
15.1963,0.3466,0,503,enroll,load,0,0,1,1
15.2104,2.722,1,200,student_read,load,0,0,1,1
15.214,0.0515,1,200,transcript,load,0,0,1,1
15.2146,0.3895,0,503,enroll,load,0,0,1,1
15.2253,1.34,1,202,enroll,load,0,1,1,1
15.2352,0.0804,1,200,transcript,load,0,0,1,1
15.2409,0.028,1,200,student_read,load,0,0,1,1
15.2557,0.3482,0,503,student_read,load,0,0,1,1
15.256,0.3479,0,503,enroll,load,0,0,1,1
15.2565,0.0488,1,200,probe_student,probe,0,0,1,1
15.2588,0.3913,0,503,probe_records,probe,0,0,1,1
15.2603,0.0558,1,200,probe_timetable,probe,0,0,1,1
15.2615,2.029,1,200,probe_payment,probe,0,0,1,1
15.2655,1.3058,1,202,payment,load,0,1,1,1
15.2681,0.2022,1,200,payment,load,0,0,1,1
15.2689,0.0496,1,200,transcript,load,0,0,1,1
15.3054,2.8033,1,200,enroll,load,0,0,1,1
15.3095,0.3427,0,503,student_read,load,0,0,1,1
15.3136,0.0221,1,200,transcript,load,0,0,1,1
15.3156,0.3347,0,503,enroll,load,0,0,1,1
15.3185,0.3368,0,503,enroll,load,0,0,1,1
15.3227,0.0829,1,200,enroll,load,0,0,1,1
15.3294,0.0652,1,200,enroll,load,0,0,1,1
15.3325,0.3204,0,503,enroll,load,0,0,1,1
15.3358,2.1983,1,202,grade,load,0,1,1,1
15.3435,0.3648,0,503,transcript,load,0,0,1,1
15.3524,0.0308,1,200,timetable,load,0,0,1,1
15.3576,0.0368,1,200,student_read,load,0,0,1,1
15.3624,2.5315,1,202,payment,load,0,1,1,1
15.3658,1.1257,1,200,payment,load,0,0,1,1
15.3676,0.049,1,200,timetable,load,0,0,1,1
15.374,2.9383,1,202,payment,load,0,1,1,1
15.383,0.3259,0,503,transcript,load,0,0,1,1
15.3832,1.2857,1,200,student_read,load,0,0,1,1
15.3833,0.0497,1,200,transcript,load,0,0,1,1
15.3879,0.3249,0,503,enroll,load,0,0,1,1
15.3945,0.0534,1,200,transcript,load,0,0,1,1
15.3946,0.0598,1,200,student_read,load,0,0,1,1
15.4057,0.0771,1,200,student_read,load,0,0,1,1
15.4111,3.7249,1,200,balance,load,0,0,1,1
15.4167,1.1399,1,200,student_read,load,0,0,1,1
15.4237,0.0495,1,200,transcript,load,0,0,1,1
15.4309,1.3516,1,202,enroll,load,0,1,1,1
15.433,0.3284,0,503,student_read,load,0,0,1,1
15.4371,0.1572,1,200,enroll,load,0,0,1,1
15.4373,2.2332,1,200,payment,load,0,0,1,1
15.4413,0.4262,1,200,payment,load,0,0,1,1
15.4445,1.1181,1,200,enroll,load,0,0,1,1
15.4479,0.3124,0,503,student_read,load,0,0,1,1
15.4544,0.0707,1,200,transcript,load,0,0,1,1
15.458,0.0612,1,200,balance,load,0,0,1,1
15.4617,0.0639,1,200,transcript,load,0,0,1,1
15.4732,0.3325,0,503,transcript,load,0,0,1,1
15.4829,0.4345,0,503,transcript,load,0,0,1,1
15.4967,1.6779,1,200,payment,load,0,0,1,1
15.4968,3.2884,1,202,payment,load,0,1,1,1
15.4999,0.3535,0,503,probe_student,probe,0,0,1,1
15.5019,0.0778,1,200,probe_records,probe,0,0,1,1
15.5042,0.3509,0,503,probe_timetable,probe,0,0,1,1
15.5067,0.0687,1,200,probe_payment,probe,0,0,1,1
15.5146,0.3423,0,503,balance,load,0,0,1,1
15.5243,0.0697,1,200,balance,load,0,0,1,1
15.5251,0.105,1,200,payment,load,0,0,1,1
15.5256,0.1412,1,200,balance,load,0,0,1,1
15.5273,0.1382,1,200,student_read,load,0,0,1,1
15.5318,3.2463,1,200,payment,load,0,0,1,1
15.5374,0.1332,1,200,transcript,load,0,0,1,1
15.5377,2.2466,1,202,grade,load,0,1,1,1
15.5377,0.3164,0,503,balance,load,0,0,1,1
15.5416,0.1302,1,200,transcript,load,0,0,1,1
15.543,0.1255,1,200,balance,load,0,0,1,1
15.5647,0.1049,1,200,timetable,load,0,0,1,1
15.575,0.3489,0,503,enroll,load,0,0,1,1
15.594,0.332,0,503,student_read,load,0,0,1,1
15.5943,1.0251,1,200,grade,load,0,0,1,1
15.6038,0.0425,1,200,transcript,load,0,0,1,1
15.6039,0.0433,1,200,transcript,load,0,0,1,1
15.6039,0.0259,1,200,transcript,load,0,0,1,1
15.6042,0.3205,0,503,transcript,load,0,0,1,1
15.6065,0.3195,0,503,balance,load,0,0,1,1
15.6298,1.2492,1,200,student_read,load,0,0,1,1
15.6302,0.0791,1,200,transcript,load,0,0,1,1
15.6406,2.3098,1,200,payment,load,0,0,1,1
15.6453,0.0753,1,200,balance,load,0,0,1,1
15.6464,0.3228,0,503,enroll,load,0,0,1,1
15.6472,0.0736,1,200,student_read,load,0,0,1,1
15.6504,0.3185,0,503,transcript,load,0,0,1,1
15.6522,1.3383,1,202,enroll,load,0,1,1,1
15.6529,0.3165,0,503,transcript,load,0,0,1,1
15.6553,2.4892,1,202,payment,load,0,1,1,1
15.6577,0.081,1,200,transcript,load,0,0,1,1
15.6655,2.3216,1,200,student_read,load,0,0,1,1
15.6669,0.0717,1,200,balance,load,0,0,1,1
15.6685,0.0697,1,200,student_read,load,0,0,1,1
15.6706,0.0822,1,200,student_read,load,0,0,1,1
15.6719,1.4265,1,200,payment,load,0,0,1,1
15.6755,0.3417,0,503,timetable,load,0,0,1,1
15.7019,0.1002,1,200,balance,load,0,0,1,1
15.7019,0.1004,1,200,transcript,load,0,0,1,1
15.702,1.3057,1,200,student_read,load,0,0,1,1
15.7055,0.1124,1,200,balance,load,0,0,1,1
15.7073,3.9488,1,202,payment,load,0,1,1,1
15.7083,0.1294,1,200,balance,load,0,0,1,1
15.709,3.2205,1,202,payment,load,0,1,1,1
15.7093,2.5394,1,202,payment,load,0,1,1,1
15.7129,0.3084,0,503,student_read,load,0,0,1,1
15.7205,0.1259,1,200,student_read,load,0,0,1,1
15.7208,0.1227,1,200,timetable,load,0,0,1,1
15.7382,0.3315,0,503,transcript,load,0,0,1,1
15.7387,2.3103,1,202,payment,load,0,1,1,1
15.7426,0.143,1,200,transcript,load,0,0,1,1
15.7519,0.1227,1,200,probe_student,probe,0,0,1,1
15.7528,0.3176,0,503,transcript,load,0,0,1,1
15.7539,0.3161,0,503,probe_records,probe,0,0,1,1
15.7568,0.1178,1,200,student_read,load,0,0,1,1
15.7568,0.1329,1,200,probe_timetable,probe,0,0,1,1
15.7589,2.844,1,200,probe_payment,probe,0,0,1,1
15.7603,0.1474,1,200,payment,load,0,0,1,1
15.7614,0.3112,0,503,transcript,load,0,0,1,1
15.7653,0.1707,1,200,enroll,load,0,0,1,1
15.7981,1.0144,1,200,enroll,load,0,0,1,1
15.7981,1.2239,1,200,enroll,load,0,0,1,1
15.8021,0.1021,1,200,student_read,load,0,0,1,1
15.8023,2.3382,1,202,grade,load,0,1,1,1
15.8026,0.1015,1,200,balance,load,0,0,1,1
15.8057,1.2163,1,200,grade,load,0,0,1,1
15.8058,0.3062,0,503,enroll,load,0,0,1,1
15.818,3.5542,1,200,student_read,load,1,0,1,1
15.8325,0.0888,1,200,enroll,load,0,0,1,1
15.8377,1.3703,1,202,enroll,load,0,1,1,1
15.8435,0.0851,1,200,student_read,load,0,0,1,1
15.8465,1.7354,1,200,student_read,load,0,0,1,1
15.8542,0.3086,0,503,balance,load,0,0,1,1
15.857,0.0716,1,200,transcript,load,0,0,1,1
15.8675,0.295,0,503,enroll,load,0,0,1,1
15.8746,0.07,1,200,transcript,load,0,0,1,1
15.8856,0.7,1,200,enroll,load,0,0,1,1
15.8893,0.0824,1,200,grade,load,0,0,1,1
15.9041,0.3149,0,503,timetable,load,0,0,1,1
15.9042,2.322,1,200,student_read,load,0,0,1,1
15.9078,0.3112,0,503,timetable,load,0,0,1,1
15.9174,0.0579,1,200,transcript,load,0,0,1,1
15.9184,0.3017,0,503,timetable,load,0,0,1,1
15.9212,0.3026,0,503,student_read,load,0,0,1,1
15.9239,0.0652,1,200,transcript,load,0,0,1,1
15.9247,0.0628,1,200,student_read,load,0,0,1,1
15.926,0.0631,1,200,student_read,load,0,0,1,1
15.9286,0.2941,0,503,transcript,load,0,0,1,1
15.9445,1.0353,1,200,student_read,load,0,0,1,1
15.9454,0.092,1,200,payment,load,0,0,1,1
15.9458,0.3256,0,503,transcript,load,0,0,1,1
15.9648,0.0697,1,200,balance,load,0,0,1,1
15.9689,4.5745,1,200,student_read,load,1,0,1,1
15.9692,1.367,1,202,payment,load,0,1,1,1
15.9694,1.807,1,200,payment,load,0,0,1,1
15.9718,1.4536,1,202,payment,load,0,1,1,1
15.9751,0.0502,1,200,student_read,load,0,0,1,1
15.9753,0.3001,0,503,transcript,load,0,0,1,1
15.9875,1.6973,1,200,student_read,load,0,0,1,1
15.9891,0.0642,1,200,transcript,load,0,0,1,1
15.9892,0.0371,1,200,balance,load,0,0,1,1
16.0085,0.3156,0,503,transcript,load,0,0,1,1
16.0092,1.2057,1,200,probe_student,probe,0,0,1,1
16.011,4.537,1,202,payment,load,0,1,1,1
16.0111,0.0815,1,200,probe_records,probe,0,0,1,1
16.0125,0.369,0,503,probe_timetable,probe,0,0,1,1
16.0145,0.0996,1,200,probe_payment,probe,0,0,1,1
16.0168,1.8728,1,200,student_read,load,0,0,1,1
16.0173,2.328,1,200,student_read,load,0,0,1,1
16.0213,0.0919,1,200,balance,load,0,0,1,1
16.0254,0.3552,0,503,transcript,load,0,0,1,1
16.0263,1.3103,1,202,payment,load,0,1,1,1
16.0375,0.3451,0,503,transcript,load,0,0,1,1
16.0533,0.0695,1,200,student_read,load,0,0,1,1
16.0577,0.9687,1,200,grade,load,0,0,1,1
16.0581,0.1878,1,200,payment,load,0,0,1,1
16.0594,0.1407,1,200,grade,load,0,0,1,1
16.0617,0.0666,1,200,balance,load,0,0,1,1
16.063,0.1177,1,200,payment,load,0,0,1,1
16.0654,0.0751,1,200,balance,load,0,0,1,1
16.0667,0.3182,0,503,timetable,load,0,0,1,1
16.0697,0.9055,1,200,student_read,load,0,0,1,1
16.0704,1.7185,1,200,student_read,load,0,0,1,1
16.0726,0.0715,1,200,student_read,load,0,0,1,1
16.1075,0.3179,0,503,timetable,load,0,0,1,1
16.1089,1.4013,1,200,balance,load,0,0,1,1
16.1112,0.0563,1,200,transcript,load,0,0,1,1
16.1132,0.0461,1,200,student_read,load,0,0,1,1
16.1228,0.3468,0,503,transcript,load,0,0,1,1
16.1284,0.0468,1,200,student_read,load,0,0,1,1
16.1403,0.0674,1,200,student_read,load,0,0,1,1
16.1405,2.7405,1,200,enroll,load,0,0,1,1
16.141,0.3331,0,503,timetable,load,0,0,1,1
16.1441,0.1017,1,200,timetable,load,0,0,1,1
16.1523,0.0935,1,200,student_read,load,0,0,1,1
16.1594,0.3168,0,503,transcript,load,0,0,1,1
16.1624,0.3075,0,503,transcript,load,0,0,1,1
16.1628,3.4562,1,202,payment,load,0,1,1,1
16.1635,0.0851,1,200,transcript,load,0,0,1,1
16.1641,0.1345,1,200,payment,load,0,0,1,1
16.1675,0.0852,1,200,transcript,load,0,0,1,1
16.1752,2.2522,1,202,enroll,load,0,1,1,1
16.1807,0.3429,0,503,timetable,load,0,0,1,1
16.1924,0.0638,1,200,timetable,load,0,0,1,1
16.2001,0.3233,0,503,transcript,load,0,0,1,1
16.2077,0.0559,1,200,transcript,load,0,0,1,1
16.2133,0.3144,0,503,timetable,load,0,0,1,1
16.219,0.0995,1,200,timetable,load,0,0,1,1
16.219,0.8646,1,200,student_read,load,0,0,1,1
16.219,1.7644,1,200,balance,load,0,0,1,1
16.2227,0.0849,1,200,student_read,load,0,0,1,1
16.2239,0.0945,1,200,transcript,load,0,0,1,1
16.2458,1.4728,1,200,student_read,load,1,0,1,1
16.2459,0.0778,1,200,balance,load,0,0,1,1
16.2512,0.0917,1,200,probe_student,probe,0,0,1,1
16.2527,0.3098,0,503,timetable,load,0,0,1,1
16.2535,0.3094,0,503,probe_records,probe,0,0,1,1
16.2558,0.2055,1,200,probe_timetable,probe,0,0,1,1
16.2562,1.417,1,202,payment,load,0,1,1,1
16.2581,1.7357,1,200,probe_payment,probe,0,0,1,1
16.2636,1.1468,1,200,student_read,load,0,0,1,1
16.2651,0.195,1,200,balance,load,0,0,1,1
16.2712,0.2931,0,503,timetable,load,0,0,1,1
16.2712,0.1866,1,200,student_read,load,0,0,1,1
16.2714,0.2957,0,503,transcript,load,0,0,1,1
16.275,0.2915,0,503,student_read,load,0,0,1,1
16.2754,0.1823,1,200,student_read,load,0,0,1,1
16.2755,0.1826,1,200,student_read,load,0,0,1,1
16.2915,2.3109,1,202,enroll,load,0,1,1,1
16.2987,2.9037,1,200,balance,load,0,0,1,1
16.3072,3.3032,1,202,payment,load,0,1,1,1
16.3077,0.1605,1,200,transcript,load,0,0,1,1
16.3182,0.1729,1,200,transcript,load,0,0,1,1
16.3184,0.207,1,200,payment,load,0,0,1,1
16.3185,0.1729,1,200,student_read,load,0,0,1,1
16.3186,2.2368,1,202,grade,load,0,1,1,1
16.3228,0.3009,0,503,timetable,load,0,0,1,1
16.3237,0.299,0,503,transcript,load,0,0,1,1
16.3242,1.4781,1,202,payment,load,0,1,1,1
16.3309,0.4034,1,200,payment,load,0,0,1,1
16.3547,0.1808,1,200,student_read,load,0,0,1,1
16.3677,3.2426,1,202,enroll,load,0,1,1,1
16.3722,0.3003,0,503,student_read,load,0,0,1,1
16.3807,2.2667,1,202,payment,load,0,1,1,1
16.3826,0.1778,1,200,timetable,load,0,0,1,1
16.3849,0.288,0,503,student_read,load,0,0,1,1
16.4144,0.1266,1,200,student_read,load,0,0,1,1
16.4186,5.0078,0,0,student_read,load,0,0,1,1
16.422,0.3068,0,503,transcript,load,0,0,1,1
16.4245,1.378,1,202,payment,load,0,1,1,1
16.4548,0.1309,1,200,transcript,load,0,0,1,1
16.4577,0.8312,1,200,student_read,load,0,0,1,1
16.4578,0.1989,1,200,transcript,load,0,0,1,1
16.458,0.1918,1,200,balance,load,0,0,1,1
16.4664,0.3198,0,503,transcript,load,0,0,1,1
16.4682,0.1887,1,200,transcript,load,0,0,1,1
16.4696,0.1194,1,200,student_read,load,0,0,1,1
16.4697,0.187,1,200,timetable,load,0,0,1,1
16.47,1.3233,1,200,balance,load,0,0,1,1
16.4741,0.8147,1,200,balance,load,0,0,1,1
16.4762,0.1175,1,200,balance,load,0,0,1,1
16.4911,3.6903,1,202,enroll,load,0,1,1,1
16.4914,0.1582,1,200,transcript,load,0,0,1,1
16.5061,1.9204,1,200,probe_student,probe,0,0,1,1
16.5082,0.1632,1,200,probe_records,probe,0,0,1,1
16.51,0.3238,0,503,probe_timetable,probe,0,0,1,1
16.5122,0.1419,1,200,probe_payment,probe,0,0,1,1
16.5146,0.3213,0,503,timetable,load,0,0,1,1
16.5199,2.2412,1,200,balance,load,0,0,1,1
16.5235,0.1397,1,200,transcript,load,0,0,1,1
16.5236,1.0445,1,200,student_read,load,0,0,1,1
16.5255,0.1501,1,200,transcript,load,0,0,1,1
16.5411,1.5113,1,200,payment,load,0,0,1,1
16.5565,0.1335,1,200,timetable,load,0,0,1,1
16.5582,0.1323,1,200,student_read,load,0,0,1,1
16.5604,0.3275,0,503,transcript,load,0,0,1,1
16.5626,2.2228,1,202,grade,load,0,1,1,1
16.5626,0.1348,1,200,transcript,load,0,0,1,1
16.5643,2.204,1,200,student_read,load,0,0,1,1
16.5653,0.1288,1,200,balance,load,0,0,1,1
16.5665,0.3216,0,503,transcript,load,0,0,1,1
16.5671,0.1274,1,200,transcript,load,0,0,1,1
16.5688,0.5121,1,200,enroll,load,0,0,1,1
16.5706,1.3599,1,202,payment,load,0,1,1,1
16.5713,0.3166,0,503,transcript,load,0,0,1,1
16.5856,0.3513,0,503,transcript,load,0,0,1,1
16.589,0.1291,1,200,transcript,load,0,0,1,1
16.5937,0.1465,1,200,timetable,load,0,0,1,1
16.6054,2.0455,1,202,enroll,load,0,1,1,1
16.6194,0.3176,0,503,transcript,load,0,0,1,1
16.6196,1.4334,1,200,enroll,load,0,0,1,1
16.6227,0.1201,1,200,student_read,load,0,0,1,1
16.6237,1.3854,1,202,payment,load,0,1,1,1
16.6328,1.5973,1,200,balance,load,1,0,1,1
16.6496,0.1242,1,200,student_read,load,0,0,1,1
16.6498,0.3378,0,503,transcript,load,0,0,1,1
16.6567,0.1204,1,200,student_read,load,0,0,1,1
16.6568,0.3264,0,503,transcript,load,0,0,1,1
16.657,1.495,1,200,payment,load,0,0,1,1
16.6609,0.1163,1,200,balance,load,0,0,1,1
16.6629,0.1211,1,200,timetable,load,0,0,1,1
16.6632,1.4853,1,200,student_read,load,0,0,1,1
16.6689,1.0191,1,200,student_read,load,0,0,1,1
16.6726,0.1102,1,200,balance,load,0,0,1,1
16.6729,2.1638,1,200,student_read,load,1,0,1,1
16.6756,1.3664,1,202,payment,load,0,1,1,1
16.6901,0.1039,1,200,enroll,load,0,0,1,1
16.6941,2.1815,1,202,enroll,load,0,1,1,1
16.6945,4.102,1,200,student_read,load,1,0,1,1
16.6975,3.3232,1,202,payment,load,0,1,1,1
16.7146,0.3229,0,503,timetable,load,0,0,1,1
16.7181,0.1031,1,200,balance,load,0,0,1,1
16.7235,2.1092,1,200,grade,load,0,0,1,1
16.7261,0.0949,1,200,balance,load,0,0,1,1
16.7276,1.4052,1,202,enroll,load,0,1,1,1
16.7288,0.1059,1,200,balance,load,0,0,1,1
16.7306,3.1532,1,202,enroll,load,0,1,1,1
16.7343,0.7851,1,200,payment,load,0,0,1,1
16.7403,0.2971,0,503,transcript,load,0,0,1,1
16.7428,0.1252,1,200,transcript,load,0,0,1,1
16.7611,0.1088,1,200,probe_student,probe,0,0,1,1
16.7636,0.3267,0,503,probe_records,probe,0,0,1,1
16.7637,0.1048,1,200,transcript,load,0,0,1,1
16.7654,0.114,1,200,probe_timetable,probe,0,0,1,1
16.7673,0.3225,0,503,timetable,load,0,0,1,1
16.7674,2.4731,1,200,probe_payment,probe,0,0,1,1
16.7694,0.108,1,200,student_read,load,0,0,1,1
16.7738,0.3212,0,503,transcript,load,0,0,1,1
16.7771,0.3128,0,503,timetable,load,0,0,1,1
16.7772,0.0959,1,200,student_read,load,0,0,1,1
16.7826,0.8958,1,200,grade,load,0,0,1,1
16.7828,1.3658,1,202,payment,load,0,1,1,1
16.783,3.3979,1,202,payment,load,0,1,1,1
16.7862,1.3594,1,202,enroll,load,0,1,1,1
16.7941,0.0859,1,200,timetable,load,0,0,1,1
16.8069,2.0447,1,200,balance,load,0,0,1,1
16.8125,0.8779,1,200,enroll,load,0,0,1,1
16.821,0.0737,1,200,student_read,load,0,0,1,1
16.8213,0.0733,1,200,student_read,load,0,0,1,1
16.8244,0.3198,0,503,balance,load,0,0,1,1
16.8253,0.3163,0,503,balance,load,0,0,1,1
16.8347,0.3071,0,503,timetable,load,0,0,1,1
16.8655,1.3501,1,202,enroll,load,0,1,1,1
16.868,0.3064,0,503,transcript,load,0,0,1,1
16.8685,0.0549,1,200,student_read,load,0,0,1,1
16.8731,0.3016,0,503,timetable,load,0,0,1,1
16.879,1.3717,1,202,enroll,load,0,1,1,1
16.8794,1.3654,1,202,enroll,load,0,1,1,1
16.8799,0.0902,1,200,timetable,load,0,0,1,1
16.882,1.8379,1,200,enroll,load,0,0,1,1
16.8879,0.2893,0,503,balance,load,0,0,1,1
16.8879,0.2887,0,503,student_read,load,0,0,1,1
16.8882,1.3659,1,202,payment,load,0,1,1,1
16.8947,0.0898,1,200,student_read,load,0,0,1,1
16.8947,0.0899,1,200,transcript,load,0,0,1,1
16.9154,2.0581,1,200,balance,load,0,0,1,1
16.9234,1.3265,1,202,enroll,load,0,1,1,1
16.9369,0.281,0,503,student_read,load,0,0,1,1
16.9371,5.0044,0,0,enroll,load,0,0,1,1
16.9626,0.0906,1,200,transcript,load,0,0,1,1
16.9701,0.363,0,503,student_read,load,0,0,1,1
16.9753,0.0566,1,200,balance,load,0,0,1,1
16.9753,1.3063,1,202,enroll,load,0,1,1,1
16.9798,1.7162,1,200,payment,load,0,0,1,1
16.9812,0.3129,0,503,timetable,load,0,0,1,1
16.9833,0.2733,0,503,student_read,load,0,0,1,1
16.9845,0.1028,1,200,timetable,load,0,0,1,1
16.9846,0.1,1,200,student_read,load,0,0,1,1
16.9876,2.671,1,202,grade,load,0,1,1,1
16.9905,0.3066,0,503,transcript,load,0,0,1,1
16.9994,1.3503,1,202,enroll,load,0,1,1,1
17.0077,0.0865,1,200,timetable,load,0,0,1,1
17.0093,0.2859,0,503,probe_student,probe,0,0,1,1
17.0115,0.0982,1,200,probe_records,probe,0,0,1,1
17.0143,0.2789,0,503,probe_timetable,probe,0,0,1,1
17.0169,0.0962,1,200,probe_payment,probe,0,0,1,1
17.0189,3.0055,1,202,payment,load,0,1,1,1
17.022,1.1188,1,200,student_read,load,0,0,1,1
17.0221,0.2707,0,503,transcript,load,0,0,1,1
17.0264,0.1023,1,200,timetable,load,0,0,1,1
17.032,2.6272,1,202,payment,load,0,1,1,1
17.0374,1.3716,1,202,enroll,load,0,1,1,1
17.0698,1.3403,1,202,enroll,load,0,1,1,1
17.0809,2.5746,1,202,payment,load,0,1,1,1
17.0836,0.0584,1,200,transcript,load,0,0,1,1
17.0846,0.0531,1,200,balance,load,0,0,1,1
17.0869,0.07,1,200,timetable,load,0,0,1,1
17.0873,0.0695,1,200,transcript,load,0,0,1,1
17.0898,0.2562,0,503,student_read,load,0,0,1,1
17.09,2.5258,1,202,enroll,load,0,1,1,1
17.0924,0.2879,0,503,transcript,load,0,0,1,1
17.0942,0.2549,0,503,enroll,load,0,0,1,1
17.095,0.0656,1,200,transcript,load,0,0,1,1
17.0984,0.057,1,200,student_read,load,0,0,1,1
17.1053,0.8859,1,200,grade,load,0,0,1,1
17.1288,1.4157,1,200,payment,load,0,0,1,1
17.1377,1.3753,1,202,payment,load,0,1,1,1
17.1417,1.2217,1,200,payment,load,0,0,1,1
17.1419,0.2419,0,503,timetable,load,0,0,1,1
17.142,0.2396,0,503,transcript,load,0,0,1,1
17.1442,0.1407,1,200,transcript,load,0,0,1,1
17.1555,0.2647,0,503,timetable,load,0,0,1,1
17.1568,0.1234,1,200,student_read,load,0,0,1,1
17.157,0.1203,1,200,student_read,load,0,0,1,1
17.1606,3.7588,1,202,payment,load,0,1,1,1
17.164,0.1168,1,200,student_read,load,0,0,1,1
17.1744,0.2462,0,503,timetable,load,0,0,1,1
17.1746,0.1664,1,200,enroll,load,0,0,1,1
17.1748,1.3386,1,202,enroll,load,0,1,1,1
17.1767,0.2475,0,503,student_read,load,0,0,1,1
17.1773,0.0205,1,200,timetable,load,0,0,1,1
17.1978,0.2984,0,503,timetable,load,0,0,1,1
17.2081,0.0722,1,200,student_read,load,0,0,1,1
17.2111,1.237,1,200,payment,load,0,0,1,1
17.2147,0.0664,1,200,student_read,load,0,0,1,1
17.2179,0.9834,1,200,student_read,load,0,0,1,1
17.2555,0.0631,1,200,probe_student,probe,1,0,1,1
17.2566,0.2858,0,503,transcript,load,0,0,1,1
17.2573,0.3258,0,503,probe_records,probe,0,0,1,1
17.2599,0.0764,1,200,probe_timetable,probe,0,0,1,1
17.2617,1.2192,1,200,probe_payment,probe,0,0,1,1
17.2638,0.0676,1,200,balance,load,1,0,1,1
17.2773,0.0594,1,200,timetable,load,0,0,1,1
17.2803,0.0722,1,200,timetable,load,0,0,1,1
17.2803,1.4951,1,202,enroll,load,0,1,1,1
17.2811,1.9622,1,200,student_read,load,0,0,1,1
17.2849,0.0573,1,200,student_read,load,0,0,1,1
17.2888,0.058,1,200,balance,load,0,0,1,1
17.2889,0.2938,0,503,timetable,load,0,0,1,1
17.2928,1.9472,1,200,balance,load,0,0,1,1
17.2941,0.0791,1,200,balance,load,0,0,1,1
17.2971,0.3359,0,503,transcript,load,0,0,1,1
17.305,1.2802,1,200,student_read,load,0,0,1,1
17.3107,2.3454,1,202,grade,load,0,1,1,1
17.3331,2.3231,1,202,grade,load,0,1,1,1
17.3362,0.0578,1,200,student_read,load,0,0,1,1
17.3366,0.041,1,200,transcript,load,0,0,1,1
17.3367,2.0011,1,202,enroll,load,0,1,1,1
17.3407,2.5434,1,202,payment,load,0,1,1,1
17.3411,4.2218,1,202,enroll,load,0,1,1,1
17.3422,2.3787,1,202,grade,load,0,1,1,1
17.3434,0.0468,1,200,balance,load,0,0,1,1
17.3461,0.0435,1,200,student_read,load,0,0,1,1
17.3468,0.0507,1,200,transcript,load,0,0,1,1
17.3491,0.3472,0,503,transcript,load,0,0,1,1
17.3524,0.0613,1,200,balance,load,0,0,1,1
17.3665,0.0432,1,200,balance,load,0,0,1,1
17.3733,0.3262,0,503,transcript,load,0,0,1,1
17.3751,1.9738,1,202,grade,load,0,1,1,1
17.3776,0.3189,0,503,transcript,load,0,0,1,1
17.3803,1.606,1,200,balance,load,0,0,1,1
17.3817,0.094,1,200,timetable,load,0,0,1,1
17.3838,0.0372,1,200,balance,load,0,0,1,1
17.3896,0.3456,0,503,transcript,load,0,0,1,1
17.3902,0.258,1,200,enroll,load,0,0,1,1
17.394,5.0159,0,0,student_read,load,0,0,1,1
17.3975,0.9188,1,200,student_read,load,0,0,1,1
17.4051,2.6175,1,202,payment,load,0,1,1,1
17.4104,0.075,1,200,transcript,load,0,0,1,1
17.4137,0.0657,1,200,timetable,load,0,0,1,1
17.4202,2.453,1,200,student_read,load,1,0,1,1
17.4206,0.0616,1,200,grade,load,0,0,1,1
17.4211,0.3146,0,503,transcript,load,0,0,1,1
17.4242,0.0245,1,200,timetable,load,0,0,1,1
17.4254,0.0234,1,200,balance,load,0,0,1,1
17.4487,0.2902,0,503,timetable,load,0,0,1,1
17.4488,3.189,1,202,payment,load,0,1,1,1
17.4613,0.0831,1,200,transcript,load,0,0,1,1
17.4758,0.0775,1,200,transcript,load,0,0,1,1
17.4794,1.5303,1,200,student_read,load,0,0,1,1
17.4806,1.8981,1,200,student_read,load,1,0,1,1
17.4822,0.3093,0,503,transcript,load,0,0,1,1
17.4854,0.0655,1,200,student_read,load,0,0,1,1
17.4885,1.3443,1,200,payment,load,0,0,1,1
17.4936,0.0534,1,200,student_read,load,0,0,1,1
17.4962,1.8715,1,200,balance,load,0,0,1,1
17.4967,0.0482,1,200,student_read,load,0,0,1,1
17.508,1.4061,1,200,probe_student,probe,0,0,1,1
17.5101,0.0528,1,200,probe_records,probe,0,0,1,1
17.5101,0.0467,1,200,enroll,load,0,0,1,1
17.5119,0.3298,0,503,probe_timetable,probe,0,0,1,1
17.5143,0.0646,1,200,probe_payment,probe,0,0,1,1
17.5164,3.3562,1,200,student_read,load,1,0,1,1
17.5195,0.3222,0,503,timetable,load,0,0,1,1
17.5341,0.0638,1,200,transcript,load,0,0,1,1
17.5341,0.0498,1,200,student_read,load,0,0,1,1
17.5377,2.0746,1,200,student_read,load,0,0,1,1
17.5382,1.4147,1,202,enroll,load,0,1,1,1
17.5424,0.0874,1,200,student_read,load,0,0,1,1
17.5449,1.109,1,200,balance,load,0,0,1,1
17.547,0.0952,1,200,transcript,load,0,0,1,1
17.5509,0.0916,1,200,transcript,load,0,0,1,1
17.5533,0.2891,0,503,transcript,load,0,0,1,1
17.5547,0.0724,1,200,student_read,load,0,0,1,1
17.5568,3.081,1,200,enroll,load,0,0,1,1
17.5682,0.08,1,200,student_read,load,0,0,1,1
17.5819,0.0727,1,200,transcript,load,0,0,1,1
17.5828,1.7688,1,202,payment,load,0,1,1,1
17.5839,1.7868,1,200,student_read,load,1,0,1,1
17.5979,2.0113,1,200,balance,load,0,0,1,1
17.6156,1.2555,1,200,balance,load,0,0,1,1
17.6266,0.0491,1,200,transcript,load,0,0,1,1
17.6297,0.3216,0,503,timetable,load,0,0,1,1
17.633,0.0443,1,200,balance,load,1,0,1,1
17.6423,1.5263,1,200,student_read,load,0,0,1,1
17.6425,2.3193,1,200,balance,load,0,0,1,1
17.6482,1.7275,1,202,enroll,load,0,1,1,1
17.6482,2.0076,1,202,enroll,load,0,1,1,1
17.6546,0.0328,1,200,balance,load,0,0,1,1
17.6623,0.1879,1,200,enroll,load,0,0,1,1
17.6706,0.0523,1,200,enroll,load,0,0,1,1
17.6732,0.1165,1,200,timetable,load,0,0,1,1
17.6758,1.3405,1,200,balance,load,0,0,1,1
17.6773,0.322,0,503,timetable,load,0,0,1,1
17.6784,0.3246,0,503,transcript,load,0,0,1,1
17.6797,0.0924,1,200,student_read,load,0,0,1,1
17.6818,0.1064,1,200,transcript,load,0,0,1,1
17.6848,3.3878,1,202,payment,load,0,1,1,1
17.6856,1.3734,1,200,student_read,load,0,0,1,1
17.6874,0.3123,0,503,transcript,load,0,0,1,1
17.688,0.1057,1,200,timetable,load,0,0,1,1
17.6884,1.6688,1,202,payment,load,0,1,1,1
17.6904,0.0402,1,200,student_read,load,0,0,1,1
17.6963,3.3402,1,200,student_read,load,0,0,1,1
17.6965,0.3043,0,503,transcript,load,0,0,1,1
17.6995,0.0318,1,200,balance,load,0,0,1,1
17.7093,2.4719,1,202,payment,load,0,1,1,1
17.7186,0.0778,1,200,transcript,load,0,0,1,1
17.7229,1.2059,1,200,balance,load,0,0,1,1
17.7307,1.8751,1,200,balance,load,0,0,1,1
17.7313,0.3296,0,503,transcript,load,0,0,1,1
17.7352,0.0197,1,200,transcript,load,0,0,1,1
17.7357,0.0531,1,200,student_read,load,0,0,1,1
17.7389,3.5669,1,202,enroll,load,0,1,1,1
17.7549,0.0545,1,200,student_read,load,0,0,1,1
17.7553,0.0925,1,200,probe_student,probe,0,0,1,1
17.7574,0.3559,0,503,probe_records,probe,0,0,1,1
17.76,0.095,1,200,probe_timetable,probe,0,0,1,1
17.7617,0.9613,1,200,probe_payment,probe,0,0,1,1
17.7652,0.0888,1,200,student_read,load,0,0,1,1
17.7721,4.7369,1,202,enroll,load,0,1,1,1
17.7764,0.3336,0,503,transcript,load,0,0,1,1
17.7843,0.0693,1,200,transcript,load,0,0,1,1
17.7844,1.5749,1,202,enroll,load,0,1,1,1
17.7882,0.3246,0,503,transcript,load,0,0,1,1
17.7888,3.127,1,202,enroll,load,0,1,1,1
17.789,0.0846,1,200,timetable,load,0,0,1,1
17.7897,0.0829,1,200,student_read,load,0,0,1,1
17.7915,0.3177,0,503,transcript,load,0,0,1,1
17.7933,0.3141,1,200,payment,load,0,0,1,1
17.7937,1.3285,1,200,balance,load,0,0,1,1
17.7963,0.3152,0,503,student_read,load,0,0,1,1
17.8023,0.0713,1,200,transcript,load,0,0,1,1
17.8026,0.159,1,200,payment,load,0,0,1,1
17.8094,0.3459,0,503,timetable,load,0,0,1,1
17.8098,1.5612,1,200,student_read,load,1,0,1,1
17.8416,0.0384,1,200,student_read,load,0,0,1,1
17.8424,0.0747,1,200,transcript,load,0,0,1,1
17.8537,3.2226,1,202,enroll,load,0,1,1,1
17.8552,1.5141,1,202,enroll,load,0,1,1,1
17.8727,3.6243,1,200,student_read,load,0,0,1,1
17.8736,1.4983,1,202,payment,load,0,1,1,1
17.8736,0.9591,1,200,student_read,load,0,0,1,1
17.88,0.0126,1,200,student_read,load,0,0,1,1
17.8927,5.0136,0,0,enroll,load,0,0,1,1
17.8939,2.6538,1,202,payment,load,0,1,1,1
17.894,1.4747,1,202,enroll,load,0,1,1,1
17.8984,0.0236,1,200,transcript,load,0,0,1,1
17.9111,1.3092,1,200,student_read,load,0,0,1,1
17.9171,1.4522,1,202,enroll,load,0,1,1,1
17.922,3.1514,1,202,payment,load,0,1,1,1
17.9304,0.0249,1,200,transcript,load,0,0,1,1
17.9504,5.0051,0,0,balance,load,0,0,1,1
17.9514,4.1329,1,200,balance,load,0,0,1,1
17.9554,0.0281,1,200,transcript,load,0,0,1,1
17.9582,0.0221,1,200,balance,load,0,0,1,1
17.9616,2.6452,1,200,student_read,load,1,0,1,1
17.9835,0.0211,1,200,balance,load,0,0,1,1
17.9835,2.3382,1,202,grade,load,0,1,1,1
17.9871,0.0281,1,200,student_read,load,0,0,1,1
17.9993,2.4052,1,200,enroll,load,0,0,1,1
17.9997,0.3231,0,503,timetable,load,0,0,1,1
18.0008,1.3969,1,202,grade,load,0,1,1,1
18.003,2.8056,1,202,grade,load,0,1,1,1
18.004,3.8832,1,200,probe_student,probe,0,0,1,1
18.0046,0.0327,1,200,transcript,load,0,0,1,1
18.0053,0.0797,1,200,probe_records,probe,0,0,1,1
18.0071,0.3163,0,503,probe_timetable,probe,0,0,1,1
18.0089,0.0354,1,200,probe_payment,probe,0,0,1,1
18.0091,0.3142,0,503,timetable,load,0,0,1,1
18.0145,2.5337,1,202,grade,load,0,1,1,1
18.0152,0.0279,1,200,balance,load,0,0,1,1
18.0374,0.0481,1,200,student_read,load,0,0,1,1
18.0421,2.0785,1,200,payment,load,0,0,1,1
18.0431,0.3278,0,503,student_read,load,0,0,1,1
18.0486,0.0365,1,200,transcript,load,0,0,1,1
18.0488,1.3489,1,202,payment,load,0,1,1,1
18.0489,0.0241,1,200,transcript,load,0,0,1,1
18.052,0.3224,0,503,timetable,load,0,0,1,1
18.0524,0.3231,0,503,balance,load,0,0,1,1
18.053,0.0374,1,200,timetable,load,0,0,1,1
18.0596,0.0694,1,200,timetable,load,0,0,1,1
18.0609,0.3104,0,503,balance,load,0,0,1,1
18.0731,0.3535,0,503,transcript,load,0,0,1,1
18.0851,0.015,1,200,balance,load,0,0,1,1
18.0855,1.4099,1,202,grade,load,0,1,1,1
18.0904,0.3418,0,503,timetable,load,0,0,1,1
18.1001,1.5088,1,200,balance,load,0,0,1,1
18.1074,0.0386,1,200,transcript,load,0,0,1,1
18.1087,3.976,1,200,enroll,load,0,0,1,2
18.1093,0.0324,1,200,timetable,load,0,0,1,1
18.1101,0.0987,1,200,student_read,load,0,0,1,1
18.1116,0.3216,0,503,transcript,load,0,0,1,1
18.1128,2.3793,1,202,grade,load,0,1,1,1
18.1328,0.0711,1,200,student_read,load,0,0,1,1
18.1405,0.1146,1,202,enroll,load,0,1,1,1
18.1406,0.0789,1,200,balance,load,0,0,1,1
18.1408,0.3469,0,503,balance,load,0,0,1,1
18.1417,4.1812,1,200,student_read,load,1,0,1,1
18.1435,3.0933,1,202,payment,load,0,1,1,1
18.1445,1.4769,1,202,enroll,load,0,1,1,1
18.1457,1.1922,1,200,payment,load,0,0,1,1
18.146,0.3411,0,503,transcript,load,0,0,1,1
18.1486,0.339,0,503,transcript,load,0,0,1,1
18.1487,1.3965,1,202,payment,load,0,1,1,1
18.152,0.1239,1,200,transcript,load,0,0,1,1
18.1553,0.3319,0,503,enroll,load,0,0,1,1
18.1589,0.0853,1,200,student_read,load,1,0,1,1
18.2013,0.3506,0,503,transcript,load,0,0,1,1
18.204,0.048,1,200,balance,load,0,0,1,1
18.205,0.3515,0,503,timetable,load,0,0,1,1
18.2079,0.3483,0,503,transcript,load,0,0,1,1
18.2088,1.4086,1,202,grade,load,0,1,1,1
18.2195,3.3357,1,200,student_read,load,0,0,1,2
18.2263,0.0754,1,200,transcript,load,0,0,1,1
18.23,1.7868,1,200,student_read,load,1,0,1,1
18.2448,0.0495,1,200,student_read,load,0,0,1,1
18.2488,2.0762,1,200,payment,load,0,0,1,1
18.2503,3.5877,1,202,enroll,load,0,1,1,1
18.2508,0.0593,1,202,enroll,load,0,1,1,1
18.2516,0.0665,1,200,probe_student,probe,1,0,1,1
18.252,0.0585,1,200,student_read,load,0,0,1,1
18.2538,0.3516,0,503,probe_records,probe,0,0,1,1
18.2541,0.0625,1,200,balance,load,0,0,1,1
18.2552,0.0721,1,200,grade,load,0,0,1,1
18.2553,0.09,1,200,probe_timetable,probe,0,0,1,1
18.257,3.6752,1,200,probe_payment,probe,0,0,1,1
18.2628,0.0797,1,200,student_read,load,0,0,1,1
18.2759,0.3851,0,503,timetable,load,0,0,1,1
18.2817,0.3797,0,503,timetable,load,0,0,1,1
18.2944,0.8742,1,200,balance,load,0,0,1,1
18.3017,0.0529,1,200,balance,load,0,0,1,1
18.3101,0.053,1,200,timetable,load,0,0,1,1
18.3105,0.3512,0,503,transcript,load,0,0,1,1
18.3124,2.1753,1,202,enroll,load,0,1,1,1
18.3131,0.0535,1,200,transcript,load,0,0,1,1
18.3139,1.3976,1,200,student_read,load,0,0,1,1
18.3164,2.4058,1,202,grade,load,0,1,1,1
18.3166,0.0628,1,202,enroll,load,0,1,1,1
18.3228,0.0755,1,200,student_read,load,0,0,1,1
18.3233,0.0537,1,200,student_read,load,1,0,1,1
18.3274,1.3896,1,202,enroll,load,0,1,1,1
18.3452,4.8518,1,200,student_read,load,0,0,1,2
18.3497,0.0464,1,200,timetable,load,0,0,1,1
18.3547,0.3786,0,503,transcript,load,0,0,1,1
18.3596,0.1386,1,200,enroll,load,0,0,1,1
18.3632,0.3742,0,503,transcript,load,0,0,1,1
18.3634,1.494,1,200,balance,load,0,0,1,1
18.3666,0.0402,1,200,balance,load,0,0,1,1
18.371,0.0547,1,200,timetable,load,0,0,1,1
18.3713,0.0511,1,200,transcript,load,0,0,1,1
18.3743,1.731,1,200,student_read,load,1,0,1,1
18.3755,0.0506,1,200,student_read,load,1,0,1,1
18.377,0.3565,0,503,timetable,load,0,0,1,1
18.3794,4.1533,1,202,enroll,load,0,1,1,2
18.3961,0.085,1,200,payment,load,0,0,1,1
18.3984,2.5171,1,202,grade,load,0,1,1,1
18.4059,0.3795,0,503,timetable,load,0,0,1,1
18.4069,0.3841,0,503,timetable,load,0,0,1,1
18.409,0.083,1,200,timetable,load,0,0,1,1
18.4214,0.07,1,200,balance,load,0,0,1,1
18.4224,0.0756,1,200,transcript,load,0,0,1,1
18.4257,3.412,1,202,enroll,load,0,1,1,1
18.4261,0.3595,0,503,timetable,load,0,0,1,1
18.4266,0.0659,1,200,timetable,load,0,0,1,1
18.4274,0.3619,0,503,transcript,load,0,0,1,1
18.4287,1.317,1,202,enroll,load,0,1,1,1
18.4322,0.0608,1,200,balance,load,0,0,1,1
18.4332,1.4512,1,200,student_read,load,1,0,1,1
18.4692,0.0531,1,200,balance,load,0,0,1,1
18.4811,0.0479,1,200,student_read,load,1,0,1,1
18.4871,0.0835,1,200,transcript,load,0,0,1,1
18.4873,1.2871,1,200,student_read,load,1,0,1,1
18.4875,3.0719,1,202,enroll,load,0,1,1,1
18.4878,1.8372,1,200,student_read,load,0,0,1,1
18.4914,1.1714,1,200,balance,load,0,0,1,1
18.492,0.0786,1,200,student_read,load,0,0,1,1
18.4926,0.0592,1,200,timetable,load,0,0,1,1
18.4931,0.0779,1,200,balance,load,0,0,1,1
18.4981,2.4176,1,202,grade,load,0,1,1,1
18.5002,4.4797,1,200,probe_student,probe,0,0,1,1
18.5019,0.0568,1,200,probe_records,probe,0,0,1,1
18.5038,0.3823,0,503,probe_timetable,probe,0,0,1,1
18.5055,0.0475,1,200,probe_payment,probe,0,0,1,1
18.5112,0.3764,0,503,transcript,load,0,0,1,1
18.513,1.9744,1,200,student_read,load,0,0,1,1
18.5134,0.3723,0,503,transcript,load,0,0,1,1
18.529,1.3342,1,202,grade,load,0,1,1,1
18.5445,1.319,1,202,payment,load,0,1,1,1
18.5464,0.0472,1,200,balance,load,0,0,1,1
18.5518,0.3369,0,503,timetable,load,0,0,1,1
18.552,1.3351,1,200,payment,load,0,0,1,1
18.5555,0.0405,1,200,balance,load,0,0,1,1
18.5562,0.7927,1,202,enroll,load,0,1,1,1
18.5587,0.7236,1,200,transcript,load,0,0,1,1
18.5706,0.9985,1,200,student_read,load,1,0,1,1
18.5707,1.3408,1,202,grade,load,0,1,1,1
18.571,1.8526,1,200,payment,load,0,0,1,1
18.5937,0.837,1,200,student_read,load,1,0,1,1
18.596,0.0203,1,200,transcript,load,0,0,1,1
18.6021,0.0166,1,200,student_read,load,0,0,1,1
18.6024,0.7356,1,202,enroll,load,0,1,1,1
18.6025,0.3298,0,503,timetable,load,0,0,1,1
18.6055,3.1728,1,202,enroll,load,0,1,1,1
18.6163,5.0027,0,0,enroll,load,0,0,1,1
18.6187,0.361,0,503,transcript,load,0,0,1,1
18.6474,0.6172,1,200,transcript,load,0,0,1,1
18.6511,2.6546,1,202,grade,load,0,1,1,1
18.6539,0.0112,1,200,student_read,load,0,0,1,1
18.6605,0.628,1,200,transcript,load,0,0,1,1
18.6611,0.3204,0,503,timetable,load,0,0,1,1
18.6614,0.3218,0,503,timetable,load,0,0,1,1
18.6617,0.0219,1,200,balance,load,0,0,1,1
18.6651,0.0235,1,200,timetable,load,0,0,1,1
18.6836,0.2983,0,503,timetable,load,0,0,1,1
18.6886,0.3314,0,503,timetable,load,0,0,1,1
18.696,0.016,1,200,timetable,load,0,0,1,1
18.7121,0.9012,1,200,student_read,load,0,0,1,1
18.7146,0.3144,0,503,timetable,load,0,0,1,1
18.7199,0.3813,1,200,student_read,load,1,0,1,1
18.7306,0.6181,1,202,enroll,load,0,1,1,1
18.7331,4.6598,1,202,payment,load,0,1,1,1
18.7333,0.2871,0,503,timetable,load,0,0,1,1
18.7335,1.3525,1,202,enroll,load,0,1,1,1
18.7374,1.351,1,202,enroll,load,0,1,1,1
18.7611,1.6147,1,200,student_read,load,1,0,1,1
18.7618,0.3389,1,200,probe_student,probe,1,0,1,1
18.7637,0.2973,0,503,probe_records,probe,0,0,1,1
18.7651,0.4721,1,200,probe_timetable,probe,0,0,1,1
18.7668,2.0213,1,200,probe_payment,probe,0,0,1,1
18.7684,0.5099,1,200,timetable,load,0,0,1,1
18.7684,0.2928,0,503,transcript,load,0,0,1,1
18.7754,0.0269,1,200,transcript,load,0,0,1,1
18.7781,1.8117,1,200,balance,load,0,0,1,1
18.7852,1.3004,1,202,payment,load,0,1,1,1
18.7854,0.0228,1,200,transcript,load,0,0,1,1
18.7857,0.0214,1,200,student_read,load,0,0,1,1
18.7893,0.2726,0,503,timetable,load,0,0,1,1
18.791,0.2721,0,503,timetable,load,0,0,1,1
18.8024,1.2828,1,202,payment,load,0,1,1,1
18.8066,2.9711,1,202,payment,load,0,1,1,1
18.8071,0.3005,0,503,transcript,load,0,0,1,1
18.8082,0.4669,1,200,transcript,load,0,0,1,1
18.8327,0.275,0,503,transcript,load,0,0,1,1
18.8327,0.2751,0,503,transcript,load,0,0,1,1
18.8328,0.5317,1,202,enroll,load,0,1,1,1
18.8368,0.2709,0,503,timetable,load,0,0,1,1
18.8541,0.0138,1,200,balance,load,0,0,1,1
18.8577,0.0157,1,200,balance,load,0,0,1,1
18.8679,1.6198,1,200,student_read,load,0,0,1,1
18.8757,0.8761,1,200,enroll,load,0,0,1,1
18.881,0.0184,1,200,timetable,load,0,0,1,1
18.8857,1.4364,1,200,student_read,load,1,0,1,1
18.8887,0.473,1,202,enroll,load,0,1,1,1
18.8994,4.0643,1,200,student_read,load,0,0,1,2
18.9141,0.2612,0,503,transcript,load,0,0,1,1
18.9288,0.0103,1,200,student_read,load,0,0,1,1
18.9295,2.056,1,200,grade,load,0,0,1,1
18.9324,0.2424,0,503,transcript,load,0,0,1,1
18.9391,0.4234,1,202,enroll,load,0,1,1,1
18.9528,1.4515,1,200,balance,load,0,0,1,1
18.963,0.015,1,200,timetable,load,0,0,1,1
18.9798,0.4037,1,200,payment,load,0,0,1,1
18.9814,0.024,1,200,transcript,load,0,0,1,1
18.9819,0.2998,1,200,transcript,load,0,0,1,1
18.9832,1.1397,1,200,balance,load,0,0,1,1
18.9863,0.0174,1,200,balance,load,0,0,1,1
19.0037,2.5554,1,202,payment,load,0,1,1,1
19.0054,0.2409,0,503,transcript,load,0,0,1,1
19.0092,1.2149,1,200,probe_student,probe,1,0,1,1
19.0097,4.0652,1,200,payment,load,0,0,1,1
19.011,0.2723,1,200,probe_records,probe,0,0,1,1
19.0126,0.2312,0,503,probe_timetable,probe,0,0,1,1
19.0141,0.0333,1,200,probe_payment,probe,0,0,1,1
19.0154,4.4172,1,200,enroll,load,0,0,1,1
19.0163,0.0201,1,200,transcript,load,0,0,1,1
19.02,0.0197,1,200,student_read,load,0,0,1,1
19.0204,4.6075,1,200,student_read,load,0,0,1,2
19.0364,0.0153,1,200,balance,load,0,0,1,1
19.0397,1.2868,1,200,student_read,load,0,0,1,1
19.0517,0.2515,0,503,transcript,load,0,0,1,1
19.0556,0.2308,1,200,transcript,load,0,0,1,1
19.059,0.2387,1,200,transcript,load,0,0,1,1
19.0612,0.0247,1,200,student_read,load,1,0,1,1
19.0619,0.2271,1,200,transcript,load,0,0,1,1
19.0631,2.4173,1,200,balance,load,0,0,1,1
19.0859,0.9366,1,202,payment,load,0,1,1,1
19.1013,0.1729,1,200,balance,load,0,0,1,1
19.1065,0.2321,0,503,transcript,load,0,0,1,1
19.1076,0.2347,0,503,student_read,load,0,0,1,1
19.1077,0.1703,1,200,student_read,load,0,0,1,1
19.1078,0.1452,1,200,balance,load,0,0,1,1
19.1079,2.5183,1,202,payment,load,0,1,1,1
19.1222,0.1628,1,200,transcript,load,0,0,1,1
19.1628,0.1164,1,200,transcript,load,0,0,1,1
19.1686,1.4578,1,200,grade,load,0,0,1,1
19.1686,0.1141,1,200,transcript,load,0,0,1,1
19.1749,4.7165,1,200,enroll,load,0,0,1,1
19.2024,0.0722,1,200,balance,load,0,0,1,1
19.2047,0.2989,0,503,timetable,load,0,0,1,1
19.24,2.3861,1,202,payment,load,0,1,1,1
19.2434,0.3304,0,503,transcript,load,0,0,1,1
19.2464,0.2109,1,200,student_read,load,1,0,1,1
19.252,0.2083,1,200,probe_student,probe,0,0,1,1
19.253,0.3619,0,503,transcript,load,0,0,1,1
19.2542,0.3592,0,503,probe_records,probe,0,0,1,1
19.2567,0.2391,1,200,probe_timetable,probe,0,0,1,1
19.2581,1.889,1,200,probe_payment,probe,0,0,1,1
19.2647,1.4518,1,202,payment,load,0,1,1,1
19.2673,0.2309,1,200,balance,load,0,0,1,1
19.2742,0.215,1,200,student_read,load,1,0,1,1
19.2746,2.1705,1,200,payment,load,0,0,1,1
19.2751,0.3488,0,503,timetable,load,0,0,1,1
19.2781,0.2175,1,200,transcript,load,0,0,1,1
19.2818,1.4368,1,202,enroll,load,0,1,1,1
19.2827,1.2096,1,200,grade,load,0,0,1,1
19.2851,2.2741,1,200,payment,load,0,0,1,1
19.289,0.2333,1,200,transcript,load,0,0,1,1
19.2978,0.2249,1,200,payment,load,0,0,1,1
19.3032,0.1922,1,200,transcript,load,0,0,1,1
19.3167,0.3519,0,503,timetable,load,0,0,1,1
19.3378,0.3309,0,503,timetable,load,0,0,1,1
19.3378,1.074,1,200,student_read,load,0,0,1,1
19.338,2.3712,1,202,grade,load,0,1,1,1
19.3424,0.2406,1,200,payment,load,0,0,1,1
19.3487,0.1681,1,200,transcript,load,0,0,1,1
19.3489,0.1765,1,200,transcript,load,0,0,1,1
19.3489,0.3778,0,503,transcript,load,0,0,1,1
19.3516,4.4195,1,200,student_read,load,0,0,1,1
19.3572,0.3694,0,503,timetable,load,0,0,1,1
19.3593,0.1628,1,200,student_read,load,1,0,1,1
19.3617,1.4666,1,202,grade,load,0,1,1,1
19.3625,0.368,0,503,transcript,load,0,0,1,1
19.3625,0.1667,1,200,timetable,load,0,0,1,1
19.3645,2.2381,1,200,balance,load,0,0,1,1
19.3677,0.3593,0,503,transcript,load,0,0,1,1
19.3687,0.1663,1,200,timetable,load,0,0,1,1
19.3693,0.175,1,200,timetable,load,0,0,1,1
19.3708,0.1638,1,200,student_read,load,0,0,1,1
19.3719,2.0151,1,200,payment,load,0,0,1,1
19.3722,3.6926,1,200,student_read,load,0,0,1,2
19.3757,0.1639,1,200,transcript,load,0,0,1,1
19.3787,0.3509,0,503,transcript,load,0,0,1,1
19.3835,0.2578,1,200,payment,load,0,0,1,1
19.3977,0.2738,1,200,grade,load,0,0,1,1
19.3978,1.8078,1,200,student_read,load,0,0,1,1
19.4098,3.4797,1,200,balance,load,0,0,1,1
19.4264,0.1515,1,202,enroll,load,0,1,1,1
19.4307,0.3523,0,503,timetable,load,0,0,1,1
19.4407,0.3423,0,503,transcript,load,0,0,1,1
19.4408,0.1635,1,200,enroll,load,0,0,1,1
19.455,0.1493,1,202,enroll,load,0,1,1,1
19.4573,1.3788,1,202,enroll,load,0,1,1,1
19.4891,0.115,1,200,timetable,load,0,0,1,1
19.4954,2.0055,1,200,grade,load,0,0,1,2
19.4954,4.1324,1,200,payment,load,0,0,1,1
19.4955,0.3426,0,503,transcript,load,0,0,1,1
19.5036,2.5156,1,200,probe_student,probe,0,0,1,2
19.5053,0.1218,1,200,probe_records,probe,0,0,1,1
19.5074,0.3311,0,503,probe_timetable,probe,0,0,1,1
19.5091,0.1142,1,200,probe_payment,probe,0,0,1,1
19.5145,1.4527,1,200,balance,load,0,0,1,1
19.5168,0.106,1,200,student_read,load,1,0,1,1
19.5221,0.138,1,200,transcript,load,0,0,1,1
19.5223,0.1062,1,200,student_read,load,0,0,1,1
19.5228,2.8742,1,202,payment,load,0,1,1,1
19.5255,1.9681,1,200,payment,load,0,0,1,1
19.5346,1.2612,1,200,balance,load,0,0,1,1
19.535,0.115,1,200,transcript,load,0,0,1,1
19.5396,0.1204,1,200,transcript,load,0,0,1,1
19.5443,0.3597,0,503,transcript,load,0,0,1,1
19.5451,0.1046,1,200,student_read,load,1,0,1,1
19.5649,0.1094,1,200,timetable,load,0,0,1,1
19.5692,2.2797,1,200,payment,load,0,0,1,1
19.5738,0.1597,1,200,balance,load,0,0,1,1
19.578,0.3263,0,503,transcript,load,0,0,1,1
19.583,0.1597,1,200,transcript,load,0,0,1,1
19.6042,0.3656,0,503,timetable,load,0,0,1,1
19.6043,2.216,1,200,enroll,load,0,0,1,1
19.6044,0.3624,0,503,timetable,load,0,0,1,1
19.6058,0.1378,1,200,student_read,load,0,0,1,1
19.6089,2.8557,1,202,payment,load,0,1,1,1
19.6092,1.4042,1,202,payment,load,0,1,1,1
19.6103,0.3566,0,503,timetable,load,0,0,1,1
19.6123,2.9602,1,200,balance,load,0,0,1,1
19.6133,0.1348,1,200,transcript,load,0,0,1,1
19.6149,0.1561,1,200,payment,load,0,0,1,1
19.6158,0.415,0,503,timetable,load,0,0,1,1
19.6174,3.2629,1,200,balance,load,0,0,1,1
19.619,0.1328,1,200,transcript,load,0,0,1,1
19.6214,0.4148,0,503,transcript,load,0,0,1,1
19.6228,0.1301,1,200,student_read,load,1,0,1,1
19.6239,0.1377,1,200,student_read,load,0,0,1,1
19.6285,0.4099,0,503,transcript,load,0,0,1,1
19.6413,0.3935,0,503,timetable,load,0,0,1,1
19.6498,0.1396,1,200,transcript,load,0,0,1,1
19.65,0.1316,1,202,enroll,load,0,1,1,1
19.6555,0.129,1,200,timetable,load,0,0,1,1
19.6558,0.386,0,503,transcript,load,0,0,1,1
19.6561,1.2491,1,200,balance,load,0,0,1,1
19.6562,1.508,1,202,payment,load,0,1,1,1
19.6563,1.5055,1,202,enroll,load,0,1,1,1
19.6586,4.113,1,200,enroll,load,0,0,1,2
19.6592,0.1269,1,200,student_read,load,1,0,1,1
19.66,2.5842,1,200,balance,load,0,0,1,1
19.6602,1.4993,1,202,payment,load,0,1,1,1
19.6629,3.3513,1,200,payment,load,0,0,1,1
19.6687,0.1392,1,200,timetable,load,0,0,1,1
19.6716,0.1363,1,200,balance,load,0,0,1,1
19.706,1.7093,1,200,student_read,load,0,0,1,1
19.717,1.3638,1,200,enroll,load,0,0,1,1
19.721,1.4403,1,202,payment,load,0,1,1,1
19.7266,3.0172,1,200,balance,load,0,0,1,1
19.7267,2.2045,1,200,enroll,load,0,0,1,1
19.727,0.1455,1,200,student_read,load,0,0,1,1
19.7296,0.1509,1,200,transcript,load,0,0,1,1
19.7305,0.1499,1,200,timetable,load,0,0,1,1
19.7336,0.3869,0,503,transcript,load,0,0,1,1
19.7427,0.4476,0,503,timetable,load,0,0,1,1
19.7436,0.447,0,503,timetable,load,0,0,1,1
19.7458,0.1631,1,200,timetable,load,0,0,1,1
19.7481,0.1682,1,200,transcript,load,0,0,1,1
19.7518,0.1643,1,200,transcript,load,0,0,1,1
19.7518,0.439,0,503,transcript,load,0,0,1,1
19.753,0.1765,1,200,probe_student,probe,1,0,1,1
19.753,2.6441,1,202,payment,load,0,1,1,1
19.7549,0.4355,0,503,probe_records,probe,0,0,1,1
19.757,0.1872,1,200,probe_timetable,probe,0,0,1,1
19.7589,2.5085,1,200,probe_payment,probe,0,0,1,1
19.7616,0.1677,1,200,balance,load,0,0,1,1
19.7666,0.1759,1,200,timetable,load,0,0,1,1
19.771,2.8834,1,200,balance,load,0,0,1,1
19.7745,0.2125,1,200,timetable,load,0,0,1,1
19.7815,0.4143,0,503,transcript,load,0,0,1,1
19.783,1.2896,1,200,student_read,load,0,0,1,1
19.7831,4.1219,1,200,payment,load,0,0,1,1
19.7846,0.2148,1,200,balance,load,0,0,1,1
19.7861,0.2134,1,200,student_read,load,0,0,1,1
19.7894,0.1751,1,200,student_read,load,1,0,1,1
19.8079,2.2701,1,200,student_read,load,0,0,1,1
19.808,0.1912,1,200,student_read,load,0,0,1,1
19.815,2.3235,1,200,payment,load,0,0,1,1
19.8321,1.4769,1,200,student_read,load,0,0,1,1
19.8381,1.9336,1,200,payment,load,0,0,1,1
19.8574,2.6485,1,200,balance,load,0,0,1,1
19.8611,0.1594,1,200,transcript,load,0,0,1,1
19.8633,1.4884,1,202,payment,load,0,1,1,1
19.8635,1.4898,1,202,payment,load,0,1,1,1
19.8725,4.0104,1,200,enroll,load,0,0,1,1
19.8733,0.2401,1,200,payment,load,0,0,1,1
19.8804,0.1715,1,200,transcript,load,0,0,1,1
19.8805,1.3529,1,200,student_read,load,0,0,1,1
19.8839,0.1679,1,200,balance,load,0,0,1,1
19.884,0.4458,0,503,timetable,load,0,0,1,1
19.8845,0.4448,0,503,transcript,load,0,0,1,1
19.8871,0.1435,1,200,student_read,load,1,0,1,1
19.9041,1.4485,1,202,enroll,load,0,1,1,1
19.9043,0.1325,1,200,transcript,load,0,0,1,1
19.9067,2.0827,1,200,balance,load,0,0,1,1
19.909,3.4835,1,200,payment,load,0,0,1,1
19.9115,0.2127,1,200,grade,load,0,0,1,1
19.9161,3.9008,1,200,student_read,load,0,0,1,1
19.9163,0.4133,0,503,timetable,load,0,0,1,1
19.9294,0.4982,0,503,transcript,load,0,0,1,1
19.9546,0.1657,1,200,balance,load,0,0,1,1
19.9561,0.1638,1,200,balance,load,0,0,1,1
19.9618,0.1282,1,200,student_read,load,1,0,1,1
19.9646,3.8523,1,200,payment,load,0,0,1,1
19.967,0.458,0,503,timetable,load,0,0,1,1
19.9698,0.15,1,200,student_read,load,0,0,1,1
19.987,0.109,1,200,transcript,load,0,0,1,1
19.9992,0.4957,0,503,timetable,load,0,0,1,1
19.9994,3.5338,1,200,enroll,load,0,0,1,1
19.9995,0.1238,1,200,student_read,load,1,0,1,1
20.0007,2.883,1,200,probe_student,probe,0,0,1,1
20.0026,0.1359,1,200,probe_records,probe,0,0,1,1
20.0046,0.4844,0,503,probe_timetable,probe,0,0,1,1
20.0066,0.159,1,200,probe_payment,probe,0,0,1,1
20.0134,0.4777,0,503,transcript,load,0,0,1,1
20.0169,0.4779,0,503,transcript,load,0,0,1,1
20.0207,0.1443,1,200,transcript,load,0,0,1,1
20.0226,0.1426,1,200,transcript,load,0,0,1,1
20.0306,0.4585,0,503,timetable,load,0,0,1,1
20.0308,0.4608,0,503,timetable,load,0,0,1,1
20.0349,0.1502,1,200,student_read,load,0,0,1,1
20.0362,0.1668,1,200,balance,load,0,0,1,1
20.0369,1.766,1,200,balance,load,0,0,1,1
20.0385,3.6626,1,200,balance,load,0,0,1,1
20.0418,0.156,1,200,student_read,load,1,0,1,1
20.0519,3.6936,1,200,student_read,load,0,0,1,1
20.0519,0.1424,1,200,transcript,load,0,0,1,1
20.0625,0.1325,1,200,timetable,load,0,0,1,1
20.0852,0.1181,1,200,timetable,load,0,0,1,1
20.0857,0.1851,1,200,transcript,load,0,0,1,1
20.086,0.4746,0,503,timetable,load,0,0,1,1
20.0884,0.4717,0,503,transcript,load,0,0,1,1
20.0901,3.7214,1,200,student_read,load,0,0,1,1
20.096,1.4381,1,202,enroll,load,0,1,1,1
20.1054,0.133,1,200,student_read,load,1,0,1,1
20.1096,0.4528,0,503,transcript,load,0,0,1,1
20.1134,0.4471,0,503,timetable,load,0,0,1,1
20.1198,3.3779,1,200,student_read,load,0,0,1,1
20.1199,2.4694,1,200,student_read,load,1,0,1,1
20.1204,0.1056,1,200,timetable,load,0,0,1,1
20.1206,0.1056,1,200,timetable,load,0,0,1,1
20.1229,0.1462,1,200,balance,load,0,0,1,1
20.1233,2.1134,1,200,student_read,load,0,0,1,1
20.1242,0.1056,1,200,balance,load,0,0,1,1
20.1564,0.1255,1,200,student_read,load,0,0,1,1
20.165,3.4285,1,200,student_read,load,0,0,1,1
20.1652,0.4769,0,503,timetable,load,0,0,1,1
20.181,0.1248,1,200,payment,load,0,0,1,1
20.1814,0.0924,1,200,transcript,load,0,0,1,1
20.1851,1.5809,1,200,balance,load,0,0,1,1
20.1904,1.3955,1,202,payment,load,0,1,1,1
20.1906,0.056,1,200,timetable,load,0,0,1,1
20.1909,0.4475,0,503,timetable,load,0,0,1,1
20.1944,2.4812,1,200,student_read,load,1,0,1,1
20.1959,0.2044,1,200,payment,load,0,0,1,1
20.1978,3.4188,1,200,student_read,load,0,0,1,1
20.203,1.3336,1,202,payment,load,0,1,1,1
20.2033,1.8714,1,200,grade,load,0,0,1,1
20.2175,0.5219,0,503,transcript,load,0,0,1,1
20.2261,1.9985,1,200,student_read,load,0,0,1,1
20.2262,1.3824,1,200,balance,load,0,0,1,1
20.2298,0.0302,1,200,student_read,load,1,0,1,1
20.2384,0.0401,1,200,transcript,load,0,0,1,1
20.2467,2.4428,1,200,student_read,load,1,0,1,1
20.2601,0.6382,0,503,timetable,load,0,0,1,1
20.2649,0.0455,1,200,probe_student,probe,0,0,1,1
20.2665,0.4749,0,503,probe_records,probe,0,0,1,1
20.2683,0.105,1,200,probe_timetable,probe,0,0,1,1
20.2692,0.0755,1,200,payment,load,0,0,1,1
20.2707,2.5181,1,200,probe_payment,probe,0,0,1,1
20.2707,0.0991,1,200,transcript,load,0,0,1,1
20.2718,1.3125,1,202,payment,load,0,1,1,1
20.2738,2.6607,1,200,student_read,load,0,0,1,1
20.2785,0.0325,1,200,transcript,load,0,0,1,1
20.3058,0.0138,1,200,balance,load,0,0,1,1
20.306,2.9036,1,200,payment,load,0,0,1,1
20.311,1.7015,1,200,student_read,load,0,0,1,1
20.3196,1.7987,1,200,balance,load,0,0,1,1
20.3217,0.0435,1,200,transcript,load,0,0,1,1
20.3221,0.4948,0,503,transcript,load,0,0,1,1
20.3249,0.0587,1,200,timetable,load,0,0,1,1
20.3251,0.4926,0,503,timetable,load,0,0,1,1
20.3264,0.0576,1,200,student_read,load,0,0,1,1
20.3293,0.0788,1,200,balance,load,0,0,1,1
20.3296,0.0607,1,200,transcript,load,0,0,1,1
20.3299,3.383,1,200,student_read,load,0,0,1,1
20.3447,1.7394,1,200,balance,load,0,0,1,1
20.3569,0.0555,1,200,student_read,load,0,0,1,1
20.3651,3.0902,1,200,balance,load,0,0,1,1
20.3699,2.5633,1,202,grade,load,0,1,1,1
20.3758,0.0594,1,200,timetable,load,0,0,1,1
20.3837,0.5366,0,503,timetable,load,0,0,1,1
20.384,0.0475,1,200,balance,load,0,0,1,1
20.3904,0.041,1,200,transcript,load,0,0,1,1
20.4003,1.3433,1,202,enroll,load,0,1,1,1
20.4044,1.3322,1,202,payment,load,0,1,1,1
20.4046,3.4679,1,200,enroll,load,0,0,1,1
20.4081,2.0319,1,200,student_read,load,1,0,1,1
20.4086,0.5079,0,503,timetable,load,0,0,1,1
20.4118,2.3175,1,200,student_read,load,1,0,1,1
20.4236,0.0315,1,200,balance,load,0,0,1,1
20.425,3.4321,1,202,enroll,load,0,1,1,1
20.4276,2.8655,1,200,payment,load,0,0,1,1
20.4314,0.0644,1,200,transcript,load,0,0,1,1
20.4316,0.0332,1,200,balance,load,0,0,1,1
20.4353,0.0303,1,200,student_read,load,0,0,1,1
20.4551,1.7487,1,200,balance,load,0,0,1,1
20.4649,2.7023,1,202,payment,load,0,1,1,1
20.4653,1.2784,1,202,enroll,load,0,1,1,1
20.4655,0.0294,1,200,transcript,load,0,0,1,1
20.4874,1.2884,1,200,student_read,load,0,0,1,1
20.4877,0.0941,1,200,transcript,load,0,0,1,1
20.4877,0.0937,1,200,timetable,load,0,0,1,1
20.4892,3.2054,1,200,student_read,load,0,0,1,1
20.4917,0.0538,1,200,student_read,load,0,0,1,1
20.4922,0.5139,0,503,transcript,load,0,0,1,1
20.4923,2.8012,1,202,enroll,load,0,1,1,1
20.4948,1.4047,1,202,grade,load,0,1,1,1
20.4949,0.0832,1,200,student_read,load,0,0,1,1
20.4949,0.0831,1,200,student_read,load,0,0,1,1
20.4958,3.392,1,200,enroll,load,0,0,1,1
20.5113,1.4126,1,200,probe_student,probe,0,0,1,1
20.5134,0.0897,1,200,probe_records,probe,0,0,1,1
20.5152,0.5735,0,503,probe_timetable,probe,0,0,1,1
20.517,0.083,1,200,probe_payment,probe,0,0,1,1
20.5189,1.4066,1,200,balance,load,0,0,1,1
20.5434,3.3393,1,200,student_read,load,0,0,1,1
20.5455,1.3514,1,202,grade,load,0,1,1,1
20.5477,2.7584,1,200,balance,load,0,0,1,1
20.548,0.5402,0,503,timetable,load,0,0,1,1
20.5579,0.0577,1,200,transcript,load,0,0,1,1
20.5602,3.6184,1,202,payment,load,0,1,1,1
20.5605,0.6205,1,200,payment,load,0,0,1,1
20.5606,0.105,1,200,timetable,load,0,0,1,1
20.5781,3.4754,1,202,payment,load,0,1,1,1
20.5781,0.5107,0,503,timetable,load,0,0,1,1
20.5815,0.0481,1,200,timetable,load,0,0,1,1
20.5818,0.0465,1,200,student_read,load,0,0,1,1
20.5899,0.0399,1,200,balance,load,0,0,1,1
20.6056,2.8507,1,202,payment,load,0,1,1,1
20.6068,0.0638,1,200,transcript,load,0,0,1,1
20.6264,0.5454,0,503,balance,load,0,0,1,1
20.6284,0.5439,0,503,balance,load,0,0,1,1
20.6296,0.542,0,503,balance,load,0,0,1,1
20.6298,0.0242,1,200,timetable,load,0,0,1,1
20.6378,0.0334,1,200,balance,load,0,0,1,1
20.6378,1.3784,1,200,grade,load,0,0,1,1
20.6384,0.5337,0,503,timetable,load,0,0,1,1
20.6421,1.3284,1,202,payment,load,0,1,1,1
20.654,0.5219,0,503,enroll,load,0,0,1,1
20.6656,0.027,1,200,student_read,load,0,0,1,1
20.667,0.0218,1,200,transcript,load,0,0,1,1
20.6706,0.5052,0,503,student_read,load,0,0,1,1
20.6713,4.1585,1,202,payment,load,0,1,1,1
20.6926,0.0548,1,200,grade,load,0,0,1,1
20.7131,1.8999,1,200,balance,load,0,0,1,1
20.7166,1.3281,1,202,payment,load,0,1,1,1
20.7186,0.5226,0,503,timetable,load,0,0,1,1
20.7222,2.8088,1,202,payment,load,0,1,1,1
20.7475,0.053,1,200,payment,load,0,0,1,1
20.7594,0.0636,1,200,probe_student,probe,0,0,1,1
20.7611,0.5556,0,503,probe_records,probe,0,0,1,1
20.763,0.0634,1,200,probe_timetable,probe,0,0,1,1
20.7647,2.1045,1,200,probe_payment,probe,0,0,1,1
20.7664,1.2829,1,202,grade,load,0,1,1,1
20.7958,0.026,1,200,student_read,load,0,0,1,1
20.7966,0.5202,0,503,transcript,load,0,0,1,1
20.8005,0.0789,1,200,payment,load,0,0,1,1
20.8062,2.5545,1,200,balance,load,0,0,1,1
20.8086,1.27,1,202,enroll,load,0,1,1,1
20.8169,3.5236,1,202,payment,load,0,1,1,1
20.8177,0.4991,0,503,balance,load,0,0,1,1
20.8218,0.0241,1,200,timetable,load,0,0,1,1
20.8284,0.021,1,200,timetable,load,0,0,1,1
20.8361,0.4814,0,503,student_read,load,0,0,1,1
20.846,0.474,0,503,enroll,load,0,0,1,1
20.8494,0.0449,1,200,transcript,load,0,0,1,1
20.8693,0.0163,1,200,transcript,load,0,0,1,1
20.8794,0.5079,0,503,timetable,load,0,0,1,1
20.8944,0.4966,0,503,transcript,load,0,0,1,1
20.8983,0.0139,1,200,student_read,load,0,0,1,1
20.9052,0.4821,0,503,transcript,load,0,0,1,1
20.9122,0.0247,1,200,timetable,load,0,0,1,1
20.9155,1.2707,1,202,enroll,load,0,1,1,1
20.9157,0.0382,1,200,transcript,load,0,0,1,1
20.9158,0.4752,0,503,timetable,load,0,0,1,1
20.9165,0.4711,0,503,balance,load,0,0,1,1
20.9194,0.0808,1,200,transcript,load,0,0,1,1
20.9203,0.4705,0,503,student_read,load,0,0,1,1
20.9369,0.5081,0,503,transcript,load,0,0,1,1
20.9539,0.051,1,200,balance,load,0,0,1,1
20.9618,0.0644,1,200,payment,load,0,0,1,1
20.9856,0.0265,1,200,timetable,load,0,0,1,1
21.0002,0.044,1,200,timetable,load,0,0,1,1
21.005,2.4507,1,202,enroll,load,0,1,1,1
21.005,0.4407,0,503,probe_student,probe,0,0,1,1
21.0061,1.7143,1,200,balance,load,0,0,1,1
21.0071,0.1126,1,200,probe_records,probe,0,0,1,1
21.0094,0.4388,0,503,probe_timetable,probe,0,0,1,1
21.011,0.1057,1,200,probe_payment,probe,0,0,1,1
21.0121,1.5328,1,202,payment,load,0,1,1,1
21.013,0.4362,0,503,transcript,load,0,0,1,1
21.0134,0.1193,1,200,grade,load,0,0,1,1
21.0365,0.4645,0,503,transcript,load,0,0,1,1
21.0441,0.4603,0,503,timetable,load,0,0,1,1
21.055,0.0664,1,200,transcript,load,0,0,1,1
21.0726,0.4284,0,503,transcript,load,0,0,1,1
21.0727,0.0556,1,200,grade,load,0,0,1,1
21.0735,0.4277,0,503,transcript,load,0,0,1,1
21.0763,0.0525,1,200,timetable,load,0,0,1,1
21.0809,0.4229,0,503,timetable,load,0,0,1,1
21.0882,0.0488,1,200,balance,load,0,0,1,1
21.0888,0.0527,1,200,transcript,load,0,0,1,1
21.1124,2.3987,1,200,enroll,load,0,0,1,1
21.1283,1.3769,1,200,grade,load,0,0,1,1
21.1288,2.3569,1,200,payment,load,0,0,1,1
21.1328,0.4302,0,503,timetable,load,0,0,1,1
21.1371,0.2207,1,200,enroll,load,0,0,1,1
21.1416,1.4087,1,202,payment,load,0,1,1,1
21.158,0.0399,1,200,timetable,load,0,0,1,1
21.1595,0.0304,1,202,payment,load,0,1,1,1
21.1613,2.1026,1,200,balance,load,0,0,1,1
21.1643,1.3885,1,202,payment,load,0,1,1,1
21.1716,1.5665,1,200,balance,load,0,0,1,1
21.1718,0.0473,1,200,transcript,load,0,0,1,1
21.1721,0.3938,0,503,timetable,load,0,0,1,1
21.1723,2.5288,1,202,payment,load,0,1,1,1
21.1759,0.0952,1,200,payment,load,0,0,1,1
21.1759,2.5672,1,200,payment,load,0,0,1,1
21.1811,1.3675,1,202,payment,load,0,1,1,1
21.19,0.0262,1,200,timetable,load,0,0,1,1
21.2056,1.3015,1,200,student_read,load,0,0,1,1
21.21,0.4287,0,503,transcript,load,0,0,1,1
21.2161,0.0143,1,200,student_read,load,0,0,1,1
21.2191,1.3732,1,202,enroll,load,0,1,1,1
21.2304,1.2237,1,200,balance,load,0,0,1,1
21.2335,0.4055,0,503,transcript,load,0,0,1,1
21.2369,1.3564,1,202,enroll,load,0,1,1,1
21.2412,1.6482,1,200,student_read,load,0,0,1,1
21.2578,0.076,1,200,probe_student,probe,0,0,1,1
21.2601,0.5777,0,503,probe_records,probe,0,0,1,1
21.2628,0.0491,1,200,probe_timetable,probe,0,0,1,1
21.2652,1.6668,1,200,probe_payment,probe,0,0,1,1
21.268,0.0448,1,200,timetable,load,0,0,1,1
21.2711,0.0793,1,200,timetable,load,0,0,1,1
21.3044,2.4666,1,202,grade,load,0,1,1,1
21.3056,0.406,0,503,transcript,load,0,0,1,1
21.3059,1.1999,1,200,grade,load,0,0,1,1
21.3091,1.039,1,200,enroll,load,0,0,1,1
21.3167,0.0293,1,200,student_read,load,0,0,1,1
21.3168,0.0408,1,200,balance,load,0,0,1,1
21.3174,1.1436,1,200,balance,load,0,0,1,1
21.32,0.3886,0,503,transcript,load,0,0,1,1
21.346,0.4308,0,503,timetable,load,0,0,1,1
21.3504,0.027,1,200,student_read,load,0,0,1,1
21.3517,0.4267,0,503,transcript,load,0,0,1,1
21.3526,0.1029,1,200,enroll,load,0,0,1,1
21.3533,1.523,1,200,student_read,load,0,0,1,1
21.3576,0.0705,1,200,balance,load,0,0,1,1
21.3578,0.0739,1,200,timetable,load,0,0,1,1
21.3667,0.0616,1,200,student_read,load,0,0,1,1
21.3774,0.6931,0,503,transcript,load,0,0,1,1
21.387,0.3895,0,503,timetable,load,0,0,1,1
21.3873,0.0211,1,200,balance,load,0,0,1,1
21.3873,2.1852,1,200,enroll,load,0,0,1,1
21.3908,1.4327,1,200,student_read,load,0,0,1,1
21.391,0.0206,1,200,student_read,load,0,0,1,1
21.3911,0.0243,1,200,transcript,load,0,0,1,1
21.4084,0.0272,1,200,student_read,load,0,0,1,1
21.4116,2.3039,1,200,balance,load,0,0,1,1
21.4154,3.0747,1,202,payment,load,0,1,1,1
21.4154,1.374,1,200,student_read,load,0,0,1,1
21.4281,1.2718,1,202,payment,load,0,1,1,1
21.4317,1.7353,1,200,student_read,load,0,0,1,1
21.4356,0.1197,1,200,grade,load,0,0,1,1
21.4451,1.9136,1,200,payment,load,0,0,1,1
21.4451,0.0461,1,200,payment,load,0,0,1,1
21.4555,0.0171,1,200,timetable,load,0,0,1,1
21.4602,0.0166,1,200,student_read,load,0,0,1,1
21.4727,2.6278,1,202,enroll,load,0,1,1,1
21.4803,0.0168,1,200,transcript,load,0,0,1,1
21.4912,0.4514,0,503,transcript,load,0,0,1,1
21.4936,0.4465,0,503,transcript,load,0,0,1,1
21.497,0.0368,1,200,transcript,load,0,0,1,1
21.4971,1.1555,1,200,student_read,load,0,0,1,1
21.5009,0.0495,1,200,transcript,load,0,0,1,1
21.501,0.0492,1,200,student_read,load,0,0,1,1
21.5011,3.6782,1,202,payment,load,0,1,1,1
21.5011,0.0328,1,200,student_read,load,0,0,1,1
21.5038,1.4765,1,200,balance,load,0,0,1,1
21.5044,0.4356,0,503,transcript,load,0,0,1,1
21.5069,1.7724,1,200,probe_student,probe,0,0,1,1
21.5087,0.0776,1,200,probe_records,probe,0,0,1,1
21.5105,0.5152,0,503,probe_timetable,probe,0,0,1,1
21.5123,0.0689,1,200,probe_payment,probe,0,0,1,1
21.5141,1.5295,1,200,enroll,load,0,0,1,1
21.5338,0.0651,1,200,transcript,load,0,0,1,1
21.5339,1.3988,1,200,grade,load,0,0,1,1
21.5341,0.136,1,200,enroll,load,0,0,1,1
21.5366,0.4894,0,503,transcript,load,0,0,1,1
21.5503,2.2486,1,200,payment,load,0,0,1,1
21.5505,0.0533,1,200,balance,load,0,0,1,1
21.5552,0.4713,0,503,transcript,load,0,0,1,1
21.5553,0.0928,1,200,payment,load,0,0,1,1
21.5591,0.1005,1,200,transcript,load,0,0,1,1
21.5592,1.3146,1,200,balance,load,0,0,1,1
21.5594,0.1595,1,200,payment,load,0,0,1,1
21.5595,1.3276,1,202,payment,load,0,1,1,1
21.5629,1.8636,1,200,payment,load,0,0,1,1
21.5629,0.089,1,200,student_read,load,0,0,1,1
21.5659,2.1917,1,200,enroll,load,0,0,1,1
21.5859,0.041,1,200,student_read,load,0,0,1,1
21.5989,0.0316,1,200,student_read,load,0,0,1,1
21.6038,2.1541,1,200,enroll,load,0,0,1,1
21.6146,0.4835,0,503,transcript,load,0,0,1,1
21.627,0.0212,1,200,student_read,load,0,0,1,1
21.6482,2.5307,1,202,enroll,load,0,1,1,1
21.6614,0.0225,1,200,student_read,load,0,0,1,1
21.7075,0.4392,0,503,timetable,load,0,0,1,1
21.755,0.0266,1,200,probe_student,probe,1,0,1,1
21.757,0.4477,0,503,probe_records,probe,0,0,1,1
21.759,0.0391,1,200,probe_timetable,probe,0,0,1,1
21.7609,1.8667,1,200,probe_payment,probe,0,0,1,1
21.7624,0.5658,1,200,payment,load,0,0,1,1
21.8123,1.3266,1,200,balance,load,0,0,1,1
21.8645,0.0182,1,200,transcript,load,0,0,1,1
21.9065,0.4195,0,503,transcript,load,0,0,1,1
21.9576,0.0182,1,200,transcript,load,0,0,1,1
22.0044,1.0713,1,200,probe_student,probe,0,0,1,1
22.0055,0.0417,1,200,probe_records,probe,0,0,1,1
22.0071,0.3904,0,503,probe_timetable,probe,0,0,1,1
22.0089,0.0422,1,200,probe_payment,probe,0,0,1,1
22.0106,1.2774,1,200,student_read,load,0,0,1,1
22.0657,0.0235,1,200,student_read,load,0,0,1,1
22.1124,1.181,1,200,enroll,load,0,0,1,1
22.158,1.3318,1,202,grade,load,0,1,1,1
22.2049,2.1235,1,202,payment,load,0,1,1,1
22.2538,0.0303,1,200,probe_student,probe,1,0,1,1
22.2553,0.36,0,503,probe_records,probe,0,0,1,1
22.2574,0.0388,1,200,probe_timetable,probe,0,0,1,1
22.2585,1.1962,1,200,probe_payment,probe,0,0,1,1
22.2675,0.0277,1,200,student_read,load,0,0,1,1
22.3157,0.3412,0,503,transcript,load,0,0,1,1
22.3613,0.9975,1,200,enroll,load,0,0,1,1
22.4081,0.3353,0,503,timetable,load,0,0,1,1
22.4693,1.3561,1,202,grade,load,0,1,1,1
22.5004,0.8543,1,200,probe_student,probe,0,0,1,1
22.5021,0.0352,1,200,probe_records,probe,0,0,1,1
22.504,0.3236,0,503,probe_timetable,probe,0,0,1,1
22.5064,0.0421,1,200,probe_payment,probe,0,0,1,1
22.5135,0.8134,1,200,enroll,load,0,0,1,1
22.564,0.0206,1,200,transcript,load,0,0,1,1
22.6093,1.3442,1,200,payment,load,0,0,1,1
22.6569,1.3163,1,202,enroll,load,0,1,1,1
22.7062,0.2271,0,503,transcript,load,0,0,1,1
22.765,0.0445,1,200,probe_student,probe,0,0,1,1
22.7663,0.2217,0,503,probe_records,probe,0,0,1,1
22.768,0.0664,1,200,probe_timetable,probe,0,0,1,1
22.7704,0.7273,1,200,probe_payment,probe,0,0,1,1
22.7723,1.3019,1,202,payment,load,0,1,1,1
22.8059,1.0605,1,200,enroll,load,0,0,1,1
22.8581,0.0232,1,200,student_read,load,0,0,1,1
22.9044,1.1249,1,200,payment,load,0,0,1,1
22.9625,0.0273,1,200,balance,load,0,0,1,1
23.0136,0.543,1,200,probe_student,probe,0,0,1,1
23.0153,0.0356,1,200,probe_records,probe,0,0,1,1
23.0171,0.2176,0,503,probe_timetable,probe,0,0,1,1
23.0192,0.0342,1,200,probe_payment,probe,0,0,1,1
23.0216,0.7628,1,200,student_read,load,0,0,1,1
23.0596,0.3697,1,200,payment,load,0,0,1,1
23.1062,0.4911,1,200,student_read,load,0,0,1,1
23.1654,0.1597,1,200,enroll,load,0,0,1,1
23.2097,0.4765,1,200,transcript,load,0,0,1,1
23.2614,0.0625,1,200,probe_student,probe,0,0,1,1
23.2629,0.438,1,200,probe_records,probe,0,0,1,1
23.2644,0.0796,1,200,probe_timetable,probe,0,0,1,1
23.2663,0.4914,1,200,probe_payment,probe,0,0,1,1
23.2675,0.0782,1,200,grade,load,0,0,1,1
23.3077,0.5374,1,200,payment,load,0,0,1,1
23.356,0.0304,1,200,grade,load,0,0,1,1
23.4156,0.3703,1,200,grade,load,0,0,1,1
23.4565,0.0278,1,200,balance,load,0,0,1,1
23.5112,0.2939,1,200,probe_student,probe,0,0,1,1
23.5126,0.0316,1,200,probe_records,probe,0,0,1,1
23.5143,0.3585,1,200,probe_timetable,probe,0,0,1,1
23.5163,0.03,1,200,probe_payment,probe,0,0,1,1
23.5183,0.2809,1,200,transcript,load,0,0,1,1
23.5567,0.3661,1,200,grade,load,0,0,1,1
23.6083,0.2395,1,200,balance,load,0,0,1,1
23.6637,0.0204,1,200,enroll,load,0,0,1,1
23.71,0.1806,1,200,timetable,load,0,0,1,1
23.7577,0.0608,1,200,probe_student,probe,0,0,1,1
23.7599,0.1271,1,200,probe_records,probe,0,0,1,1
23.762,0.0608,1,200,probe_timetable,probe,0,0,1,1
23.7642,0.1204,1,200,probe_payment,probe,0,0,1,1
23.7664,0.0481,1,200,balance,load,0,0,1,1
23.8052,0.0894,1,200,balance,load,0,0,1,1
23.861,0.0309,1,200,timetable,load,0,0,1,1
23.9113,0.0151,1,200,balance,load,0,0,1,1
23.959,0.0919,1,200,payment,load,0,0,1,1
24.005,0.0494,1,200,probe_student,probe,0,0,1,1
24.0075,0.0549,1,200,probe_records,probe,0,0,1,1
24.0101,0.0593,1,200,probe_timetable,probe,0,0,1,1
24.0128,0.0549,1,200,probe_payment,probe,0,0,1,1
24.0156,0.0553,1,200,timetable,load,0,0,1,1
24.0546,0.4189,1,200,payment,load,0,0,1,1
24.1136,0.0557,1,200,balance,load,0,0,1,1
24.1601,1.2622,1,200,payment,load,0,0,1,1
24.2058,0.074,1,200,student_read,load,0,0,1,1
24.2527,0.0339,1,200,probe_student,probe,0,0,1,1
24.2547,0.224,1,200,probe_records,probe,0,0,1,1
24.2573,0.2359,1,200,probe_timetable,probe,0,0,1,1
24.2595,0.03,1,200,probe_payment,probe,1,0,1,1
24.2677,0.2319,1,200,transcript,load,0,0,1,1
24.3148,0.0863,1,200,balance,load,0,0,1,1
24.362,0.1341,1,200,transcript,load,0,0,1,1
24.4095,0.0738,1,200,transcript,load,0,0,1,1
24.4559,0.0309,1,200,student_read,load,0,0,1,1
24.4998,0.0615,1,200,probe_student,probe,0,0,1,1
24.5029,0.032,1,200,probe_records,probe,0,0,1,1
24.5063,0.0579,1,200,probe_timetable,probe,0,0,1,1
24.5091,0.0305,1,200,probe_payment,probe,0,0,1,1
24.5175,0.0545,1,202,payment,load,0,1,1,1
24.5554,0.0625,1,200,balance,load,0,0,1,1
24.6112,0.0404,1,200,transcript,load,0,0,1,1
24.657,0.0157,1,200,student_read,load,0,0,1,1
24.7182,0.3829,1,200,enroll,load,0,0,1,1
24.7503,0.0743,1,200,probe_student,probe,0,0,1,1
24.7526,0.029,1,200,probe_records,probe,0,0,1,1
24.755,0.0713,1,200,probe_timetable,probe,0,0,1,1
24.7572,0.0635,1,200,probe_payment,probe,0,0,1,1
24.765,0.0641,1,200,enroll,load,0,0,1,1
24.8121,0.0397,1,200,timetable,load,0,0,1,1
24.8594,0.2262,1,200,timetable,load,0,0,1,1
24.9056,0.2239,1,200,payment,load,0,0,1,1
24.9667,0.0739,1,200,student_read,load,0,0,1,1
25.0123,0.087,1,200,probe_student,probe,0,0,1,1
25.0149,0.0775,1,200,probe_records,probe,0,0,1,1
25.0177,0.0949,1,200,probe_timetable,probe,0,0,1,1
25.0201,0.0706,1,200,probe_payment,probe,0,0,1,1
25.0227,0.0511,1,200,payment,load,0,0,1,1
25.0599,0.018,1,200,transcript,load,0,0,1,1
25.1065,0.0583,1,200,payment,load,0,0,1,1
25.1615,0.0327,1,200,enroll,load,0,0,1,1
25.2152,0.0727,1,200,timetable,load,0,0,1,1
25.2616,0.0294,1,200,probe_student,probe,0,0,1,1
25.2645,0.0533,1,200,probe_records,probe,0,0,1,1
25.2672,0.0478,1,200,probe_timetable,probe,0,0,1,1
25.269,0.0309,1,200,probe_payment,probe,0,0,1,1
25.2713,0.1253,1,200,grade,load,0,0,1,1
25.3078,0.086,1,200,student_read,load,0,0,1,1
25.3692,0.0174,1,200,transcript,load,0,0,1,1
25.4154,0.0179,1,200,timetable,load,0,0,1,1
25.4615,0.0396,1,200,balance,load,0,0,1,1
25.5013,0.027,1,200,probe_student,probe,0,0,1,1
25.5039,0.046,1,200,probe_records,probe,0,0,1,1
25.5059,0.042,1,200,probe_timetable,probe,0,0,1,1
25.5078,0.0274,1,200,probe_payment,probe,0,0,1,1
25.5163,0.0257,1,200,student_read,load,0,0,1,1
25.5707,0.0711,1,200,transcript,load,0,0,1,1
25.6179,1.0523,1,200,grade,load,0,0,1,1
25.6635,0.0536,1,200,timetable,load,0,0,1,1
25.7104,0.0723,1,200,balance,load,0,0,1,1
25.7566,0.0378,1,200,probe_student,probe,0,0,1,1
25.7587,0.1337,1,200,probe_records,probe,0,0,1,1
25.7611,0.1251,1,200,probe_timetable,probe,0,0,1,1
25.7636,0.1263,1,200,probe_payment,probe,0,0,1,1
25.7657,0.1492,1,200,transcript,load,0,0,1,1
25.8171,0.8257,1,200,payment,load,0,0,1,1
25.8626,0.0149,1,200,student_read,load,0,0,1,1
25.9094,0.3767,1,200,grade,load,0,0,1,1
25.9564,0.0713,1,200,transcript,load,0,0,1,1
26.003,0.0425,1,200,probe_student,probe,0,0,1,1
26.0052,0.0853,1,200,probe_records,probe,0,0,1,1
26.0071,0.0394,1,200,probe_timetable,probe,0,0,1,1
26.0114,0.0312,1,200,probe_payment,probe,0,0,1,1
26.0181,0.0216,1,200,student_read,load,0,0,1,1
26.0655,0.0265,1,200,student_read,load,0,0,1,1
26.1129,0.0856,1,200,balance,load,0,0,1,1
26.1604,0.0401,1,200,payment,load,0,0,1,1
26.2087,0.0388,1,200,balance,load,0,0,1,1
26.2558,0.0334,1,200,probe_student,probe,0,0,1,1
26.2582,0.035,1,200,probe_records,probe,0,0,1,1
26.2608,0.0947,1,200,probe_timetable,probe,0,0,1,1
26.2633,0.0319,1,200,probe_payment,probe,0,0,1,1
26.2661,0.1682,1,200,payment,load,0,0,1,1
26.3175,0.2858,1,200,payment,load,0,0,1,1
26.3556,1.2747,1,200,grade,load,0,0,1,1
26.4092,0.0431,1,200,grade,load,0,0,1,1
26.455,0.0134,1,200,student_read,load,0,0,1,1
26.5014,0.0229,1,200,probe_student,probe,0,0,1,1
26.5036,0.0704,1,200,probe_records,probe,0,0,1,1
26.5055,0.0514,1,200,probe_timetable,probe,0,0,1,1
26.5077,0.0222,1,200,probe_payment,probe,0,0,1,1
26.5148,0.0274,1,200,enroll,load,0,0,1,1
26.5571,0.0191,1,200,student_read,load,0,0,1,1
26.6094,0.0388,1,200,student_read,load,0,0,1,1
26.6563,0.032,1,200,enroll,load,0,0,1,1
26.7182,0.073,1,200,student_read,load,0,0,1,1
26.7648,0.0418,1,200,probe_student,probe,0,0,1,1
26.7671,0.0733,1,200,probe_records,probe,0,0,1,1
26.7695,0.0347,1,200,probe_timetable,probe,0,0,1,1
26.7718,0.0664,1,200,probe_payment,probe,0,0,1,1
26.7741,0.0605,1,200,transcript,load,0,0,1,1
26.8068,0.0205,1,200,enroll,load,0,0,1,1
26.8594,0.055,1,200,timetable,load,0,0,1,1
26.9062,0.0156,1,200,student_read,load,0,0,1,1
26.9671,0.046,1,200,student_read,load,0,0,1,1
27.0029,0.0283,1,200,probe_student,probe,0,0,1,1
27.0056,0.1142,1,200,probe_records,probe,0,0,1,1
27.0081,0.108,1,200,probe_timetable,probe,0,0,1,1
27.0101,0.058,1,200,probe_payment,probe,0,0,1,1
27.0174,0.0245,1,200,student_read,load,0,0,1,1
27.0603,0.0579,1,200,student_read,load,0,0,1,1
27.1058,0.055,1,200,student_read,load,0,0,1,1
27.1573,0.2545,1,200,payment,load,0,0,1,1
27.2156,0.7747,1,200,grade,load,0,0,1,1
27.2611,0.1189,1,200,probe_student,probe,0,0,1,1
27.2643,0.1323,1,200,probe_records,probe,0,0,1,1
27.2665,0.1238,1,200,probe_timetable,probe,0,0,1,1
27.2687,0.105,1,200,probe_payment,probe,0,0,1,1
27.2719,0.1047,1,200,student_read,load,0,0,1,1
27.3066,0.0912,1,200,transcript,load,0,0,1,1
27.3679,1.093,1,200,payment,load,0,0,1,1
27.4066,0.1087,1,200,enroll,load,0,0,1,1
27.4606,0.0166,1,200,transcript,load,0,0,1,1
27.5035,0.075,1,200,probe_student,probe,0,0,1,1
27.5051,0.0798,1,200,probe_records,probe,0,0,1,1
27.5068,0.0747,1,200,probe_timetable,probe,0,0,1,1
27.5095,0.0262,1,200,probe_payment,probe,0,0,1,1
27.5201,0.0229,1,200,student_read,load,0,0,1,1
27.5699,0.5365,1,200,payment,load,0,0,1,1
27.6166,0.0149,1,200,student_read,load,0,0,1,1
27.6636,0.1148,1,200,transcript,load,0,0,1,1
27.7105,0.0159,1,200,balance,load,0,0,1,1
27.7583,0.1135,1,200,probe_student,probe,0,0,1,1
27.7605,0.2213,1,200,probe_records,probe,0,0,1,1
27.7631,0.2217,1,200,probe_timetable,probe,0,0,1,1
27.7652,0.1122,1,200,probe_payment,probe,0,0,1,1
27.7675,0.2191,1,200,transcript,load,0,0,1,1
27.8053,0.0746,1,200,student_read,load,0,0,1,1
27.867,0.1219,1,200,timetable,load,0,0,1,1
27.9135,0.0195,1,200,transcript,load,0,0,1,1
27.9598,0.0167,1,200,enroll,load,0,0,1,1
28.007,0.0806,1,200,probe_student,probe,0,0,1,1
28.0093,0.0798,1,200,probe_records,probe,0,0,1,1
28.0115,0.1,1,200,probe_timetable,probe,0,0,1,1
28.0137,0.0684,1,200,probe_payment,probe,0,0,1,1
28.0165,0.0683,1,200,balance,load,0,0,1,1
28.0544,0.0254,1,200,balance,load,0,0,1,1
28.1066,1.4647,1,202,payment,load,0,1,1,1
28.1637,0.1521,1,200,payment,load,0,0,1,1
28.2104,0.0677,1,200,payment,load,0,0,1,1
28.2578,0.0422,1,200,probe_student,probe,0,0,1,1
28.2596,0.0379,1,200,probe_records,probe,0,0,1,1
28.261,0.1117,1,200,probe_timetable,probe,0,0,1,1
28.2652,0.0304,1,200,probe_payment,probe,0,0,1,1
28.2668,0.0634,1,200,balance,load,0,0,1,1
28.3112,0.0634,1,200,transcript,load,0,0,1,1
28.3677,0.1045,1,200,grade,load,0,0,1,1
28.4148,0.1778,1,200,payment,load,0,0,1,1
28.4577,0.0165,1,200,transcript,load,0,0,1,1
28.5082,0.0274,1,200,probe_student,probe,0,0,1,1
28.5102,0.0682,1,200,probe_records,probe,0,0,1,1
28.5119,0.034,1,200,probe_timetable,probe,0,0,1,1
28.5137,0.0191,1,200,probe_payment,probe,0,0,1,1
28.5154,0.0599,1,200,transcript,load,0,0,1,1
28.5692,0.0394,1,200,transcript,load,0,0,1,1
28.6052,0.0511,1,200,transcript,load,0,0,1,1
28.6564,0.1651,1,200,transcript,load,0,0,1,1
28.7065,0.0171,1,200,transcript,load,0,0,1,1
28.7527,0.0187,1,200,probe_student,probe,0,0,1,1
28.7546,0.0995,1,200,probe_records,probe,0,0,1,1
28.7564,0.1091,1,200,probe_timetable,probe,0,0,1,1
28.7581,0.0202,1,200,probe_payment,probe,0,0,1,1
28.7647,0.2625,1,200,enroll,load,0,0,1,1
28.8157,0.0422,1,200,enroll,load,0,0,1,1
28.8554,0.1067,1,200,student_read,load,0,0,1,1
28.9089,0.1204,1,200,transcript,load,0,0,1,1
28.958,0.0683,1,200,timetable,load,0,0,1,1
29.0013,0.0363,1,200,probe_student,probe,0,0,1,1
29.0117,0.0279,1,200,probe_records,probe,0,0,1,1
29.0156,0.0711,1,200,probe_timetable,probe,0,0,1,1
29.0169,0.025,1,200,probe_payment,probe,0,0,1,1
