t_rel,latency_s,ok,status,op,kind,degraded,queued,attempt,gw_attempts
0.0002,0.0177,1,200,probe_student,probe,0,0,1,1
0.0011,0.0297,1,200,probe_records,probe,0,0,1,1
0.0019,0.0317,1,200,probe_timetable,probe,0,0,1,1
0.0028,0.0417,1,200,probe_payment,probe,0,0,1,1
0.0038,0.0371,1,200,enroll,load,0,0,1,1
0.0559,0.0119,1,200,transcript,load,0,0,1,1
0.1029,0.0284,1,200,payment,load,0,0,1,1
0.1644,0.0104,1,200,balance,load,0,0,1,1
0.211,0.01,1,200,balance,load,0,0,1,1
0.2572,0.0182,1,200,probe_student,probe,0,0,1,1
0.2584,0.0292,1,200,probe_records,probe,0,0,1,1
0.2593,0.0322,1,200,probe_timetable,probe,0,0,1,1
0.2603,0.0325,1,200,probe_payment,probe,0,0,1,1
0.2614,0.0282,1,200,balance,load,0,0,1,1
0.3051,0.0112,1,200,timetable,load,0,0,1,1
0.3516,0.0116,1,200,timetable,load,0,0,1,1
0.4135,0.0227,1,200,grade,load,0,0,1,1
0.4599,0.0133,1,200,timetable,load,0,0,1,1
0.5057,0.0182,1,200,probe_student,probe,0,0,1,1
0.5068,0.0277,1,200,probe_records,probe,0,0,1,1
0.5074,0.0286,1,200,probe_timetable,probe,0,0,1,1
0.5083,0.0294,1,200,probe_payment,probe,0,0,1,1
0.5092,0.0237,1,200,student_read,load,0,0,1,1
0.5527,0.0117,1,200,transcript,load,0,0,1,1
0.6138,0.0096,1,200,student_read,load,0,0,1,1
0.66,0.0097,1,200,student_read,load,0,0,1,1
0.7071,0.013,1,200,transcript,load,0,0,1,1
0.7539,0.0193,1,200,probe_student,probe,0,0,1,1
0.7549,0.0289,1,200,probe_records,probe,0,0,1,1
0.7558,0.0378,1,200,probe_timetable,probe,0,0,1,1
0.7567,0.0335,1,200,probe_payment,probe,0,0,1,1
0.7578,0.0237,1,200,balance,load,0,0,1,1
0.8016,0.0127,1,200,timetable,load,0,0,1,1
0.8646,0.0235,1,200,payment,load,0,0,1,1
0.9103,0.0102,1,200,balance,load,0,0,1,1
0.9571,0.0152,1,200,enroll,load,0,0,1,1
1.0038,0.0168,1,200,probe_student,probe,0,0,1,1
1.0051,0.0279,1,200,probe_records,probe,0,0,1,1
1.0062,0.0535,1,200,probe_timetable,probe,0,0,1,1
1.0071,0.0493,1,200,probe_payment,probe,0,0,1,1
1.0079,0.0372,1,200,payment,load,0,0,1,1
1.0506,0.0167,1,200,timetable,load,0,0,1,1
1.1131,0.0149,1,200,transcript,load,0,0,1,1
1.1597,0.0121,1,200,timetable,load,0,0,1,1
1.2063,0.0088,1,200,balance,load,0,0,1,1
1.2528,0.019,1,200,probe_student,probe,0,0,1,1
1.2541,0.0544,1,200,probe_records,probe,0,0,1,1
1.2551,0.0554,1,200,probe_timetable,probe,0,0,1,1
1.256,0.053,1,200,probe_payment,probe,0,0,1,1
1.2569,0.0311,1,200,enroll,load,0,0,1,1
1.3049,0.0198,1,200,enroll,load,0,0,1,1
1.3626,0.0131,1,200,transcript,load,0,0,1,1
1.4097,0.0241,1,200,payment,load,0,0,1,1
1.4557,0.0146,1,200,enroll,load,0,0,1,1
1.5021,0.0216,1,200,probe_student,probe,0,0,1,1
1.5034,0.0298,1,200,probe_records,probe,0,0,1,1
1.5045,0.0327,1,200,probe_timetable,probe,0,0,1,1
1.5057,0.0331,1,200,probe_payment,probe,0,0,1,1
1.5081,0.032,1,200,transcript,load,0,0,1,1
1.5642,0.0096,1,200,balance,load,0,0,1,1
1.6106,0.0086,1,200,balance,load,0,0,1,1
1.6572,0.0223,1,200,payment,load,0,0,1,1
1.7037,0.0119,1,200,transcript,load,0,0,1,1
1.7653,0.02,1,200,probe_student,probe,0,0,1,1
1.7665,0.0272,1,200,probe_records,probe,0,0,1,1
1.7676,0.0515,1,200,probe_timetable,probe,0,0,1,1
1.7689,0.0483,1,200,probe_payment,probe,0,0,1,1
1.7699,0.0387,1,200,grade,load,0,0,1,1
1.8063,0.0171,1,200,enroll,load,0,0,1,1
1.8581,0.0105,1,200,balance,load,0,0,1,1
1.9038,0.012,1,200,transcript,load,0,0,1,1
1.9515,0.0227,1,200,payment,load,0,0,1,1
2.0129,0.0206,1,200,probe_student,probe,0,0,1,1
2.0141,0.0325,1,200,probe_records,probe,0,0,1,1
2.0149,0.0345,1,200,probe_timetable,probe,0,0,1,1
2.0157,0.035,1,200,probe_payment,probe,0,0,1,1
2.017,0.031,1,200,transcript,load,0,0,1,1
2.0507,0.0138,1,200,enroll,load,0,0,1,1
2.1071,0.0231,1,200,payment,load,0,0,1,1
2.1535,0.0122,1,200,transcript,load,0,0,1,1
2.2154,0.0091,1,200,balance,load,0,0,1,1
2.2618,0.0208,1,200,probe_student,probe,0,0,1,1
2.2633,0.0296,1,200,probe_records,probe,0,0,1,1
2.2643,0.0305,1,200,probe_timetable,probe,0,0,1,1
2.2651,0.0314,1,200,probe_payment,probe,0,0,1,1
2.2663,0.025,1,200,enroll,load,0,0,1,1
2.3082,0.01,1,200,enroll,load,0,0,1,1
2.355,0.0269,1,200,payment,load,0,0,1,1
2.4014,0.0088,1,200,student_read,load,0,0,1,1
2.463,0.0118,1,200,transcript,load,0,0,1,1
2.5109,0.0183,1,200,probe_student,probe,0,0,1,1
2.5124,0.0264,1,200,probe_records,probe,0,0,1,1
2.5133,0.0488,1,200,probe_timetable,probe,0,0,1,1
2.5142,0.0271,1,200,probe_payment,probe,0,0,1,1
2.5152,0.0398,1,200,payment,load,0,0,1,1
2.5529,0.0119,1,200,enroll,load,0,0,1,1
2.6034,0.0086,1,200,balance,load,0,0,1,1
2.6646,0.0128,1,200,transcript,load,0,0,1,1
2.7114,0.0107,1,200,transcript,load,0,0,1,1
2.7594,0.0187,1,200,probe_student,probe,0,0,1,1
2.7609,0.0274,1,200,probe_records,probe,0,0,1,1
2.7619,0.0499,1,200,probe_timetable,probe,0,0,1,1
2.7628,0.0286,1,200,probe_payment,probe,0,0,1,1
2.7639,0.0402,1,200,payment,load,0,0,1,1
2.8021,0.0128,1,200,transcript,load,0,0,1,1
2.8544,0.019,1,200,grade,load,0,0,1,1
2.9153,0.0098,1,200,balance,load,0,0,1,1
2.9616,0.01,1,200,student_read,load,0,0,1,1
3.0085,0.0185,1,200,probe_student,probe,0,0,1,1
3.0103,0.028,1,200,probe_records,probe,0,0,1,1
3.0115,0.053,1,200,probe_timetable,probe,0,0,1,1
3.0126,0.0481,1,200,probe_payment,probe,0,0,1,1
3.0136,0.0373,1,200,payment,load,0,0,1,1
3.051,0.012,1,200,balance,load,0,0,1,1
3.103,0.0122,1,200,timetable,load,0,0,1,1
3.1503,0.0181,1,200,grade,load,0,0,1,1
3.2119,0.0148,1,200,enroll,load,0,0,1,1
3.2589,0.0163,1,200,probe_student,probe,0,0,1,1
3.2603,0.024,1,200,probe_records,probe,0,0,1,1
3.2613,0.0355,1,200,probe_timetable,probe,0,0,1,1
3.2622,0.0329,1,200,probe_payment,probe,0,0,1,1
3.2632,0.0249,1,200,enroll,load,0,0,1,1
3.3056,0.0089,1,200,student_read,load,0,0,1,1
3.3535,0.0095,1,200,student_read,load,0,0,1,1
3.4005,0.0116,1,200,timetable,load,0,0,1,1
3.4631,0.0108,1,200,enroll,load,0,0,1,1
3.5103,0.0195,1,200,probe_student,probe,0,0,1,1
3.5114,0.0321,1,200,probe_records,probe,0,0,1,1
3.5126,0.0358,1,200,probe_timetable,probe,0,0,1,1
3.5137,0.0326,1,200,probe_payment,probe,0,0,1,1
3.5158,0.0269,1,200,student_read,load,0,0,1,1
3.5566,0.0098,1,200,balance,load,0,0,1,1
3.6026,0.0229,1,200,payment,load,0,0,1,1
3.6507,0.0084,1,200,balance,load,0,0,1,1
3.7137,0.0214,1,200,payment,load,0,0,1,1
3.761,0.0196,1,200,probe_student,probe,0,0,1,1
3.7622,0.0281,1,200,probe_records,probe,0,0,1,1
3.7634,0.0346,1,200,probe_timetable,probe,0,0,1,1
3.7642,0.0345,1,200,probe_payment,probe,0,0,1,1
3.7653,0.03,1,200,transcript,load,0,0,1,1
3.8072,0.009,1,200,student_read,load,0,0,1,1
3.8543,0.013,1,200,transcript,load,0,0,1,1
3.9014,0.0113,1,200,student_read,load,0,0,1,1
3.9627,0.0125,1,200,student_read,load,0,0,1,1
4.0096,0.0236,1,200,probe_student,probe,0,0,1,1
4.0111,0.0367,1,200,probe_records,probe,0,0,1,1
4.0126,0.047,1,200,probe_timetable,probe,0,0,1,1
4.0137,0.0402,1,200,probe_payment,probe,0,0,1,1
4.0148,0.0354,1,200,timetable,load,0,0,1,1
4.0516,0.0164,1,200,timetable,load,0,0,1,1
4.103,0.0111,1,200,balance,load,0,0,1,1
4.1646,0.0152,1,200,enroll,load,0,0,1,1
4.2117,0.0115,1,200,timetable,load,0,0,1,1
4.2594,0.0203,1,200,probe_student,probe,0,0,1,1
4.2607,0.0285,1,200,probe_records,probe,0,0,1,1
4.2619,0.0314,1,200,probe_timetable,probe,0,0,1,1
4.2629,0.0315,1,200,probe_payment,probe,0,0,1,1
4.2638,0.0258,1,200,balance,load,0,0,1,1
4.3065,0.0142,1,200,timetable,load,0,0,1,1
4.3528,0.0113,1,200,balance,load,0,0,1,1
4.4149,0.0235,1,200,payment,load,0,0,1,1
4.4615,0.0123,1,200,timetable,load,0,0,1,1
4.5084,0.0212,1,200,probe_student,probe,0,0,1,1
4.51,0.0329,1,200,probe_records,probe,0,0,1,1
4.5111,0.0335,1,200,probe_timetable,probe,0,0,1,1
4.5128,0.0334,1,200,probe_payment,probe,0,0,1,1
4.5136,0.0286,1,200,balance,load,0,0,1,1
4.5549,0.0142,1,200,enroll,load,0,0,1,1
4.6017,0.0188,1,200,grade,load,0,0,1,1
4.6625,0.0102,1,200,student_read,load,0,0,1,1
4.7087,0.0236,1,200,payment,load,0,0,1,1
4.7551,0.0202,1,200,probe_student,probe,0,0,1,1
4.7568,0.0311,1,200,probe_records,probe,0,0,1,1
4.7578,0.0319,1,200,probe_timetable,probe,0,0,1,1
4.7587,0.0324,1,200,probe_payment,probe,0,0,1,1
4.7602,0.0254,1,200,balance,load,0,0,1,1
4.8024,0.0188,1,200,grade,load,0,0,1,1
4.8646,0.0092,1,200,student_read,load,0,0,1,1
4.9115,0.0153,1,200,enroll,load,0,0,1,1
4.9592,0.0095,1,200,student_read,load,0,0,1,1
5.0055,0.0179,1,200,probe_student,probe,0,0,1,1
5.0067,0.0261,1,200,probe_records,probe,0,0,1,1
5.0077,0.0321,1,200,probe_timetable,probe,0,0,1,1
5.0087,0.0272,1,200,probe_payment,probe,0,0,1,1
5.01,0.0276,1,200,transcript,load,0,0,1,1
5.0515,0.0098,1,200,student_read,load,0,0,1,1
5.1126,0.0122,1,200,transcript,load,0,0,1,1
5.1588,0.0137,1,200,transcript,load,0,0,1,1
5.2058,0.01,1,200,student_read,load,0,0,1,1
5.2519,0.0187,1,200,probe_student,probe,0,0,1,1
5.2535,0.0258,1,200,probe_records,probe,0,0,1,1
5.2546,0.0292,1,200,probe_timetable,probe,0,0,1,1
5.2557,0.0296,1,200,probe_payment,probe,0,0,1,1
5.2565,0.0251,1,200,balance,load,0,0,1,1
5.3134,0.01,1,200,student_read,load,0,0,1,1
5.3607,0.0087,1,200,balance,load,0,0,1,1
5.4063,0.0262,1,200,payment,load,0,0,1,1
5.4518,0.0142,1,200,enroll,load,0,0,1,1
5.5136,0.019,1,200,probe_student,probe,0,0,1,1
5.5147,0.0298,1,200,probe_records,probe,0,0,1,1
5.5156,0.0335,1,200,probe_timetable,probe,0,0,1,1
5.5168,0.031,1,200,probe_payment,probe,0,0,1,1
5.5191,0.027,1,200,transcript,load,0,0,1,1
5.5593,0.0188,1,200,grade,load,0,0,1,1
5.606,0.0118,1,200,transcript,load,0,0,1,1
5.6517,0.0089,1,200,student_read,load,0,0,1,1
5.7162,0.0144,1,200,transcript,load,0,0,1,1
5.7629,0.0193,1,200,probe_student,probe,0,0,1,1
5.764,0.0314,1,200,probe_records,probe,0,0,1,1
5.765,0.0373,1,200,probe_timetable,probe,0,0,1,1
5.7661,0.0318,1,200,probe_payment,probe,0,0,1,1
5.7673,0.0229,1,200,balance,load,0,0,1,1
5.8024,0.0244,1,200,payment,load,0,0,1,1
5.8555,0.0094,1,200,student_read,load,0,0,1,1
5.9041,0.0164,1,200,enroll,load,0,0,1,1
5.9653,0.0189,1,200,grade,load,0,0,1,1
6.0119,0.0243,1,200,probe_student,probe,0,0,1,1
6.0136,0.0333,1,200,probe_records,probe,0,0,1,1
6.0152,0.0349,1,200,probe_timetable,probe,0,0,1,1
6.0168,0.0363,1,200,probe_payment,probe,0,0,1,1
6.0184,0.0293,1,200,student_read,load,0,0,1,1
6.0509,0.0147,1,200,transcript,load,0,0,1,1
6.1053,0.0124,1,200,timetable,load,0,0,1,1
6.1517,0.0135,1,200,transcript,load,0,0,1,1
6.2138,0.0119,1,200,timetable,load,0,0,1,1
6.2602,0.0186,1,200,probe_student,probe,0,0,1,1
6.2613,0.0268,1,200,probe_records,probe,0,0,1,1
6.2624,0.0293,1,200,probe_timetable,probe,0,0,1,1
6.2634,0.0297,1,200,probe_payment,probe,0,0,1,1
6.2644,0.0217,1,200,student_read,load,0,0,1,1
6.3073,0.0117,1,200,transcript,load,0,0,1,1
6.3533,0.0116,1,200,transcript,load,0,0,1,1
6.4143,0.0128,1,200,timetable,load,0,0,1,1
6.4616,0.0108,1,200,timetable,load,0,0,1,1
6.4824,0.2969,1,200,payment,load,0,0,1,1
6.4915,0.7957,1,200,payment,load,0,0,1,1
6.4973,3.0166,1,200,payment,load,0,0,1,1
6.5066,3.0793,1,200,payment,load,0,0,1,1
6.5086,0.0176,1,200,probe_student,probe,0,0,1,1
6.5097,0.0257,1,200,probe_records,probe,0,0,1,1
6.5105,0.0583,1,200,probe_timetable,probe,0,0,1,1
6.5107,0.8244,1,200,payment,load,0,0,1,1
6.5115,0.0544,1,200,probe_payment,probe,0,0,1,1
6.5118,0.2486,1,200,timetable,load,0,0,1,1
6.5125,0.0478,1,200,payment,load,0,0,1,1
6.5129,0.6821,1,200,timetable,load,0,0,1,1
6.5136,0.7472,1,200,timetable,load,0,0,1,1
6.5144,0.5249,1,200,timetable,load,0,0,1,1
6.5151,0.5739,1,200,payment,load,0,0,1,1
6.5152,0.2708,1,200,transcript,load,0,0,1,1
6.5162,0.3626,1,200,timetable,load,0,0,1,1
6.5169,0.5203,1,200,timetable,load,0,0,1,1
6.5171,0.4735,1,200,grade,load,0,0,1,1
6.5177,0.3836,1,200,timetable,load,0,0,1,1
6.5182,0.4208,1,200,timetable,load,0,0,1,1
6.5185,0.649,1,200,timetable,load,0,0,1,1
6.5192,0.2683,1,200,student_read,load,0,0,1,1
6.5194,0.6761,1,200,transcript,load,0,0,1,1
6.5201,0.4345,1,200,balance,load,0,0,1,1
6.5205,0.775,1,200,grade,load,0,0,1,1
6.5208,0.5205,1,200,transcript,load,0,0,1,1
6.5212,0.6507,1,200,timetable,load,0,0,1,1
6.5214,1.3077,1,200,payment,load,0,0,1,1
6.5215,0.4364,1,200,transcript,load,0,0,1,1
6.5218,0.5692,1,200,student_read,load,0,0,1,1
6.5222,0.4137,1,200,enroll,load,0,0,1,1
6.5225,0.3859,1,200,balance,load,0,0,1,1
6.5228,2.5484,1,200,timetable,load,0,0,1,1
6.5234,0.6732,1,200,transcript,load,0,0,1,1
6.5235,0.536,1,200,timetable,load,0,0,1,1
6.5239,1.1489,1,200,timetable,load,0,0,1,1
6.5244,0.2682,1,200,transcript,load,0,0,1,1
6.5245,0.4343,1,200,student_read,load,0,0,1,1
6.5248,4.2105,1,200,timetable,load,0,0,1,1
6.5254,0.565,1,200,transcript,load,0,0,1,1
6.5254,1.9091,1,200,timetable,load,0,0,1,1
6.5257,0.4121,1,200,enroll,load,0,0,1,1
6.5262,0.2631,1,200,timetable,load,0,0,1,1
6.5262,1.553,1,200,transcript,load,0,0,1,1
6.5266,0.5878,1,200,timetable,load,0,0,1,1
6.5269,0.5652,1,200,transcript,load,0,0,1,1
6.5275,0.532,1,200,student_read,load,0,0,1,1
6.5276,1.513,1,200,grade,load,0,0,1,1
6.5278,0.4098,1,200,student_read,load,0,0,1,1
6.5282,0.3944,1,200,transcript,load,0,0,1,1
6.5285,0.4275,1,200,student_read,load,0,0,1,1
6.5286,1.4262,1,200,timetable,load,0,0,1,1
6.5289,0.6377,1,200,timetable,load,0,0,1,1
6.5293,0.511,1,200,timetable,load,0,0,1,1
6.5293,2.2403,1,200,student_read,load,0,0,1,1
6.5297,0.6635,1,200,transcript,load,0,0,1,1
6.5302,0.5122,1,200,student_read,load,0,0,1,1
6.5303,2.6791,1,200,balance,load,0,0,1,1
6.5308,0.6403,1,200,student_read,load,0,0,1,1
6.5312,0.5581,1,200,timetable,load,0,0,1,1
6.5312,1.9608,1,200,transcript,load,0,0,1,1
6.5318,0.6366,1,200,student_read,load,0,0,1,1
6.532,3.4551,1,200,payment,load,0,0,1,1
6.532,1.5376,1,200,transcript,load,0,0,1,1
6.5322,0.2935,1,200,payment,load,0,0,1,1
6.5326,0.5803,1,200,timetable,load,0,0,1,1
6.5327,1.7816,1,200,enroll,load,0,0,1,1
6.5328,3.1224,1,200,timetable,load,0,0,1,1
6.5334,0.3595,1,200,transcript,load,0,0,1,1
6.5334,0.5784,1,200,student_read,load,0,0,1,1
6.5334,3.9584,1,200,timetable,load,0,0,1,1
6.5335,1.818,1,200,timetable,load,0,0,1,1
6.5341,3.9487,1,200,timetable,load,0,0,1,1
6.5342,0.4582,1,200,student_read,load,0,0,1,1
6.5343,4.1135,1,200,student_read,load,0,0,1,1
6.5344,0.6304,1,200,timetable,load,0,0,1,1
6.5352,1.9556,1,200,transcript,load,0,0,1,1
6.5352,2.9432,1,200,timetable,load,0,0,1,1
6.5353,0.3564,1,200,student_read,load,0,0,1,1
6.5356,0.827,1,200,payment,load,0,0,1,1
6.5359,2.5337,1,200,timetable,load,0,0,1,1
6.5362,3.8449,1,200,transcript,load,0,0,1,1
6.5362,0.577,1,200,timetable,load,0,0,1,1
6.5365,0.7537,1,200,transcript,load,0,0,1,1
6.5366,3.6751,1,200,transcript,load,0,0,1,1
6.5371,0.3852,1,200,balance,load,0,0,1,1
6.5374,3.5999,1,200,student_read,load,0,0,1,1
6.5375,3.978,1,200,grade,load,0,0,1,1
6.5375,0.6256,1,200,student_read,load,0,0,1,1
6.5379,0.6942,1,200,enroll,load,0,0,1,1
6.538,4.1075,1,200,student_read,load,0,0,1,1
6.5382,3.5223,1,200,timetable,load,0,0,1,1
6.5386,0.6054,1,200,payment,load,0,0,1,1
6.5387,3.1874,1,200,timetable,load,0,0,1,1
6.5387,0.8372,1,200,student_read,load,0,0,1,1
6.5388,3.6938,1,200,student_read,load,0,0,1,1
6.5392,0.5542,1,200,transcript,load,0,0,1,1
6.5393,2.5999,1,200,student_read,load,0,0,1,1
6.5394,0.9523,1,200,timetable,load,0,0,1,1
6.5394,4.7429,1,200,balance,load,0,0,1,1
6.54,3.2163,1,200,timetable,load,0,0,1,1
6.5401,5.013,0,0,transcript,load,0,0,1,1
6.5401,0.8986,1,200,enroll,load,0,0,1,1
6.5406,0.7487,1,200,balance,load,0,0,1,1
6.5407,2.1116,1,200,payment,load,0,0,1,1
6.5408,4.1778,1,200,transcript,load,0,0,1,1
6.5411,1.1313,1,200,payment,load,0,0,1,1
6.5414,1.4859,1,200,enroll,load,0,0,1,1
6.5415,4.002,1,200,enroll,load,0,0,1,1
6.5419,2.4295,1,200,transcript,load,0,0,1,1
6.5421,0.4941,1,200,payment,load,0,0,1,1
6.5421,0.9093,1,200,payment,load,0,0,1,1
6.5423,4.7426,1,200,timetable,load,0,0,1,1
6.5428,5.0081,0,0,student_read,load,0,0,1,1
6.5429,0.5714,1,200,timetable,load,0,0,1,1
6.5429,0.8976,1,200,transcript,load,0,0,1,1
6.5431,5.0115,0,0,student_read,load,0,0,1,1
6.5438,0.568,1,200,student_read,load,0,0,1,1
6.5438,2.7375,1,200,student_read,load,0,0,1,1
6.5439,4.0776,1,200,transcript,load,0,0,1,1
6.544,1.0608,1,200,enroll,load,0,0,1,1
6.5446,2.8361,1,200,timetable,load,0,0,1,1
6.5447,5.0131,0,0,timetable,load,0,0,1,1
6.5452,1.0161,1,200,payment,load,0,0,1,1
6.5454,3.2063,1,200,balance,load,0,0,1,1
6.5454,5.0156,0,0,transcript,load,0,0,1,1
6.5459,1.0664,1,200,payment,load,0,0,1,1
6.546,2.5452,1,200,enroll,load,0,0,1,1
6.546,5.0054,0,0,student_read,load,0,0,1,1
6.5467,2.7992,1,200,payment,load,0,0,1,1
6.5467,3.8963,1,200,student_read,load,0,0,1,1
6.5467,3.0684,1,200,timetable,load,0,0,1,1
6.5474,2.3721,1,200,transcript,load,0,0,1,1
6.5474,4.7909,1,200,timetable,load,0,0,1,1
6.5477,1.519,1,200,student_read,load,0,0,1,1
6.5483,3.1823,1,200,enroll,load,0,0,1,1
6.5484,5.0189,0,0,student_read,load,0,0,1,1
6.5493,3.4888,1,200,payment,load,0,0,1,1
6.5493,5.0202,0,0,timetable,load,0,0,1,1
6.5501,4.4065,1,200,payment,load,0,0,1,1
6.5502,2.5856,1,200,payment,load,0,0,1,1
6.5511,5.0302,0,0,transcript,load,0,0,1,1
6.5511,5.0063,0,0,timetable,load,0,0,1,1
6.5519,3.066,1,200,student_read,load,0,0,1,1
6.552,4.3027,1,200,student_read,load,0,0,1,1
6.5528,5.03,0,0,student_read,load,0,0,1,1
6.5538,5.0303,0,0,timetable,load,0,0,1,1
6.5545,5.0314,0,0,balance,load,0,0,1,1
6.5548,0.0328,1,200,student_read,load,0,0,1,1
6.5556,4.5116,1,200,enroll,load,0,0,1,1
6.5567,5.0318,0,0,payment,load,0,0,1,1
6.5577,4.3061,1,200,transcript,load,0,0,1,1
6.5589,5.0321,0,0,enroll,load,0,0,1,1
6.5605,5.0333,0,0,payment,load,0,0,1,1
6.5617,5.0346,0,0,payment,load,0,0,1,1
6.5626,5.0358,0,0,timetable,load,0,0,1,1
6.5633,5.0368,0,0,student_read,load,0,0,1,1
6.6015,0.811,1,200,payment,load,0,0,1,1
6.6635,0.8646,1,200,grade,load,0,0,1,1
6.7101,0.4847,1,200,timetable,load,0,0,1,1
6.7571,0.8877,1,200,probe_student,probe,0,0,1,1
6.7581,0.4355,1,200,probe_records,probe,0,0,1,1
6.7589,5.0168,0,0,probe_timetable,probe,0,0,1,1
6.7602,5.0163,0,0,probe_payment,probe,0,0,1,1
6.7605,0.4327,1,200,grade,load,0,0,1,1
6.7612,5.0159,0,0,transcript,load,0,0,1,1
6.7793,1.8971,1,200,transcript,load,0,0,1,1
6.786,0.503,1,200,timetable,load,0,0,1,1
6.7876,0.5345,1,200,enroll,load,0,0,1,1
6.7893,0.4982,1,200,student_read,load,0,0,1,1
6.7926,0.6463,1,200,timetable,load,0,0,1,1
6.8053,5.0098,0,0,payment,load,0,0,1,1
6.8257,0.6671,1,200,transcript,load,0,0,1,1
6.8518,5.0096,0,0,enroll,load,0,0,1,1
6.8788,0.772,1,200,grade,load,0,0,1,1
6.8917,0.7228,1,200,timetable,load,0,0,1,1
6.8929,0.4278,1,200,transcript,load,0,0,1,1
6.9014,0.4211,1,200,timetable,load,0,0,1,1
6.9084,0.4124,1,200,student_read,load,0,0,1,1
6.9141,4.9749,1,200,enroll,load,0,0,1,1
6.9223,0.7517,1,200,student_read,load,0,0,1,1
6.9226,0.6478,1,200,timetable,load,0,0,1,1
6.936,0.5555,1,200,payment,load,0,0,1,1
6.9376,0.6672,1,200,student_read,load,0,0,1,1
6.9378,0.9696,1,200,payment,load,0,0,1,1
6.939,0.7458,1,200,transcript,load,0,0,1,1
6.9546,0.4896,1,200,student_read,load,0,0,1,1
6.9561,0.7189,1,200,payment,load,0,0,1,1
6.9579,0.5318,1,200,timetable,load,0,0,1,1
6.9588,0.5649,1,200,grade,load,0,0,1,1
6.9607,4.9466,1,200,transcript,load,0,0,1,1
6.9907,0.744,1,200,payment,load,0,0,1,1
6.9924,1.7597,1,200,transcript,load,0,0,1,1
7.0065,4.8691,1,200,probe_student,probe,0,0,1,1
7.0081,5.0166,0,0,probe_records,probe,0,0,1,1
7.0099,5.0158,0,0,probe_timetable,probe,0,0,1,1
7.0119,5.0147,0,0,probe_payment,probe,0,0,1,1
7.0136,5.0167,0,0,student_read,load,0,0,1,1
7.0361,0.7727,1,200,transcript,load,0,0,1,1
7.0373,1.277,1,200,transcript,load,0,0,1,1
7.0393,0.7417,1,200,timetable,load,0,0,1,1
7.0402,1.4656,1,200,balance,load,0,0,1,1
7.0413,1.1138,1,200,timetable,load,0,0,1,1
7.0424,2.4414,1,200,transcript,load,0,0,1,1
7.0541,5.01,0,0,enroll,load,0,0,1,1
7.0595,1.2919,1,200,transcript,load,0,0,1,1
7.0595,0.8825,1,200,grade,load,0,0,1,1
7.089,1.1224,1,200,payment,load,0,0,1,1
7.0893,1.9112,1,200,timetable,load,0,0,1,1
7.0905,0.7685,1,200,timetable,load,0,0,1,1
7.091,1.0944,1,200,enroll,load,0,0,1,1
7.0922,0.998,1,200,payment,load,0,0,1,1
7.0934,2.4923,1,200,timetable,load,0,0,1,1
7.1024,5.0085,0,0,timetable,load,0,0,1,1
7.1117,1.7978,1,200,balance,load,0,0,1,1
7.1118,2.1219,1,200,transcript,load,0,0,1,1
7.1129,1.1435,1,200,balance,load,0,0,1,1
7.1132,1.9782,1,200,grade,load,0,0,1,1
7.1143,0.9524,1,200,payment,load,0,0,1,1
7.1144,0.7516,1,200,transcript,load,0,0,1,1
7.144,0.6517,1,200,enroll,load,0,0,1,1
7.1631,1.2626,1,200,transcript,load,0,0,1,1
7.1643,4.8164,1,200,balance,load,0,0,1,1
7.1648,1.4222,1,200,timetable,load,0,0,1,1
7.1667,1.3243,1,200,student_read,load,0,0,1,1
7.1675,0.9009,1,200,timetable,load,0,0,1,1
7.1684,0.9525,1,200,payment,load,0,0,1,1
7.1711,0.7746,1,200,student_read,load,0,0,1,1
7.1719,0.8237,1,200,transcript,load,0,0,1,1
7.1932,0.6379,1,200,student_read,load,0,0,1,1
7.1933,1.2207,1,200,payment,load,0,0,1,1
7.1949,1.0129,1,200,transcript,load,0,0,1,1
7.1956,1.5628,1,200,timetable,load,0,0,1,1
7.1967,1.037,1,200,timetable,load,0,0,1,1
7.2115,0.9721,1,200,timetable,load,0,0,1,1
7.232,2.2534,1,200,student_read,load,0,0,1,1
7.2577,0.6505,1,200,probe_student,probe,0,0,1,1
7.2591,5.0129,0,0,probe_records,probe,0,0,1,1
7.2606,5.0122,0,0,probe_timetable,probe,0,0,1,1
7.2608,1.8788,1,200,timetable,load,0,0,1,1
7.2619,5.0151,0,0,probe_payment,probe,0,0,1,1
7.2634,5.0164,0,0,payment,load,0,0,1,1
7.2872,2.5416,1,200,transcript,load,0,0,1,1
7.2875,1.0037,1,200,transcript,load,0,0,1,1
7.289,4.0911,1,200,enroll,load,0,0,1,1
7.2893,0.9369,1,200,student_read,load,0,0,1,1
7.2902,1.3442,1,200,transcript,load,0,0,1,1
7.2955,0.7014,1,200,payment,load,0,0,1,1
7.304,5.0096,0,0,enroll,load,0,0,1,1
7.3207,4.1549,1,200,balance,load,0,0,1,1
7.3208,0.6776,1,200,timetable,load,0,0,1,1
7.3221,1.9942,1,200,timetable,load,0,0,1,1
7.3225,4.2061,1,200,balance,load,0,0,1,1
7.3351,1.9912,1,200,payment,load,0,0,1,1
7.3624,5.0094,0,0,payment,load,0,0,1,1
7.3626,2.0394,1,200,transcript,load,0,0,1,1
7.3759,0.9228,1,200,timetable,load,0,0,1,1
7.4125,1.0376,1,200,payment,load,0,0,1,1
7.4387,1.2713,1,200,timetable,load,0,0,1,1
7.4389,1.5458,1,200,student_read,load,0,0,1,1
7.4405,1.0775,1,200,timetable,load,0,0,1,1
7.4442,4.139,1,200,timetable,load,0,0,1,1
7.4515,0.9874,1,200,enroll,load,0,0,1,1
7.4577,4.7822,1,200,student_read,load,0,0,1,1
7.4897,1.0012,1,200,student_read,load,0,0,1,1
7.4915,1.0522,1,200,balance,load,0,0,1,1
7.4918,0.7396,1,200,grade,load,0,0,1,1
7.4928,1.3717,1,200,student_read,load,0,0,1,1
7.5049,5.0196,0,0,probe_student,probe,0,0,1,1
7.507,5.0183,0,0,probe_records,probe,0,0,1,1
7.5085,5.0181,0,0,probe_timetable,probe,0,0,1,1
7.5107,5.0167,0,0,probe_payment,probe,0,0,1,1
7.5127,5.0175,0,0,student_read,load,0,0,1,1
7.5238,2.5593,1,200,balance,load,0,0,1,1
7.5515,2.4618,1,200,balance,load,0,0,1,1
7.5613,1.9123,1,200,student_read,load,0,0,1,1
7.5704,1.1159,1,200,student_read,load,0,0,1,1
7.6049,1.2088,1,200,timetable,load,0,0,1,1
7.6049,1.2112,1,200,timetable,load,0,0,1,1
7.6122,2.3944,1,200,transcript,load,0,0,1,1
7.6141,5.0036,0,0,timetable,load,0,0,1,1
7.6145,1.3586,1,200,transcript,load,0,0,1,1
7.6508,1.3309,1,200,student_read,load,0,0,1,1
7.6591,2.5191,1,200,timetable,load,0,0,1,1
7.6724,1.1644,1,200,student_read,load,0,0,1,1
7.6728,2.2246,1,200,transcript,load,0,0,1,1
7.674,1.9813,1,200,balance,load,0,0,1,1
7.6749,2.6665,1,200,transcript,load,0,0,1,1
7.6849,1.6961,1,200,student_read,load,0,0,1,1
7.7067,4.9094,1,200,enroll,load,0,0,1,1
7.7347,4.4941,1,200,timetable,load,0,0,1,1
7.7546,5.0156,0,0,probe_student,probe,0,0,1,1
7.7568,5.0143,0,0,probe_records,probe,0,0,1,1
7.7591,5.0129,0,0,probe_timetable,probe,0,0,1,1
7.7616,5.0169,0,0,probe_payment,probe,0,0,1,1
7.764,5.0158,0,0,enroll,load,0,0,1,1
7.781,1.2077,1,200,balance,load,0,0,1,1
7.7957,2.6111,1,200,grade,load,0,0,1,1
7.8017,5.0105,0,0,balance,load,0,0,1,1
7.8089,0.7717,1,200,student_read,load,0,0,1,1
7.8291,1.0192,1,200,payment,load,0,0,1,1
7.8311,0.9518,1,200,balance,load,0,0,1,1
7.859,0.9252,1,200,student_read,load,0,0,1,1
7.8639,5.0085,0,0,enroll,load,0,0,1,1
7.866,0.7223,1,200,timetable,load,0,0,1,1
7.9074,1.7248,1,200,balance,load,0,0,1,1
7.9082,1.8384,1,200,grade,load,0,0,1,1
7.942,0.7494,1,200,balance,load,0,0,1,1
7.9457,0.7153,1,200,timetable,load,0,0,1,1
7.9548,2.558,1,200,transcript,load,0,0,1,1
7.9576,5.0089,0,0,payment,load,0,0,1,1
7.9956,1.176,1,200,student_read,load,0,0,1,1
7.997,0.9401,1,200,timetable,load,0,0,1,1
7.9984,1.8741,1,200,timetable,load,0,0,1,1
8.0045,5.0189,0,0,probe_student,probe,0,0,1,1
8.0059,5.0184,0,0,probe_records,probe,0,0,1,1
8.007,5.018,0,0,probe_timetable,probe,0,0,1,1
8.0086,5.0172,0,0,probe_payment,probe,0,0,1,1
8.0112,5.0171,0,0,payment,load,0,0,1,1
8.0273,1.9932,1,200,student_read,load,0,0,1,1
8.0406,1.352,1,200,payment,load,0,0,1,1
8.0518,5.0081,0,0,balance,load,0,0,1,1
8.0668,1.7929,1,200,balance,load,0,0,1,1
8.0668,4.0625,1,200,transcript,load,0,0,1,1
8.0684,1.0673,1,200,balance,load,0,0,1,1
8.0696,1.3439,1,200,timetable,load,0,0,1,1
8.0792,1.8503,1,200,timetable,load,0,0,1,1
8.0902,1.7386,1,200,balance,load,0,0,1,1
8.1122,5.0065,0,0,student_read,load,0,0,1,1
8.1209,0.7504,1,200,transcript,load,0,0,1,1
8.1551,1.0211,1,200,transcript,load,0,0,1,1
8.1593,5.0089,0,0,enroll,load,0,0,1,1
8.1854,1.0377,1,200,timetable,load,0,0,1,1
8.2061,1.5839,1,200,transcript,load,0,0,1,1
8.2078,2.1296,1,200,timetable,load,0,0,1,1
8.2115,1.8731,1,200,enroll,load,0,0,1,1
8.2262,3.6011,1,200,balance,load,0,0,1,1
8.2314,1.071,1,200,transcript,load,0,0,1,1
8.2337,1.0577,1,200,transcript,load,0,0,1,1
8.2527,5.024,0,0,probe_student,probe,0,0,1,1
8.2541,5.0234,0,0,probe_records,probe,0,0,1,1
8.2551,5.0231,0,0,probe_timetable,probe,0,0,1,1
8.2564,4.0146,1,200,timetable,load,0,0,1,1
8.2569,5.0222,0,0,probe_payment,probe,0,0,1,1
8.2588,5.0212,0,0,enroll,load,0,0,1,1
8.2912,5.0164,0,0,transcript,load,0,0,1,1
8.2987,2.4177,1,200,transcript,load,0,0,1,1
8.3142,1.6779,1,200,timetable,load,0,0,1,1
8.3143,2.2564,1,200,payment,load,0,0,1,1
8.3147,5.0084,0,0,grade,load,0,0,1,1
8.3514,2.0665,1,200,timetable,load,0,0,1,1
8.3516,0.9403,1,200,transcript,load,0,0,1,1
8.3628,5.007,0,0,transcript,load,0,0,1,1
8.4092,5.0099,0,0,timetable,load,0,0,1,1
8.414,5.0017,0,0,balance,load,0,0,1,1
8.4258,1.0834,1,200,transcript,load,0,0,1,1
8.4346,1.6297,1,200,timetable,load,0,0,1,1
8.4389,1.446,1,200,grade,load,0,0,1,1
8.4503,1.1316,1,200,payment,load,0,0,1,1
8.4908,1.6973,1,200,timetable,load,0,0,1,1
8.491,1.948,1,200,balance,load,0,0,1,1
8.491,2.1547,1,200,transcript,load,0,0,1,1
8.492,1.3368,1,200,timetable,load,0,0,1,1
8.5021,5.0212,0,0,probe_student,probe,0,0,1,1
8.504,5.0202,0,0,probe_records,probe,0,0,1,1
8.5054,5.0197,0,0,probe_timetable,probe,0,0,1,1
8.5059,2.5732,1,200,timetable,load,0,0,1,1
8.507,5.0189,0,0,probe_payment,probe,0,0,1,1
8.5084,5.0217,0,0,transcript,load,0,0,1,1
8.518,4.2007,1,200,transcript,load,0,0,1,1
8.5438,1.237,1,200,enroll,load,0,0,1,1
8.5628,5.0077,0,0,transcript,load,0,0,1,1
8.5806,1.5058,1,200,timetable,load,0,0,1,1
8.587,2.5882,1,200,timetable,load,0,0,1,1
8.5883,2.7229,1,200,balance,load,0,0,1,1
8.609,5.0102,0,0,balance,load,0,0,1,1
8.6344,3.5397,1,200,balance,load,0,0,1,1
8.6523,2.4287,1,200,transcript,load,0,0,1,1
8.6539,5.0135,0,0,payment,load,0,0,1,1
8.661,2.4725,1,200,enroll,load,0,0,1,1
8.6763,1.6716,1,200,student_read,load,0,0,1,1
8.6864,4.9405,1,200,transcript,load,0,0,1,1
8.6914,1.7205,1,200,balance,load,0,0,1,1
8.7101,1.6348,1,200,balance,load,0,0,1,1
8.7156,5.0109,0,0,balance,load,0,0,1,1
8.7522,0.8711,1,200,transcript,load,0,0,1,1
8.7584,4.8634,1,200,enroll,load,0,0,1,1
8.763,5.006,0,0,probe_student,probe,0,0,1,1
8.7647,5.0125,0,0,probe_records,probe,0,0,1,1
8.7666,5.013,0,0,probe_timetable,probe,0,0,1,1
8.7688,5.0118,0,0,probe_payment,probe,0,0,1,1
8.7696,1.1981,1,200,enroll,load,0,0,1,1
8.771,5.0107,0,0,timetable,load,0,0,1,1
8.7829,1.5509,1,200,student_read,load,0,0,1,1
8.7843,1.3144,1,200,transcript,load,0,0,1,1
8.8095,5.009,0,0,payment,load,0,0,1,1
8.8136,1.8121,1,200,balance,load,0,0,1,1
8.8161,1.8665,1,200,enroll,load,0,0,1,1
8.8368,1.1382,1,200,transcript,load,0,0,1,1
8.8483,1.0366,1,200,enroll,load,0,0,1,1
8.857,5.0108,0,0,student_read,load,0,0,1,1
8.8645,3.7325,1,200,transcript,load,0,0,1,1
8.8713,1.2114,1,200,balance,load,0,0,1,1
8.9026,5.0104,0,0,balance,load,0,0,1,1
8.9095,5.0148,0,0,transcript,load,0,0,1,1
8.9195,1.469,1,200,timetable,load,0,0,1,1
8.9371,2.9212,1,200,balance,load,0,0,1,1
8.9648,5.0086,0,0,student_read,load,0,0,1,1
8.9714,1.1339,1,200,transcript,load,0,0,1,1
8.9732,1.9139,1,200,payment,load,0,0,1,1
8.9818,2.0748,1,200,balance,load,0,0,1,1
8.9847,1.2011,1,200,balance,load,0,0,1,1
8.9887,5.0155,0,0,timetable,load,0,0,1,1
9.0005,3.6665,1,200,timetable,load,0,0,1,1
9.0125,5.0075,0,0,probe_student,probe,0,0,1,1
9.0144,5.0064,0,0,probe_records,probe,0,0,1,1
9.0166,5.0071,0,0,probe_timetable,probe,0,0,1,1
9.0189,5.009,0,0,probe_payment,probe,0,0,1,1
9.021,5.0083,0,0,student_read,load,0,0,1,1
9.0584,5.0066,0,0,grade,load,0,0,1,1
9.0696,5.0022,0,0,student_read,load,0,0,1,1
9.0713,1.237,1,200,grade,load,0,0,1,1
9.0912,1.2049,1,200,student_read,load,0,0,1,1
9.0915,3.1114,1,200,transcript,load,0,0,1,1
9.1048,5.0106,0,0,transcript,load,0,0,1,1
9.1358,1.6767,1,200,timetable,load,0,0,1,1
9.1358,3.3357,1,200,transcript,load,0,0,1,1
9.1391,2.3245,1,200,transcript,load,0,0,1,1
9.1396,1.8551,1,200,balance,load,0,0,1,1
9.1517,5.0091,0,0,student_read,load,0,0,1,1
9.1716,1.8133,1,200,grade,load,0,0,1,1
9.1762,2.1489,1,200,enroll,load,0,0,1,1
9.2094,1.3345,1,200,student_read,load,0,0,1,1
9.2142,5.0079,0,0,grade,load,0,0,1,1
9.2231,2.0271,1,200,transcript,load,0,0,1,1
9.2337,3.2512,1,200,timetable,load,0,0,1,1
9.2627,5.0063,0,0,probe_student,probe,0,0,1,1
9.2645,5.0073,0,0,probe_records,probe,0,0,1,1
9.2661,5.0066,0,0,probe_timetable,probe,0,0,1,1
9.268,5.0075,0,0,probe_payment,probe,0,0,1,1
9.2701,5.0062,0,0,timetable,load,0,0,1,1
9.2814,1.7974,1,200,timetable,load,0,0,1,1
9.2913,2.3709,1,200,enroll,load,0,0,1,1
9.2919,1.3376,1,200,timetable,load,0,0,1,1
9.3024,0.9887,1,200,payment,load,0,0,1,1
9.3091,5.0064,0,0,enroll,load,0,0,1,1
9.3163,2.6914,1,200,transcript,load,0,0,1,1
9.3263,4.7417,1,200,enroll,load,0,0,1,1
9.3459,1.444,1,200,enroll,load,0,0,1,1
9.3556,5.0072,0,0,grade,load,0,0,1,1
9.3808,2.8216,1,200,grade,load,0,0,1,1
9.381,1.6693,1,200,grade,load,0,0,1,1
9.3926,1.671,1,200,timetable,load,0,0,1,1
9.402,1.5424,1,200,student_read,load,0,0,1,1
9.4026,5.0062,0,0,student_read,load,0,0,1,1
9.4136,5.01,0,0,student_read,load,0,0,1,1
9.4639,5.0049,0,0,payment,load,0,0,1,1
9.4736,1.9702,1,200,transcript,load,0,0,1,1
9.4784,1.1699,1,200,timetable,load,0,0,1,1
9.4838,2.1583,1,200,timetable,load,0,0,1,1
9.4854,2.003,1,200,enroll,load,0,0,1,1
9.5091,5.0062,0,0,timetable,load,0,0,1,1
9.5117,5.0139,0,0,probe_student,probe,0,0,1,1
9.514,1.4806,1,200,transcript,load,0,0,1,1
9.5141,5.0139,0,0,probe_records,probe,0,0,1,1
9.5167,5.0146,0,0,probe_timetable,probe,0,0,1,1
9.5192,5.0128,0,0,probe_payment,probe,0,0,1,1
9.5212,5.0116,0,0,payment,load,0,0,1,1
9.5586,5.0055,0,0,payment,load,0,0,1,1
9.5858,2.7637,1,200,transcript,load,0,0,1,1
9.5859,3.985,1,200,transcript,load,0,0,1,1
9.606,5.0043,0,0,grade,load,0,0,1,1
9.6152,1.5374,1,200,payment,load,0,0,1,1
9.618,2.018,1,200,balance,load,0,0,1,1
9.6233,1.2802,1,200,timetable,load,0,0,1,1
9.6322,1.8157,1,200,enroll,load,0,0,1,1
9.6515,5.0051,0,0,payment,load,0,0,1,1
9.6552,3.5625,1,200,grade,load,0,0,1,1
9.6554,1.2032,1,200,timetable,load,0,0,1,1
9.7147,5.004,0,0,transcript,load,0,0,1,1
9.7261,2.7324,1,200,balance,load,0,0,1,1
9.7306,1.2261,1,200,timetable,load,0,0,1,1
9.7517,1.9995,1,200,student_read,load,0,0,1,1
9.7562,2.1611,1,200,timetable,load,0,0,1,1
9.7618,1.3578,1,200,probe_student,probe,0,0,1,1
9.7632,5.0157,0,0,probe_records,probe,0,0,1,1
9.7646,5.0149,0,0,probe_timetable,probe,0,0,1,1
9.7665,5.0138,0,0,probe_payment,probe,0,0,1,1
9.7681,5.0132,0,0,timetable,load,0,0,1,1
9.7808,1.5012,1,200,student_read,load,0,0,1,1
9.8081,2.9129,1,200,transcript,load,0,0,1,1
9.8288,1.3139,1,200,transcript,load,0,0,1,1
9.8289,0.9757,1,200,payment,load,0,0,1,1
9.8289,2.9661,1,200,student_read,load,0,0,1,1
9.8542,5.0042,0,0,timetable,load,0,0,1,1
9.8597,1.8762,1,200,transcript,load,0,0,1,1
9.8725,2.496,1,200,student_read,load,0,0,1,1
9.8849,2.2295,1,200,payment,load,0,0,1,1
9.8849,2.5931,1,200,transcript,load,0,0,1,1
9.8974,2.7278,1,200,timetable,load,0,0,1,1
9.9018,5.0047,0,0,enroll,load,0,0,1,1
9.9295,4.4919,1,200,enroll,load,0,0,1,1
9.9599,5.008,0,0,student_read,load,0,0,1,1
9.9677,2.0533,1,200,timetable,load,0,0,1,1
9.9751,2.6273,1,200,payment,load,0,0,1,1
9.9871,2.2731,1,200,payment,load,0,0,1,1
9.9922,1.7138,1,200,timetable,load,0,0,1,1
10.0066,1.5914,1,200,student_read,load,0,0,1,1
10.0133,2.3617,1,200,probe_student,probe,0,0,1,1
10.0153,5.0156,0,0,probe_records,probe,0,0,1,1
10.0173,5.0139,0,0,probe_timetable,probe,0,0,1,1
10.0192,5.0124,0,0,probe_payment,probe,0,0,1,1
10.0205,1.9165,1,200,enroll,load,0,0,1,1
10.0213,5.0109,0,0,transcript,load,0,0,1,1
10.0381,3.0572,1,200,student_read,load,0,0,1,1
10.0575,5.0044,0,0,student_read,load,0,0,1,1
10.0606,1.569,1,200,transcript,load,0,0,1,1
10.0643,2.9386,1,200,balance,load,0,0,1,1
10.0828,1.9552,1,200,timetable,load,0,0,1,1
10.0831,1.3063,1,200,balance,load,0,0,1,1
10.0846,1.2782,1,200,transcript,load,0,0,1,1
10.0864,1.7066,1,200,transcript,load,0,0,1,1
10.0987,1.4325,1,200,student_read,load,0,0,1,1
10.1048,5.0038,0,0,student_read,load,0,0,1,1
10.1054,1.5028,1,200,balance,load,0,0,1,1
10.1373,2.7715,1,200,student_read,load,0,0,1,1
10.1507,5.0037,0,0,transcript,load,0,0,1,1
10.1858,1.235,1,200,balance,load,0,0,1,1
10.1881,1.8888,1,200,student_read,load,0,0,1,1
10.2117,5.0042,0,0,payment,load,0,0,1,1
10.2133,5.0043,0,0,student_read,load,0,0,1,1
10.2326,1.8054,1,200,enroll,load,0,0,1,1
10.2614,5.0107,0,0,probe_student,probe,0,0,1,1
10.2631,5.0146,0,0,probe_records,probe,0,0,1,1
10.2646,5.0138,0,0,probe_timetable,probe,0,0,1,1
10.2662,5.013,0,0,probe_payment,probe,0,0,1,1
10.2679,5.0123,0,0,transcript,load,0,0,1,1
10.2911,2.4938,1,200,student_read,load,0,0,1,1
10.2961,4.3127,1,200,enroll,load,0,0,1,1
10.3078,5.0052,0,0,transcript,load,0,0,1,1
10.3083,1.8442,1,200,student_read,load,0,0,1,1
10.3338,2.4092,1,200,enroll,load,0,0,1,1
10.3375,1.8151,1,200,timetable,load,0,0,1,1
10.3414,5.0154,0,0,balance,load,0,0,1,1
10.3449,5.0138,0,0,transcript,load,0,0,1,1
10.3479,3.3011,1,200,student_read,load,0,0,1,1
10.3559,5.0028,0,0,timetable,load,0,0,1,1
10.3812,1.0059,1,200,timetable,load,0,0,1,1
10.3885,1.1601,1,200,transcript,load,0,0,1,1
10.4016,5.0042,0,0,transcript,load,0,0,1,1
10.4068,2.3646,1,200,payment,load,0,0,1,1
10.412,3.9352,1,200,payment,load,0,0,1,1
10.4179,2.9882,1,200,balance,load,0,0,1,1
10.4389,2.5459,1,200,balance,load,0,0,1,1
10.4431,2.6957,1,200,payment,load,0,0,1,1
10.4626,5.0075,0,0,enroll,load,0,0,1,1
10.4829,0.9644,1,200,timetable,load,0,0,1,1
10.4918,2.299,1,200,transcript,load,0,0,1,1
10.5098,5.0153,0,0,probe_student,probe,0,0,1,1
10.5115,5.014,0,0,probe_records,probe,0,0,1,1
10.5127,1.9482,1,200,student_read,load,0,0,1,1
10.5137,5.0149,0,0,probe_timetable,probe,0,0,1,1
10.5155,2.2199,1,200,payment,load,0,0,1,1
10.5161,5.0137,0,0,probe_payment,probe,0,0,1,1
10.5189,5.0116,0,0,transcript,load,0,0,1,1
10.5436,3.2347,1,200,payment,load,0,0,1,1
10.544,3.0993,1,200,timetable,load,0,0,1,1
10.5563,5.0062,0,0,timetable,load,0,0,1,1
10.5708,1.9663,1,200,balance,load,0,0,1,1
10.6037,5.0047,0,0,student_read,load,0,0,1,1
10.6216,1.8233,1,200,timetable,load,0,0,1,1
10.6257,3.4156,1,200,transcript,load,0,0,1,1
10.6296,3.6994,1,200,balance,load,0,0,1,1
10.6456,1.9116,1,200,payment,load,0,0,1,1
10.6457,1.5915,1,200,transcript,load,0,0,1,1
10.6478,2.3743,1,200,grade,load,0,0,1,1
10.6483,1.5669,1,200,balance,load,0,0,1,1
10.6652,5.0045,0,0,transcript,load,0,0,1,1
10.6826,5.0149,0,0,payment,load,0,0,1,1
10.7109,5.0032,0,0,payment,load,0,0,1,1
10.7165,1.436,1,200,payment,load,0,0,1,1
10.7186,1.6125,1,200,timetable,load,0,0,1,1
10.7352,1.7646,1,200,timetable,load,0,0,1,1
10.7561,5.0155,0,0,probe_student,probe,0,0,1,1
10.7578,5.0188,0,0,probe_records,probe,0,0,1,1
10.7595,5.0181,0,0,probe_timetable,probe,0,0,1,1
10.7615,5.0168,0,0,probe_payment,probe,0,0,1,1
10.7635,5.0154,0,0,enroll,load,0,0,1,1
10.79,2.5901,1,200,grade,load,0,0,1,1
10.8016,5.0046,0,0,student_read,load,0,0,1,1
10.8046,2.1362,1,200,payment,load,0,0,1,1
10.8125,2.0266,1,200,timetable,load,0,0,1,1
10.8547,0.9747,1,200,transcript,load,0,0,1,1
10.8586,2.3178,1,200,payment,load,0,0,1,1
10.8632,5.0082,0,0,timetable,load,0,0,1,1
10.8638,0.9684,1,200,timetable,load,0,0,1,1
10.8871,1.6946,1,200,balance,load,0,0,1,1
10.9036,4.8752,1,200,transcript,load,0,0,1,1
10.9115,5.005,0,0,student_read,load,0,0,1,1
10.9444,1.8465,1,200,transcript,load,0,0,1,1
10.9566,1.5504,1,200,transcript,load,0,0,1,1
10.9567,3.1094,1,200,balance,load,0,0,1,1
10.9589,5.0032,0,0,balance,load,0,0,1,1
10.985,1.4131,1,200,balance,load,0,0,1,1
10.9946,1.6674,1,200,student_read,load,0,0,1,1
10.9947,1.3285,1,200,balance,load,0,0,1,1
11.0057,5.0244,0,0,probe_student,probe,0,0,1,1
11.0079,5.0231,0,0,probe_records,probe,0,0,1,1
11.0098,5.0219,0,0,probe_timetable,probe,0,0,1,1
11.0122,5.0205,0,0,probe_payment,probe,0,0,1,1
11.0144,5.0202,0,0,balance,load,0,0,1,1
11.0503,5.0169,0,0,balance,load,0,0,1,1
11.0512,5.0036,0,0,transcript,load,0,0,1,1
11.0566,3.4673,1,200,student_read,load,0,0,1,1
11.0636,2.2424,1,200,balance,load,0,0,1,1
11.0672,3.0389,1,200,student_read,load,0,0,1,1
11.0787,2.8519,1,200,transcript,load,0,0,1,1
11.0792,1.9651,1,200,balance,load,0,0,1,1
11.0811,2.6247,1,200,student_read,load,0,0,1,1
11.1124,5.0062,0,0,transcript,load,0,0,1,1
11.1336,1.9674,1,200,payment,load,0,0,1,1
11.1427,2.4366,1,200,enroll,load,0,0,1,1
11.1526,1.8982,1,200,transcript,load,0,0,1,1
11.1591,2.4013,1,200,timetable,load,0,0,1,1
11.1753,3.5458,1,200,balance,load,0,0,1,1
11.2046,5.0072,0,0,timetable,load,0,0,1,1
11.2502,2.0537,1,200,student_read,load,0,0,1,1
11.2514,5.0172,0,0,probe_student,probe,0,0,1,1
11.2533,5.016,0,0,probe_records,probe,0,0,1,1
11.2551,5.0179,0,0,probe_timetable,probe,0,0,1,1
11.2572,5.0171,0,0,probe_payment,probe,0,0,1,1
11.2599,5.0153,0,0,balance,load,0,0,1,1
11.282,1.2448,1,200,student_read,load,0,0,1,1
11.2823,4.3233,1,200,student_read,load,0,0,1,1
11.285,1.8712,1,200,transcript,load,0,0,1,1
11.3112,1.2554,1,200,timetable,load,0,0,1,1
11.3136,5.0066,0,0,timetable,load,0,0,1,1
11.3251,1.3683,1,200,timetable,load,0,0,1,1
11.3384,3.2014,1,200,balance,load,0,0,1,1
11.3608,5.0052,0,0,enroll,load,0,0,1,1
11.3628,1.5146,1,200,payment,load,0,0,1,1
11.3801,1.5382,1,200,payment,load,0,0,1,1
11.3871,3.1279,1,200,enroll,load,0,0,1,1
11.3894,1.7497,1,200,payment,load,0,0,1,1
11.408,5.0048,0,0,transcript,load,0,0,1,1
11.4208,0.8687,1,200,timetable,load,0,0,1,1
11.4438,2.6075,1,200,payment,load,0,0,1,1
11.4473,1.3223,1,200,balance,load,0,0,1,1
11.4479,1.5049,1,200,student_read,load,0,0,1,1
11.4556,5.0043,0,0,student_read,load,0,0,1,1
11.4637,2.9051,1,200,timetable,load,0,0,1,1
11.4757,1.6195,1,200,payment,load,0,0,1,1
11.4885,1.5907,1,200,enroll,load,0,0,1,1
11.5018,5.0127,0,0,probe_student,probe,0,0,1,1
11.5037,5.0117,0,0,probe_records,probe,0,0,1,1
11.5061,5.0179,0,0,probe_timetable,probe,0,0,1,1
11.5084,5.0164,0,0,probe_payment,probe,0,0,1,1
11.511,5.0146,0,0,timetable,load,0,0,1,1
11.5286,1.4744,1,200,balance,load,0,0,1,1
11.5312,2.7456,1,200,enroll,load,0,0,1,1
11.5486,2.2214,1,200,transcript,load,0,0,1,1
11.5509,5.0085,0,0,transcript,load,0,0,1,1
11.5514,5.0183,0,0,student_read,load,0,0,1,1
11.5531,5.0185,0,0,timetable,load,0,0,1,1
11.5546,5.0192,0,0,grade,load,0,0,1,1
11.5575,5.0064,0,0,payment,load,0,0,1,1
11.5578,5.0177,0,0,student_read,load,0,0,1,1
11.561,5.0163,0,0,payment,load,0,0,1,1
11.5632,5.0051,0,0,student_read,load,0,0,1,1
11.5673,5.0142,0,0,transcript,load,0,0,1,1
11.5695,5.0148,0,0,timetable,load,0,0,1,1
11.5813,5.0078,0,0,transcript,load,0,0,1,1
11.5828,5.0084,0,0,timetable,load,0,0,1,1
11.5832,1.8744,1,200,timetable,load,0,0,1,1
11.5842,5.0123,0,0,grade,load,0,0,1,1
11.586,5.0121,0,0,student_read,load,0,0,1,1
11.5886,5.0142,0,0,enroll,load,0,0,1,1
11.591,5.0133,0,0,timetable,load,0,0,1,1
11.5938,5.0128,0,0,student_read,load,0,0,1,1
11.5964,5.0147,0,0,transcript,load,0,0,1,1
11.598,2.1965,1,200,timetable,load,0,0,1,1
11.5984,5.0151,0,0,payment,load,0,0,1,1
11.6002,5.0158,0,0,balance,load,0,0,1,1
11.6082,2.1447,1,200,payment,load,0,0,1,1
11.6102,5.0084,0,0,enroll,load,0,0,1,1
11.6296,1.581,1,200,student_read,load,0,0,1,1
11.636,1.1071,1,200,transcript,load,0,0,1,1
11.6422,1.5802,1,200,payment,load,0,0,1,1
11.6565,5.0087,0,0,timetable,load,0,0,1,1
11.6622,1.4767,1,200,timetable,load,0,0,1,1
11.7021,5.009,0,0,transcript,load,0,0,1,1
11.706,5.0025,0,0,student_read,load,0,0,1,1
11.7359,3.0774,1,200,balance,load,0,0,1,1
11.7512,2.6933,1,200,balance,load,0,0,1,1
11.7651,5.0108,0,0,probe_student,probe,0,0,1,1
11.7678,5.0122,0,0,probe_records,probe,0,0,1,1
11.7693,5.0116,0,0,probe_timetable,probe,0,0,1,1
11.7709,5.0115,0,0,probe_payment,probe,0,0,1,1
11.7727,5.0104,0,0,transcript,load,0,0,1,1
11.793,1.4852,1,200,transcript,load,0,0,1,1
11.8121,5.0059,0,0,student_read,load,0,0,1,1
11.8273,1.3759,1,200,timetable,load,0,0,1,1
11.8295,1.0456,1,200,transcript,load,0,0,1,1
11.8322,1.1048,1,200,transcript,load,0,0,1,1
11.8584,0.8867,1,200,timetable,load,0,0,1,1
11.859,5.0075,0,0,transcript,load,0,0,1,1
11.9073,5.0056,0,0,student_read,load,0,0,1,1
11.9173,1.3912,1,200,timetable,load,0,0,1,1
11.9371,4.1333,1,200,enroll,load,0,0,1,1
11.9517,1.3548,1,200,transcript,load,0,0,1,1
12.0077,5.0071,0,0,student_read,load,0,0,1,1
12.0152,1.7294,1,200,probe_student,probe,0,0,1,1
12.0167,5.0026,0,0,probe_records,probe,0,0,1,1
12.0185,5.0019,0,0,probe_timetable,probe,0,0,1,1
12.0202,5.0013,0,0,probe_payment,probe,0,0,1,1
12.0211,2.7384,1,200,transcript,load,0,0,1,1
12.0218,5.0137,0,0,student_read,load,0,0,1,1
12.038,3.287,1,200,enroll,load,0,0,1,1
12.038,1.2704,1,200,timetable,load,0,0,1,1
12.0618,5.0067,0,0,student_read,load,0,0,1,1
12.0769,1.1453,1,200,transcript,load,0,0,1,1
12.1077,5.0069,0,0,timetable,load,0,0,1,1
12.1144,4.5855,1,200,enroll,load,0,0,1,1
12.1293,1.6185,1,200,student_read,load,0,0,1,1
12.1525,1.1349,1,200,balance,load,0,0,1,1
12.1525,1.0922,1,200,balance,load,0,0,1,1
12.1526,1.8151,1,200,student_read,load,0,0,1,1
12.1538,5.0061,0,0,student_read,load,0,0,1,1
12.1742,3.2771,1,200,payment,load,0,0,1,1
12.2024,2.9138,1,200,transcript,load,0,0,1,1
12.2029,1.7278,1,200,payment,load,0,0,1,1
12.2152,1.3176,1,200,timetable,load,0,0,1,1
12.2153,5.0055,0,0,payment,load,0,0,1,1
12.2287,1.5925,1,200,balance,load,0,0,1,1
12.2373,1.1012,1,200,balance,load,0,0,1,1
12.2602,0.9155,1,200,enroll,load,0,0,1,1
12.2626,1.1876,1,200,probe_student,probe,0,0,1,1
12.2644,5.0194,0,0,probe_records,probe,0,0,1,1
12.2662,5.0222,0,0,probe_timetable,probe,0,0,1,1
12.268,5.0215,0,0,probe_payment,probe,0,0,1,1
12.2694,5.0209,0,0,balance,load,0,0,1,1
12.2711,1.4584,1,200,balance,load,0,0,1,1
12.2895,1.933,1,200,timetable,load,0,0,1,1
12.3101,5.0075,0,0,transcript,load,0,0,1,1
12.3232,5.0061,0,0,balance,load,0,0,1,1
12.3311,2.0254,1,200,student_read,load,0,0,1,1
12.3495,1.3272,1,200,transcript,load,0,0,1,1
12.3551,5.0073,0,0,student_read,load,0,0,1,1
12.3685,2.5003,1,200,balance,load,0,0,1,1
12.398,2.0226,1,200,grade,load,0,0,1,1
12.4016,4.0369,1,200,transcript,load,0,0,1,1
12.4448,2.0768,1,200,student_read,load,0,0,1,1
12.4585,1.8534,1,200,timetable,load,0,0,1,1
12.4609,1.5677,1,200,grade,load,0,0,1,1
12.4645,5.0056,0,0,transcript,load,0,0,1,1
12.4716,2.215,1,200,student_read,load,0,0,1,1
12.478,4.3424,1,200,payment,load,0,0,1,1
12.485,1.1343,1,200,payment,load,0,0,1,1
12.4998,1.4153,1,200,balance,load,0,0,1,1
12.507,2.3217,1,200,student_read,load,0,0,1,1
12.5133,5.0146,0,0,probe_student,probe,0,0,1,1
12.515,5.0167,0,0,probe_records,probe,0,0,1,1
12.5167,5.0196,0,0,probe_timetable,probe,0,0,1,1
12.5185,5.0191,0,0,probe_payment,probe,0,0,1,1
12.5201,5.0182,0,0,balance,load,0,0,1,1
12.5268,4.1212,1,200,balance,load,0,0,1,1
12.5371,2.8791,1,200,enroll,load,0,0,1,1
12.5572,2.8708,1,200,transcript,load,0,0,1,1
12.558,5.011,0,0,balance,load,0,0,1,1
12.5666,3.3878,1,200,balance,load,0,0,1,1
12.5818,2.6135,1,200,payment,load,0,0,1,1
12.597,4.1092,1,200,transcript,load,0,0,1,1
12.6024,1.108,1,200,transcript,load,0,0,1,1
12.6051,5.0087,0,0,enroll,load,0,0,1,1
12.6252,1.2205,1,200,timetable,load,0,0,1,1
12.6513,3.8262,1,200,student_read,load,0,0,1,1
12.662,1.1722,1,200,student_read,load,0,0,1,1
12.667,4.2946,1,200,balance,load,0,0,1,1
12.6935,1.9378,1,200,payment,load,0,0,1,1
12.714,5.0043,0,0,payment,load,0,0,1,1
12.7188,5.0149,0,0,transcript,load,0,0,1,1
12.7354,3.1785,1,200,timetable,load,0,0,1,1
12.743,5.006,0,0,balance,load,0,0,1,1
12.7431,3.6732,1,200,balance,load,0,0,1,1
12.7451,1.5544,1,200,payment,load,0,0,1,1
12.7616,1.3003,1,200,probe_student,probe,0,0,1,1
12.763,5.0142,0,0,probe_records,probe,0,0,1,1
12.7644,5.0164,0,0,probe_timetable,probe,0,0,1,1
12.7656,5.0156,0,0,probe_payment,probe,0,0,1,1
12.7673,5.0144,0,0,enroll,load,0,0,1,1
12.7696,5.0112,0,0,balance,load,0,0,1,1
12.7714,3.3556,1,200,enroll,load,0,0,1,1
12.7849,1.7364,1,200,grade,load,0,0,1,1
12.7908,1.0545,1,200,timetable,load,0,0,1,1
12.791,1.0706,1,200,transcript,load,0,0,1,1
12.795,4.6679,1,200,student_read,load,0,0,1,1
12.8085,5.0072,0,0,transcript,load,0,0,1,1
12.8391,1.4877,1,200,grade,load,0,0,1,1
12.8555,5.0079,0,0,student_read,load,0,0,1,1
12.8751,1.0557,1,200,timetable,load,0,0,1,1
12.8774,2.5938,1,200,grade,load,0,0,1,1
12.9017,5.0065,0,0,transcript,load,0,0,1,1
12.9088,1.8325,1,200,timetable,load,0,0,1,1
12.9184,2.2002,1,200,payment,load,0,0,1,1
12.9369,1.2324,1,200,transcript,load,0,0,1,1
12.9409,1.7776,1,200,payment,load,0,0,1,1
12.9528,1.1182,1,200,student_read,load,0,0,1,1
12.9642,5.0035,0,0,payment,load,0,0,1,1
12.9849,1.7567,1,200,timetable,load,0,0,1,1
13.003,2.0387,1,200,timetable,load,0,0,1,1
13.0031,1.1094,1,200,balance,load,0,0,1,1
13.0116,5.0168,0,0,probe_student,probe,0,0,1,1
13.0132,5.0196,0,0,probe_records,probe,0,0,1,1
13.0146,5.0193,0,0,probe_timetable,probe,0,0,1,1
13.0164,5.0183,0,0,probe_payment,probe,0,0,1,1
13.0192,5.0161,0,0,timetable,load,0,0,1,1
13.0221,2.5138,1,200,balance,load,0,0,1,1
13.0443,2.3406,1,200,student_read,load,0,0,1,1
13.0509,1.6355,1,200,student_read,load,0,0,1,1
13.0572,5.0053,0,0,timetable,load,0,0,1,1
13.0792,0.9922,1,200,timetable,load,0,0,1,1
13.0952,1.8541,1,200,transcript,load,0,0,1,1
13.0953,1.3454,1,200,transcript,load,0,0,1,1
13.101,1.5213,1,200,transcript,load,0,0,1,1
13.1024,5.0062,0,0,enroll,load,0,0,1,1
13.1389,1.5716,1,200,transcript,load,0,0,1,1
13.139,4.1669,1,200,payment,load,0,0,1,1
13.1391,4.3028,1,200,student_read,load,0,0,1,1
13.1562,1.0876,1,200,timetable,load,0,0,1,1
13.1653,5.0048,0,0,student_read,load,0,0,1,1
13.1758,2.3783,1,200,transcript,load,0,0,1,1
13.1765,5.0073,0,0,enroll,load,0,0,1,1
13.2033,5.0122,0,0,payment,load,0,0,1,1
13.2106,2.7418,1,200,grade,load,0,0,1,1
13.2111,5.0075,0,0,balance,load,0,0,1,1
13.2177,1.3363,1,200,student_read,load,0,0,1,1
13.2221,5.009,0,0,student_read,load,0,0,1,1
13.2224,1.3433,1,200,timetable,load,0,0,1,1
13.2447,1.7514,1,200,student_read,load,0,0,1,1
13.2616,5.0136,0,0,probe_student,probe,0,0,1,1
13.2638,5.012,0,0,probe_records,probe,0,0,1,1
13.2662,5.0104,0,0,probe_timetable,probe,0,0,1,1
13.2692,5.0081,0,0,probe_payment,probe,0,0,1,1
13.2717,5.0071,0,0,balance,load,0,0,1,1
13.2782,2.4952,1,200,payment,load,0,0,1,1
13.2875,2.4564,1,200,payment,load,0,0,1,1
13.304,2.0496,1,200,balance,load,0,0,1,1
13.3061,0.8104,1,200,timetable,load,0,0,1,1
13.3065,0.8108,1,200,student_read,load,0,0,1,1
13.3076,5.0158,0,0,balance,load,0,0,1,1
13.3084,1.1124,1,200,transcript,load,0,0,1,1
13.3085,3.3375,1,200,balance,load,0,0,1,1
13.3385,3.5663,1,200,grade,load,0,0,1,1
13.3524,5.0046,0,0,student_read,load,0,0,1,1
13.3801,1.8584,1,200,payment,load,0,0,1,1
13.4061,1.046,1,200,timetable,load,0,0,1,1
13.4157,5.0061,0,0,payment,load,0,0,1,1
13.4159,5.0041,0,0,balance,load,0,0,1,1
13.4504,2.2385,1,200,payment,load,0,0,1,1
13.4576,1.064,1,200,student_read,load,0,0,1,1
13.5105,5.0153,0,0,probe_student,probe,0,0,1,1
13.5125,5.0145,0,0,probe_records,probe,0,0,1,1
13.5146,5.0131,0,0,probe_timetable,probe,0,0,1,1
13.5173,5.0113,0,0,probe_payment,probe,0,0,1,1
13.5195,5.0098,0,0,payment,load,0,0,1,1
13.5328,1.7061,1,200,timetable,load,0,0,1,1
13.5538,5.007,0,0,student_read,load,0,0,1,1
13.571,1.4544,1,200,student_read,load,0,0,1,1
13.5793,1.2574,1,200,timetable,load,0,0,1,1
13.6165,3.1885,1,200,student_read,load,0,0,1,1
13.6193,2.1593,1,200,timetable,load,0,0,1,1
13.6218,1.1151,1,200,payment,load,0,0,1,1
13.6269,3.532,1,200,student_read,load,0,0,1,1
13.6433,2.1651,1,200,timetable,load,0,0,1,1
13.649,2.3347,1,200,transcript,load,0,0,1,1
13.6636,5.0041,0,0,enroll,load,0,0,1,1
13.6768,1.7512,1,200,student_read,load,0,0,1,1
13.7031,5.0131,0,0,timetable,load,0,0,1,1
13.7058,2.5431,1,200,transcript,load,0,0,1,1
13.7105,1.7918,1,200,student_read,load,0,0,1,1
13.7295,1.3714,1,200,student_read,load,0,0,1,1
13.7477,1.6614,1,200,balance,load,0,0,1,1
13.7529,1.1964,1,200,transcript,load,0,0,1,1
13.7558,1.0812,1,200,probe_student,probe,0,0,1,1
13.7574,5.0167,0,0,probe_records,probe,0,0,1,1
13.759,5.0159,0,0,probe_timetable,probe,0,0,1,1
13.7607,5.0179,0,0,probe_payment,probe,0,0,1,1
13.7619,5.0172,0,0,payment,load,0,0,1,1
13.77,1.9456,1,200,student_read,load,0,0,1,1
13.7783,1.6028,1,200,balance,load,0,0,1,1
13.7946,1.101,1,200,transcript,load,0,0,1,1
13.8015,5.0102,0,0,grade,load,0,0,1,1
13.8213,2.4086,1,200,timetable,load,0,0,1,1
13.8342,5.0056,0,0,transcript,load,0,0,1,1
13.8454,1.5426,1,200,timetable,load,0,0,1,1
13.8457,5.01,0,0,student_read,load,0,0,1,1
13.8616,1.3802,1,200,payment,load,0,0,1,1
13.8643,5.0084,0,0,student_read,load,0,0,1,1
13.9098,5.0096,0,0,payment,load,0,0,1,1
13.9152,3.934,1,200,balance,load,0,0,1,1
13.9243,5.0104,0,0,balance,load,0,0,1,1
13.9306,2.6084,1,200,payment,load,0,0,1,1
13.9307,1.1295,1,200,transcript,load,0,0,1,1
13.9308,5.0056,0,0,student_read,load,0,0,1,1
13.9556,5.0115,0,0,enroll,load,0,0,1,1
13.9677,1.6466,1,200,timetable,load,0,0,1,1
14.0027,5.0208,0,0,probe_student,probe,0,0,1,1
14.0042,5.0086,0,0,timetable,load,0,0,1,1
14.0052,5.0188,0,0,probe_records,probe,0,0,1,1
14.0076,5.0169,0,0,probe_timetable,probe,0,0,1,1
14.0099,5.0151,0,0,probe_payment,probe,0,0,1,1
14.0123,5.0166,0,0,grade,load,0,0,1,1
14.0286,5.0122,0,0,balance,load,0,0,1,1
14.0413,0.7983,1,200,student_read,load,0,0,1,1
14.0513,1.1874,1,200,transcript,load,0,0,1,1
14.0619,1.3154,1,200,grade,load,0,0,1,1
14.0661,1.5636,1,200,transcript,load,0,0,1,1
14.068,3.5546,1,200,transcript,load,0,0,1,1
14.071,2.8529,1,200,balance,load,0,0,1,1
14.0715,1.2641,1,200,payment,load,0,0,1,1
14.0718,5.0015,0,0,transcript,load,0,0,1,1
14.1062,2.2591,1,200,enroll,load,0,0,1,1
14.112,5.0084,0,0,timetable,load,0,0,1,1
14.1125,0.8316,1,200,transcript,load,0,0,1,1
14.1165,5.0026,0,0,payment,load,0,0,1,1
14.1585,1.2675,1,200,timetable,load,0,0,1,1
14.1693,1.8043,1,200,student_read,load,0,0,1,1
14.205,5.0091,0,0,balance,load,0,0,1,1
14.2225,2.7222,1,200,timetable,load,0,0,1,1
14.2439,1.2438,1,200,balance,load,0,0,1,1
14.2513,5.0196,0,0,probe_student,probe,0,0,1,1
14.2533,5.0182,0,0,probe_records,probe,0,0,1,1
14.255,5.0172,0,0,probe_timetable,probe,0,0,1,1
14.2565,5.0167,0,0,probe_payment,probe,0,0,1,1
14.258,5.0175,0,0,payment,load,0,0,1,1
14.2768,2.2246,1,200,transcript,load,0,0,1,1
14.2995,2.4975,1,200,student_read,load,0,0,1,1
14.3119,2.2444,1,200,balance,load,0,0,1,1
14.3127,5.0081,0,0,grade,load,0,0,1,1
14.3269,4.805,1,200,balance,load,0,0,1,1
14.329,2.2076,1,200,timetable,load,0,0,1,1
14.3472,3.7427,1,200,student_read,load,0,0,1,1
14.3566,5.0123,0,0,balance,load,0,0,1,1
14.3598,5.0102,0,0,balance,load,0,0,1,1
14.3688,1.7865,1,200,payment,load,0,0,1,1
14.4061,5.0092,0,0,balance,load,0,0,1,1
14.4206,1.1265,1,200,timetable,load,0,0,1,1
14.4208,4.0698,1,200,student_read,load,0,0,1,1
14.4215,4.4643,1,200,payment,load,0,0,1,1
14.4236,5.0056,0,0,balance,load,0,0,1,1
14.4408,1.5651,1,200,payment,load,0,0,1,1
14.4446,1.4382,1,200,timetable,load,0,0,1,1
14.4515,5.0115,0,0,payment,load,0,0,1,1
14.4522,1.4531,1,200,balance,load,0,0,1,1
14.5148,5.0065,0,0,probe_student,probe,0,0,1,1
14.515,3.1796,1,200,payment,load,0,0,1,1
14.5154,5.0032,0,0,transcript,load,0,0,1,1
14.5167,5.0079,0,0,probe_records,probe,0,0,1,1
14.5189,5.0064,0,0,probe_timetable,probe,0,0,1,1
14.5206,5.0101,0,0,probe_payment,probe,0,0,1,1
14.5213,2.6023,1,200,balance,load,0,0,1,1
14.5216,0.8631,1,200,transcript,load,0,0,1,1
14.5217,2.8545,1,200,balance,load,0,0,1,1
14.5221,5.0092,0,0,transcript,load,0,0,1,1
14.5239,1.6056,1,200,enroll,load,0,0,1,1
14.5398,1.6899,1,200,timetable,load,0,0,1,1
14.5541,1.2705,1,200,balance,load,0,0,1,1
14.561,5.0107,0,0,transcript,load,0,0,1,1
14.5657,1.9035,1,200,timetable,load,0,0,1,1
14.6074,5.012,0,0,transcript,load,0,0,1,1
14.6089,1.1521,1,200,enroll,load,0,0,1,1
14.6223,3.3359,1,200,student_read,load,0,0,1,1
14.6313,2.4271,1,200,balance,load,0,0,1,1
14.6538,5.0122,0,0,balance,load,0,0,1,1
14.6864,1.1945,1,200,balance,load,0,0,1,1
14.6865,1.0316,1,200,timetable,load,0,0,1,1
14.7104,1.2935,1,200,balance,load,0,0,1,1
14.7147,5.0122,0,0,student_read,load,0,0,1,1
14.7185,1.8394,1,200,payment,load,0,0,1,1
14.7211,1.5085,1,200,payment,load,0,0,1,1
14.7369,3.1565,1,200,payment,load,0,0,1,1
14.7413,1.3258,1,200,enroll,load,0,0,1,1
14.7416,2.7385,1,200,timetable,load,0,0,1,1
14.7595,1.6164,1,200,student_read,load,0,0,1,1
14.7615,5.0082,0,0,probe_student,probe,0,0,1,1
14.7639,5.0062,0,0,probe_records,probe,0,0,1,1
14.7656,5.0057,0,0,probe_timetable,probe,0,0,1,1
14.7678,5.0045,0,0,probe_payment,probe,0,0,1,1
14.7702,5.0064,0,0,grade,load,0,0,1,1
14.8077,5.0101,0,0,student_read,load,0,0,1,1
14.8133,1.613,1,200,balance,load,0,0,1,1
14.8287,1.8066,1,200,transcript,load,0,0,1,1
14.8367,3.3372,1,200,payment,load,0,0,1,1
14.8396,2.5421,1,200,student_read,load,0,0,1,1
14.8555,5.0106,0,0,student_read,load,0,0,1,1
14.8688,1.5983,1,200,balance,load,0,0,1,1
14.8956,1.6431,1,200,transcript,load,0,0,1,1
14.9016,5.0108,0,0,student_read,load,0,0,1,1
14.9441,1.2345,1,200,student_read,load,0,0,1,1
14.9493,5.0069,0,0,payment,load,0,0,1,1
14.9494,2.0553,1,200,payment,load,0,0,1,1
14.9646,5.0015,0,0,transcript,load,0,0,1,1
14.996,0.8894,1,200,enroll,load,0,0,1,1
15.0115,5.0063,0,0,probe_student,probe,0,0,1,1
15.0137,5.0122,0,0,probe_records,probe,0,0,1,1
15.0157,5.0122,0,0,probe_timetable,probe,0,0,1,1
15.0179,5.0118,0,0,probe_payment,probe,0,0,1,1
15.0217,5.0091,0,0,payment,load,0,0,1,1
15.0254,1.5068,1,200,student_read,load,0,0,1,1
15.0416,1.903,1,200,timetable,load,0,0,1,1
15.059,5.0075,0,0,timetable,load,0,0,1,1
15.0603,1.2465,1,200,payment,load,0,0,1,1
15.1009,1.1966,1,200,transcript,load,0,0,1,1
15.1041,5.0082,0,0,transcript,load,0,0,1,1
15.1163,2.6242,1,200,payment,load,0,0,1,1
15.1187,2.5587,1,200,student_read,load,0,0,1,1
15.1519,5.0062,0,0,student_read,load,0,0,1,1
15.1953,3.8675,1,200,balance,load,0,0,1,1
15.2151,5.0047,0,0,student_read,load,0,0,1,1
15.2159,5.0028,0,0,balance,load,0,0,1,1
15.2385,1.1997,1,200,enroll,load,0,0,1,1
15.2387,1.6144,1,200,student_read,load,0,0,1,1
15.2389,0.9857,1,200,grade,load,0,0,1,1
15.2418,1.6035,1,200,transcript,load,0,0,1,1
15.2624,5.0191,0,0,probe_student,probe,0,0,1,1
15.2643,5.0224,0,0,probe_records,probe,0,0,1,1
15.2659,5.0254,0,0,probe_timetable,probe,0,0,1,1
15.2674,5.0246,0,0,probe_payment,probe,0,0,1,1
15.269,5.0243,0,0,payment,load,0,0,1,1
15.3079,0.5116,0,0,enroll,load,0,0,1,1
15.325,2.4872,1,200,student_read,load,0,0,1,1
15.3356,2.073,1,200,balance,load,0,0,1,1
15.3536,2.4524,1,200,timetable,load,0,0,1,1
15.3551,0.5152,0,0,payment,load,0,0,1,1
15.3569,0.5097,0,0,timetable,load,0,0,1,1
15.3587,0.5102,0,0,student_read,load,0,0,1,1
15.3811,3.4902,1,200,enroll,load,0,0,1,1
15.3848,2.5305,1,200,student_read,load,0,0,1,1
15.3849,1.1675,1,200,transcript,load,0,0,1,1
15.388,1.2374,1,200,student_read,load,0,0,1,1
15.4035,1.973,1,200,balance,load,0,0,1,1
15.4091,1.2411,1,200,timetable,load,0,0,1,1
15.4161,1.6485,1,200,student_read,load,0,0,1,1
15.428,2.2682,1,200,balance,load,0,0,1,1
15.428,1.3198,1,200,student_read,load,0,0,1,1
15.4513,1.2138,1,200,transcript,load,0,0,1,1
15.4669,2.6448,1,200,balance,load,0,0,1,1
15.4713,2.7297,1,200,enroll,load,0,0,1,1
15.4877,0.8877,1,200,timetable,load,0,0,1,1
15.5023,1.9371,1,200,balance,load,0,0,1,1
15.513,0.5222,0,0,probe_student,probe,0,0,1,1
15.5151,0.5211,0,0,probe_records,probe,0,0,1,1
15.5175,0.5195,0,0,probe_timetable,probe,0,0,1,1
15.52,0.5177,0,0,probe_payment,probe,0,0,1,1
15.5218,0.5165,0,0,balance,load,0,0,1,1
15.5358,1.1736,1,200,balance,load,0,0,1,1
15.5472,1.3881,1,200,student_read,load,0,0,1,1
15.5541,1.2546,1,200,payment,load,0,0,1,1
15.5589,0.5082,0,0,timetable,load,0,0,1,1
15.6048,0.5129,0,0,balance,load,0,0,1,1
15.6056,1.5668,1,200,timetable,load,0,0,1,1
15.6144,2.7746,1,200,grade,load,0,0,1,1
15.6297,1.341,1,200,student_read,load,0,0,1,1
15.6652,0.5117,0,0,transcript,load,0,0,1,1
15.6976,0.5108,0,0,transcript,load,0,0,1,1
15.712,5.008,0,0,payment,load,0,0,1,1
15.7156,1.9172,1,200,student_read,load,0,0,1,1
15.7182,2.2819,1,200,transcript,load,0,0,1,1
15.7439,2.8038,1,200,balance,load,0,0,1,1
15.7583,0.5187,0,0,probe_student,probe,0,0,1,1
15.7604,0.5172,0,0,probe_records,probe,0,0,1,1
15.7609,1.591,1,200,timetable,load,0,0,1,1
15.7626,0.5154,0,0,probe_timetable,probe,0,0,1,1
15.7644,0.5141,0,0,probe_payment,probe,0,0,1,1
15.767,0.5119,0,0,enroll,load,0,0,1,1
15.7735,1.2387,1,200,balance,load,0,0,1,1
15.7786,1.1036,1,200,timetable,load,0,0,1,1
15.7788,5.0152,0,0,payment,load,0,0,1,1
15.8032,0.5162,0,0,enroll,load,0,0,1,1
15.8084,2.0042,1,200,student_read,load,0,0,1,1
15.8246,2.0772,1,200,student_read,load,0,0,1,1
15.8664,0.5121,0,0,transcript,load,0,0,1,1
15.8666,0.5118,0,0,enroll,load,0,0,1,1
15.8689,0.5115,0,0,student_read,load,0,0,1,1
15.8809,0.8323,1,200,timetable,load,0,0,1,1
15.8828,3.6318,1,200,payment,load,0,0,1,1
15.8855,1.613,1,200,balance,load,0,0,1,1
15.9053,1.494,1,200,grade,load,0,0,1,1
15.9117,0.5149,0,0,timetable,load,0,0,1,1
15.9139,1.2309,1,200,balance,load,0,0,1,1
15.9524,5.0159,0,0,balance,load,0,0,1,1
15.9544,2.0459,1,200,grade,load,0,0,1,1
15.9571,0.5041,0,0,balance,load,0,0,1,1
15.9737,1.5056,1,200,student_read,load,0,0,1,1
15.9837,2.7128,1,200,enroll,load,0,0,1,1
16.0038,0.5254,0,0,probe_student,probe,0,0,1,1
16.004,1.0563,1,200,timetable,load,0,0,1,1
16.0058,0.5243,0,0,probe_records,probe,0,0,1,1
16.0059,2.9485,1,200,transcript,load,0,0,1,1
16.0076,0.5232,0,0,probe_timetable,probe,0,0,1,1
16.0096,0.5257,0,0,probe_payment,probe,0,0,1,1
16.0121,0.5241,0,0,student_read,load,0,0,1,1
16.0505,0.505,0,0,payment,load,0,0,1,1
16.0671,2.2982,1,200,payment,load,0,0,1,1
16.0673,0.5162,0,0,grade,load,0,0,1,1
16.0703,1.1021,1,200,timetable,load,0,0,1,1
16.1143,0.5059,0,0,timetable,load,0,0,1,1
16.127,4.3595,1,200,student_read,load,0,0,1,1
16.1295,3.1645,1,200,balance,load,0,0,1,1
16.1553,0.9683,1,200,timetable,load,0,0,1,1
16.1595,0.5067,0,0,transcript,load,0,0,1,1
16.1786,4.7033,1,200,student_read,load,0,0,1,1
16.2082,0.5041,0,0,timetable,load,0,0,1,1
16.2084,0.5159,0,0,student_read,load,0,0,1,1
16.2246,3.7608,1,200,balance,load,0,0,1,1
16.2296,2.754,1,200,timetable,load,0,0,1,1
16.2297,2.394,1,200,balance,load,0,0,1,1
16.2299,1.5484,1,200,payment,load,0,0,1,1
16.249,0.9698,1,200,transcript,load,0,0,1,1
16.2559,0.5206,0,0,probe_student,probe,0,0,1,1
16.2577,0.5192,0,0,probe_records,probe,0,0,1,1
16.2602,0.5174,0,0,probe_timetable,probe,0,0,1,1
16.2624,0.5159,0,0,probe_payment,probe,0,0,1,1
16.2646,0.5145,0,0,balance,load,0,0,1,1
16.2976,1.8233,1,200,grade,load,0,0,1,1
16.3068,1.2491,1,200,timetable,load,0,0,1,1
16.3163,0.5164,0,0,payment,load,0,0,1,1
16.3626,0.5055,0,0,student_read,load,0,0,1,1
16.3654,0.8882,1,200,enroll,load,0,0,1,1
16.3754,1.1308,1,200,balance,load,0,0,1,1
16.3759,5.0053,0,0,balance,load,0,0,1,1
16.3784,0.5162,0,0,student_read,load,0,0,1,1
16.3804,0.5165,0,0,balance,load,0,0,1,1
16.4097,0.5043,0,0,student_read,load,0,0,1,1
16.4163,3.2289,1,200,balance,load,0,0,1,1
16.4264,1.2045,1,200,student_read,load,0,0,1,1
16.4383,1.2859,1,200,student_read,load,0,0,1,1
16.4577,2.4142,1,200,transcript,load,0,0,1,1
16.4671,0.9722,1,200,timetable,load,0,0,1,1
16.4692,2.2428,1,200,payment,load,0,0,1,1
16.5014,1.6451,1,200,balance,load,0,0,1,1
16.5051,3.0146,1,200,probe_student,probe,0,0,1,1
16.5064,0.5296,0,0,probe_records,probe,0,0,1,1
16.508,0.5291,0,0,probe_timetable,probe,0,0,1,1
16.51,0.5277,0,0,probe_payment,probe,0,0,1,1
16.5118,0.5267,0,0,timetable,load,0,0,1,1
16.5322,1.7247,1,200,transcript,load,0,0,1,1
16.5367,4.6095,1,200,balance,load,0,0,1,1
16.5387,1.4427,1,200,payment,load,0,0,1,1
16.5391,2.4273,1,200,balance,load,0,0,1,1
16.5515,0.5165,0,0,student_read,load,0,0,1,1
16.5524,1.9853,1,200,grade,load,0,0,1,1
16.5564,1.7357,1,200,student_read,load,0,0,1,1
16.5579,1.379,1,200,timetable,load,0,0,1,1
16.5594,0.5083,0,0,transcript,load,0,0,1,1
16.5639,0.5076,0,0,transcript,load,0,0,1,1
16.5698,0.5123,0,0,timetable,load,0,0,1,1
16.5716,0.5131,0,0,transcript,load,0,0,1,1
16.5738,0.513,0,0,balance,load,0,0,1,1
16.5755,0.5127,0,0,transcript,load,0,0,1,1
16.5773,0.5125,0,0,balance,load,0,0,1,1
16.5814,0.5122,0,0,timetable,load,0,0,1,1
16.5835,0.5131,0,0,timetable,load,0,0,1,1
16.5843,0.5115,0,0,timetable,load,0,0,1,1
16.5891,0.512,0,0,balance,load,0,0,1,1
16.5913,0.512,0,0,transcript,load,0,0,1,1
16.5965,0.511,0,0,transcript,load,0,0,1,1
16.598,0.5116,0,0,balance,load,0,0,1,1
16.6028,0.5102,0,0,grade,load,0,0,1,1
16.6044,0.511,0,0,balance,load,0,0,1,1
16.6066,0.5108,0,0,transcript,load,0,0,1,1
16.6111,0.5112,0,0,student_read,load,0,0,1,1
16.6136,0.5108,0,0,transcript,load,0,0,1,1
16.6152,0.5121,0,0,enroll,load,0,0,1,1
16.616,0.5106,0,0,transcript,load,0,0,1,1
16.6254,3.0213,1,200,timetable,load,0,0,1,1
16.6352,5.004,0,0,transcript,load,0,0,1,1
16.646,1.6606,1,200,payment,load,0,0,1,1
16.648,2.4657,1,200,transcript,load,0,0,1,1
16.6502,1.9404,1,200,transcript,load,0,0,1,1
16.662,0.5117,0,0,timetable,load,0,0,1,1
16.6651,1.382,1,200,payment,load,0,0,1,1
16.7,1.5454,1,200,student_read,load,0,0,1,1
16.7063,1.9785,1,200,payment,load,0,0,1,1
16.7078,0.5125,0,0,timetable,load,0,0,1,1
16.7085,0.5115,0,0,timetable,load,0,0,1,1
16.7095,1.2695,1,200,payment,load,0,0,1,1
16.7132,1.8415,1,200,transcript,load,0,0,1,1
16.7243,0.5103,0,0,timetable,load,0,0,1,1
16.7478,0.7788,1,200,transcript,load,0,0,1,1
16.7545,0.5255,0,0,probe_student,probe,0,0,1,1
16.7561,0.5245,0,0,probe_records,probe,0,0,1,1
16.7574,0.5241,0,0,probe_timetable,probe,0,0,1,1
16.7586,0.5238,0,0,probe_payment,probe,0,0,1,1
16.7602,0.523,0,0,student_read,load,0,0,1,1
16.797,1.7549,1,200,transcript,load,0,0,1,1
16.8007,0.516,0,0,balance,load,0,0,1,1
16.8088,1.3298,1,200,grade,load,0,0,1,1
16.8204,2.2273,1,200,grade,load,0,0,1,1
16.8454,3.4677,1,200,student_read,load,0,0,1,1
16.8532,1.4264,1,200,balance,load,0,0,1,1
16.8635,2.1242,1,200,enroll,load,0,0,1,1
16.8822,5.0058,0,0,payment,load,0,0,1,1
16.8947,0.5084,0,0,payment,load,0,0,1,1
16.8969,0.508,0,0,timetable,load,0,0,1,1
16.9049,1.8092,1,200,transcript,load,0,0,1,1
16.91,0.5129,0,0,balance,load,0,0,1,1
16.9239,2.6348,1,200,transcript,load,0,0,1,1
16.9353,2.8608,1,200,enroll,load,0,0,1,1
16.9447,1.5132,1,200,grade,load,0,0,1,1
16.9447,1.1902,1,200,enroll,load,0,0,1,1
16.956,0.5135,0,0,transcript,load,0,0,1,1
16.9616,3.7826,1,200,payment,load,0,0,1,1
16.9707,2.2248,1,200,student_read,load,0,0,1,1
17.0028,0.5257,0,0,probe_student,probe,0,0,1,1
17.0047,2.014,1,200,balance,load,0,0,1,1
17.0056,0.5234,0,0,probe_records,probe,0,0,1,1
17.0077,0.5221,0,0,probe_timetable,probe,0,0,1,1
17.0101,0.5202,0,0,probe_payment,probe,0,0,1,1
17.0122,1.3737,1,200,transcript,load,0,0,1,1
17.0126,0.5184,0,0,payment,load,0,0,1,1
17.0148,0.514,0,0,balance,load,0,0,1,1
17.0584,0.8548,1,200,transcript,load,0,0,1,1
17.0603,2.5733,1,200,enroll,load,0,0,1,1
17.0646,1.4666,1,200,student_read,load,0,0,1,1
17.0661,0.5049,0,0,enroll,load,0,0,1,1
17.0678,0.5116,0,0,timetable,load,0,0,1,1
17.0715,0.5105,0,0,student_read,load,0,0,1,1
17.082,0.513,0,0,enroll,load,0,0,1,1
17.0847,0.5128,0,0,enroll,load,0,0,1,1
17.0867,0.5154,0,0,balance,load,0,0,1,1
17.0882,0.5167,0,0,transcript,load,0,0,1,1
17.0898,0.5175,0,0,payment,load,0,0,1,1
17.0937,0.5218,0,0,payment,load,0,0,1,1
17.0958,0.5223,0,0,balance,load,0,0,1,1
17.0967,0.5133,0,0,student_read,load,0,0,1,1
17.1012,0.5194,0,0,payment,load,0,0,1,1
17.1033,0.5188,0,0,payment,load,0,0,1,1
17.1076,0.5183,0,0,payment,load,0,0,1,1
17.1097,0.5182,0,0,timetable,load,0,0,1,1
17.1119,0.5039,0,0,grade,load,0,0,1,1
17.113,0.5212,0,0,payment,load,0,0,1,1
17.1154,0.5209,0,0,transcript,load,0,0,1,1
17.1175,0.5203,0,0,payment,load,0,0,1,1
17.1223,0.5216,0,0,timetable,load,0,0,1,1
17.1236,1.6725,1,200,enroll,load,0,0,1,1
17.1237,1.0702,1,200,timetable,load,0,0,1,1
17.1244,0.5216,0,0,student_read,load,0,0,1,1
17.1266,0.5221,0,0,balance,load,0,0,1,1
17.1449,1.5671,1,200,timetable,load,0,0,1,1
17.1575,0.5145,0,0,student_read,load,0,0,1,1
17.1589,1.2602,1,200,enroll,load,0,0,1,1
17.1724,2.7338,1,200,timetable,load,0,0,1,1
17.1725,5.0124,0,0,payment,load,0,0,1,1
17.2036,5.0131,0,0,payment,load,0,0,1,1
17.2188,3.8084,1,200,payment,load,0,0,1,1
17.22,5.0102,0,0,grade,load,0,0,1,1
17.2346,5.0115,0,0,payment,load,0,0,1,1
17.2535,1.1493,1,200,timetable,load,0,0,1,1
17.2676,5.0034,0,0,probe_student,probe,0,0,1,1
17.2698,5.0074,0,0,probe_records,probe,0,0,1,1
17.2719,5.0073,0,0,probe_timetable,probe,0,0,1,1
17.2741,5.0056,0,0,probe_payment,probe,0,0,1,1
17.2763,5.0051,0,0,balance,load,0,0,1,1
17.3059,1.0595,1,200,balance,load,0,0,1,1
17.3135,5.0093,0,0,student_read,load,0,0,1,1
17.3293,5.0092,0,0,transcript,load,0,0,1,1
17.352,1.1754,1,200,payment,load,0,0,1,1
17.3592,5.01,0,0,balance,load,0,0,1,1
17.3762,2.3266,1,200,balance,load,0,0,1,1
17.3817,1.5218,1,200,balance,load,0,0,1,1
17.3993,1.153,1,200,timetable,load,0,0,1,1
17.4031,5.0132,0,0,balance,load,0,0,1,1
17.4049,5.0127,0,0,balance,load,0,0,1,1
17.4056,1.6573,1,200,payment,load,0,0,1,1
17.4086,2.5756,1,200,payment,load,0,0,1,1
17.4393,1.0299,1,200,timetable,load,0,0,1,1
17.4395,1.1478,1,200,timetable,load,0,0,1,1
17.442,1.3964,1,200,grade,load,0,0,1,1
17.4532,5.0132,0,0,transcript,load,0,0,1,1
17.4629,3.9006,1,200,transcript,load,0,0,1,1
17.4792,1.0704,1,200,transcript,load,0,0,1,1
17.4801,2.9079,1,200,timetable,load,0,0,1,1
17.4985,5.0127,0,0,balance,load,0,0,1,1
17.5062,1.7394,1,200,grade,load,0,0,1,1
17.5178,5.007,0,0,probe_student,probe,0,0,1,1
17.5195,5.0077,0,0,probe_records,probe,0,0,1,1
17.521,5.0075,0,0,probe_timetable,probe,0,0,1,1
17.5227,5.0068,0,0,probe_payment,probe,0,0,1,1
17.5244,5.011,0,0,student_read,load,0,0,1,1
17.5267,1.227,1,200,timetable,load,0,0,1,1
17.5288,5.0122,0,0,timetable,load,0,0,1,1
17.5559,2.8335,1,200,transcript,load,0,0,1,1
17.5632,5.0099,0,0,student_read,load,0,0,1,1
17.5794,5.0096,0,0,transcript,load,0,0,1,1
17.582,5.0078,0,0,balance,load,0,0,1,1
17.5951,5.009,0,0,payment,load,0,0,1,1
17.5975,5.0074,0,0,timetable,load,0,0,1,1
17.6024,5.0041,0,0,payment,load,0,0,1,1
17.6049,5.003,0,0,balance,load,0,0,1,1
17.6073,0.5159,0,0,payment,load,0,0,1,1
17.6096,0.5131,0,0,balance,load,0,0,1,1
17.6099,0.513,0,0,enroll,load,0,0,1,1
17.6155,0.5102,0,0,timetable,load,0,0,1,1
17.6181,0.5095,0,0,payment,load,0,0,1,1
17.6206,0.5086,0,0,transcript,load,0,0,1,1
17.6221,0.5087,0,0,balance,load,0,0,1,1
17.6226,2.3467,1,200,payment,load,0,0,1,1
17.6258,0.5085,0,0,student_read,load,0,0,1,1
17.6279,0.5089,0,0,payment,load,0,0,1,1
17.6308,0.8273,1,200,student_read,load,0,0,1,1
17.6329,1.0791,1,200,transcript,load,0,0,1,1
17.6342,0.5083,0,0,enroll,load,0,0,1,1
17.6364,0.5081,0,0,student_read,load,0,0,1,1
17.6378,0.5121,0,0,transcript,load,0,0,1,1
17.6439,0.5099,0,0,transcript,load,0,0,1,1
17.6459,0.5102,0,0,balance,load,0,0,1,1
17.6487,0.5096,0,0,balance,load,0,0,1,1
17.6557,0.5135,0,0,enroll,load,0,0,1,1
17.6774,1.5643,1,200,timetable,load,0,0,1,1
17.6946,1.6461,1,200,payment,load,0,0,1,1
17.6962,1.8881,1,200,timetable,load,0,0,1,1
17.7018,0.5162,0,0,payment,load,0,0,1,1
17.7242,2.3946,1,200,student_read,load,0,0,1,1
17.7336,0.5138,0,0,student_read,load,0,0,1,1
17.7406,1.336,1,200,student_read,load,0,0,1,1
17.749,0.5123,0,0,balance,load,0,0,1,1
17.7643,0.5167,0,0,probe_student,probe,0,0,1,1
17.7664,0.5152,0,0,probe_records,probe,0,0,1,1
17.7686,0.5138,0,0,probe_timetable,probe,0,0,1,1
17.7709,0.5123,0,0,probe_payment,probe,0,0,1,1
17.7735,0.5104,0,0,student_read,load,0,0,1,1
17.7784,2.0276,1,200,student_read,load,0,0,1,1
17.7807,0.5116,0,0,balance,load,0,0,1,1
17.806,2.7951,1,200,balance,load,0,0,1,1
17.8123,1.8136,1,200,payment,load,0,0,1,1
17.8123,0.5109,0,0,student_read,load,0,0,1,1
17.8126,2.3943,1,200,balance,load,0,0,1,1
17.8492,1.2315,1,200,balance,load,0,0,1,1
17.8599,0.5107,0,0,enroll,load,0,0,1,1
17.8935,1.2464,1,200,student_read,load,0,0,1,1
17.9018,1.4479,1,200,enroll,load,0,0,1,1
17.9055,0.5133,0,0,student_read,load,0,0,1,1
17.9133,1.986,1,200,payment,load,0,0,1,1
17.9153,1.4964,1,200,enroll,load,0,0,1,1
17.9369,5.0074,0,0,student_read,load,0,0,1,1
17.9512,0.5148,0,0,balance,load,0,0,1,1
17.9582,0.9476,1,200,timetable,load,0,0,1,1
17.979,3.006,1,200,student_read,load,0,0,1,1
17.9814,0.7721,1,200,balance,load,0,0,1,1
18.0001,2.0408,1,200,transcript,load,0,0,1,1
18.0003,1.1025,1,200,timetable,load,0,0,1,1
18.0137,0.517,0,0,probe_student,probe,0,0,1,1
18.0154,0.516,0,0,probe_records,probe,0,0,1,1
18.0169,0.5156,0,0,probe_timetable,probe,0,0,1,1
18.0184,0.5147,0,0,probe_payment,probe,0,0,1,1
18.0205,0.5133,0,0,grade,load,0,0,1,1
18.0472,3.7415,1,200,balance,load,0,0,1,1
18.0597,0.5146,0,0,timetable,load,0,0,1,1
18.0899,2.9323,1,200,grade,load,0,0,1,1
18.1061,0.5142,0,0,enroll,load,0,0,1,1
18.1209,2.0651,1,200,student_read,load,0,0,1,1
18.123,0.512,0,0,grade,load,0,0,1,1
18.1232,0.503,0,0,payment,load,0,0,1,1
18.1257,0.51,0,0,timetable,load,0,0,1,1
18.1276,0.5105,0,0,timetable,load,0,0,1,1
18.1293,0.5113,0,0,payment,load,0,0,1,1
18.1308,0.5123,0,0,payment,load,0,0,1,1
18.1344,0.5133,0,0,grade,load,0,0,1,1
18.1349,2.3993,1,200,payment,load,0,0,1,1
18.1368,0.513,0,0,enroll,load,0,0,1,1
18.1386,2.3116,1,200,enroll,load,0,0,1,1
18.1426,0.5092,0,0,student_read,load,0,0,1,1
18.1445,0.5125,0,0,student_read,load,0,0,1,1
18.1465,2.1688,1,200,balance,load,0,0,1,1
18.15,0.5089,0,0,student_read,load,0,0,1,1
18.1526,3.6798,1,200,student_read,load,0,0,1,1
18.1538,0.509,0,0,transcript,load,0,0,1,1
18.1561,0.5088,0,0,timetable,load,0,0,1,1
18.1583,0.5089,0,0,student_read,load,0,0,1,1
18.1739,1.2084,1,200,balance,load,0,0,1,1
18.1838,0.5041,0,0,transcript,load,0,0,1,1
18.1939,2.0015,1,200,payment,load,0,0,1,1
18.201,1.5677,1,200,enroll,load,0,0,1,1
18.2154,0.5142,0,0,timetable,load,0,0,1,1
18.2155,0.514,0,0,enroll,load,0,0,1,1
18.2312,0.5144,0,0,enroll,load,0,0,1,1
18.2454,5.0144,0,0,student_read,load,0,0,1,1
18.2475,0.5077,0,0,student_read,load,0,0,1,1
18.2569,1.6704,1,200,enroll,load,0,0,1,1
18.2602,0.5197,0,0,probe_student,probe,0,0,1,1
18.2613,0.515,0,0,student_read,load,0,0,1,1
18.2622,0.5185,0,0,probe_records,probe,0,0,1,1
18.2638,0.5178,0,0,probe_timetable,probe,0,0,1,1
18.2659,0.5164,0,0,probe_payment,probe,0,0,1,1
18.2679,0.5152,0,0,student_read,load,0,0,1,1
18.2795,1.6891,1,200,timetable,load,0,0,1,1
18.2921,0.9888,1,200,transcript,load,0,0,1,1
18.2923,0.5163,0,0,transcript,load,0,0,1,1
18.3067,0.9171,1,200,timetable,load,0,0,1,1
18.3071,0.506,0,0,student_read,load,0,0,1,1
18.3234,0.5171,0,0,grade,load,0,0,1,1
18.3542,0.507,0,0,enroll,load,0,0,1,1
18.3654,0.9885,1,200,transcript,load,0,0,1,1
18.3654,1.3601,1,200,transcript,load,0,0,1,1
18.386,0.6947,1,200,student_read,load,0,0,1,1
18.389,3.1964,1,200,balance,load,0,0,1,1
18.4014,0.5173,0,0,timetable,load,0,0,1,1
18.4029,1.9524,1,200,payment,load,0,0,1,1
18.4191,1.9253,1,200,transcript,load,0,0,1,1
18.4219,0.5119,0,0,payment,load,0,0,1,1
18.458,1.9837,1,200,balance,load,0,0,1,1
18.4582,1.3465,1,200,transcript,load,0,0,1,1
18.4632,0.5058,0,0,balance,load,0,0,1,1
18.4692,0.6867,1,200,timetable,load,0,0,1,1
18.4906,2.8635,1,200,balance,load,0,0,1,1
18.5105,0.5221,0,0,probe_student,probe,0,0,1,1
18.5124,0.5209,0,0,probe_records,probe,0,0,1,1
18.5138,0.52,0,0,probe_timetable,probe,0,0,1,1
18.5158,0.5188,0,0,probe_payment,probe,0,0,1,1
18.5181,0.517,0,0,transcript,load,0,0,1,1
18.5274,1.2574,1,200,balance,load,0,0,1,1
18.5312,2.4414,1,200,balance,load,0,0,1,1
18.5377,0.7431,1,200,student_read,load,0,0,1,1
18.5478,1.5995,1,200,enroll,load,0,0,1,1
18.5497,1.6096,1,200,timetable,load,0,0,1,1
18.552,1.0505,1,200,student_read,load,0,0,1,1
18.5523,1.6067,1,200,transcript,load,0,0,1,1
18.5547,3.4864,1,200,payment,load,0,0,1,1
18.5581,0.5056,0,0,transcript,load,0,0,1,1
18.5873,4.1084,1,200,balance,load,0,0,1,1
18.5907,2.5548,1,200,payment,load,0,0,1,1
18.6042,0.5155,0,0,enroll,load,0,0,1,1
18.6237,1.5386,1,200,student_read,load,0,0,1,1
18.6262,0.5079,0,0,payment,load,0,0,1,1
18.635,0.5148,0,0,transcript,load,0,0,1,1
18.6358,0.5141,0,0,payment,load,0,0,1,1
18.6381,0.5138,0,0,enroll,load,0,0,1,1
18.6406,0.5134,0,0,balance,load,0,0,1,1
18.6432,0.5135,0,0,balance,load,0,0,1,1
18.6477,0.5145,0,0,balance,load,0,0,1,1
18.6499,0.5151,0,0,transcript,load,0,0,1,1
18.6518,0.5147,0,0,student_read,load,0,0,1,1
18.657,0.512,0,0,balance,load,0,0,1,1
18.6589,0.5116,0,0,balance,load,0,0,1,1
18.6628,0.511,0,0,payment,load,0,0,1,1
18.665,0.5112,0,0,transcript,load,0,0,1,1
18.6654,0.5152,0,0,transcript,load,0,0,1,1
18.6672,0.5119,0,0,student_read,load,0,0,1,1
18.6848,3.4718,1,200,transcript,load,0,0,1,1
18.6878,0.5075,0,0,timetable,load,0,0,1,1
18.6966,1.1453,1,200,student_read,load,0,0,1,1
18.712,1.3384,1,200,student_read,load,0,0,1,1
18.712,1.6757,1,200,payment,load,0,0,1,1
18.7121,0.9996,1,200,timetable,load,0,0,1,1
18.7133,0.5134,0,0,timetable,load,0,0,1,1
18.7141,2.1568,1,200,payment,load,0,0,1,1
18.7296,0.5131,0,0,transcript,load,0,0,1,1
18.7456,0.5123,0,0,transcript,load,0,0,1,1
18.7535,2.0603,1,200,transcript,load,0,0,1,1
18.7537,1.7407,1,200,enroll,load,0,0,1,1
18.7552,0.519,0,0,transcript,load,0,0,1,1
18.7614,0.5154,0,0,probe_student,probe,0,0,1,1
18.7636,0.5137,0,0,probe_records,probe,0,0,1,1
18.7658,0.512,0,0,probe_timetable,probe,0,0,1,1
18.7681,0.5101,0,0,probe_payment,probe,0,0,1,1
18.7702,0.5084,0,0,timetable,load,0,0,1,1
18.7764,0.5067,0,0,student_read,load,0,0,1,1
18.7961,1.4335,1,200,timetable,load,0,0,1,1
18.8082,0.5122,0,0,payment,load,0,0,1,1
18.8086,0.5115,0,0,student_read,load,0,0,1,1
18.8383,0.81,1,200,transcript,load,0,0,1,1
18.8398,0.5126,0,0,enroll,load,0,0,1,1
18.8405,0.5118,0,0,transcript,load,0,0,1,1
18.8545,0.5148,0,0,balance,load,0,0,1,1
18.8557,0.5129,0,0,timetable,load,0,0,1,1
18.8714,2.6116,1,200,student_read,load,0,0,1,1
18.8858,0.8014,1,200,payment,load,0,0,1,1
18.9015,1.8878,1,200,transcript,load,0,0,1,1
18.9035,0.8899,1,200,timetable,load,0,0,1,1
18.9058,1.156,1,200,payment,load,0,0,1,1
18.9338,0.5104,0,0,payment,load,0,0,1,1
18.9347,0.5097,0,0,balance,load,0,0,1,1
18.9365,0.5104,0,0,grade,load,0,0,1,1
18.9544,2.9096,1,200,student_read,load,0,0,1,1
18.964,0.5112,0,0,timetable,load,0,0,1,1
18.9664,4.5334,1,200,payment,load,0,0,1,1
18.9836,1.2872,1,200,enroll,load,0,0,1,1
19.0128,0.5113,0,0,grade,load,0,0,1,1
19.0135,0.9891,1,200,probe_student,probe,0,0,1,1
19.0148,0.5188,0,0,probe_records,probe,0,0,1,1
19.0172,0.5228,0,0,probe_timetable,probe,0,0,1,1
19.0187,1.0469,1,200,balance,load,0,0,1,1
19.019,0.5374,0,0,probe_payment,probe,0,0,1,1
19.0204,0.5371,0,0,enroll,load,0,0,1,1
19.0408,0.5137,0,0,grade,load,0,0,1,1
19.0477,3.3716,1,200,enroll,load,0,0,1,1
19.0569,0.5141,0,0,transcript,load,0,0,1,1
19.0628,2.9612,1,200,enroll,load,0,0,1,1
19.0733,0.5134,0,0,transcript,load,0,0,1,1
19.0766,1.3147,1,200,grade,load,0,0,1,1
19.0807,1.2362,1,200,transcript,load,0,0,1,1
19.0807,1.0352,1,200,transcript,load,0,0,1,1
19.1027,1.0119,1,200,transcript,load,0,0,1,1
19.1027,3.0249,1,200,transcript,load,0,0,1,1
19.1137,2.4396,1,200,transcript,load,0,0,1,1
19.1191,0.5131,0,0,student_read,load,0,0,1,1
19.1319,3.082,1,200,student_read,load,0,0,1,1
19.1342,0.5022,0,0,timetable,load,0,0,1,1
19.1399,1.2688,1,200,timetable,load,0,0,1,1
19.1498,0.5064,0,0,enroll,load,0,0,1,1
19.1499,0.5144,0,0,student_read,load,0,0,1,1
19.1519,0.5151,0,0,enroll,load,0,0,1,1
19.154,0.5173,0,0,balance,load,0,0,1,1
19.1559,1.4261,1,200,payment,load,0,0,1,1
19.1567,0.517,0,0,enroll,load,0,0,1,1
19.1622,0.5164,0,0,enroll,load,0,0,1,1
19.1638,0.5039,0,0,transcript,load,0,0,1,1
19.165,0.5153,0,0,timetable,load,0,0,1,1
19.1665,0.5153,0,0,student_read,load,0,0,1,1
19.169,0.5144,0,0,timetable,load,0,0,1,1
19.1705,0.5152,0,0,timetable,load,0,0,1,1
19.1738,0.5202,0,0,balance,load,0,0,1,1
19.1765,0.5191,0,0,payment,load,0,0,1,1
19.1791,0.5188,0,0,transcript,load,0,0,1,1
19.1954,0.5095,0,0,timetable,load,0,0,1,1
19.1955,1.0548,1,200,balance,load,0,0,1,1
19.2108,0.5155,0,0,timetable,load,0,0,1,1
19.2238,2.0361,1,200,enroll,load,0,0,1,1
19.2418,2.6562,1,200,transcript,load,0,0,1,1
19.2426,0.5125,0,0,timetable,load,0,0,1,1
19.2455,0.8432,1,200,timetable,load,0,0,1,1
19.2579,0.5138,0,0,balance,load,0,0,1,1
19.2585,0.5157,0,0,probe_student,probe,0,0,1,1
19.2609,0.5137,0,0,probe_records,probe,0,0,1,1
19.263,0.5122,0,0,probe_timetable,probe,0,0,1,1
19.2649,0.5108,0,0,probe_payment,probe,0,0,1,1
19.2672,0.5089,0,0,balance,load,0,0,1,1
19.2742,0.5131,0,0,timetable,load,0,0,1,1
19.2809,2.1566,1,200,timetable,load,0,0,1,1
19.281,1.5089,1,200,grade,load,0,0,1,1
19.2831,0.5055,0,0,transcript,load,0,0,1,1
19.2939,3.3405,1,200,balance,load,0,0,1,1
19.3043,4.4322,1,200,timetable,load,0,0,1,1
19.3202,4.4082,1,200,student_read,load,0,0,1,1
19.3407,1.2946,1,200,student_read,load,0,0,1,1
19.3498,2.4935,1,200,balance,load,0,0,1,1
19.3515,4.3869,1,200,timetable,load,0,0,1,1
19.3523,4.3891,1,200,student_read,load,0,0,1,1
19.3524,4.4106,1,200,payment,load,0,0,1,1
19.3539,1.5463,1,200,payment,load,0,0,1,1
19.3686,4.4209,1,200,grade,load,0,0,1,1
19.3689,4.4005,1,200,balance,load,0,0,1,1
19.3824,1.171,1,200,transcript,load,0,0,1,1
19.4117,1.686,1,200,transcript,load,0,0,1,1
19.4127,4.3732,1,200,balance,load,0,0,1,1
19.4292,4.3821,1,200,balance,load,0,0,1,1
19.4443,4.3841,1,200,payment,load,0,0,1,1
19.4444,4.367,1,200,student_read,load,0,0,1,1
19.4468,4.4031,1,200,balance,load,0,0,1,1
19.4598,4.3784,1,200,enroll,load,0,0,1,1
19.5072,4.3474,1,200,probe_student,probe,0,0,1,1
19.5091,4.3406,1,200,probe_records,probe,0,0,1,1
19.5104,4.3465,1,200,probe_timetable,probe,0,0,1,1
19.5119,4.3488,1,200,probe_payment,probe,0,0,1,1
19.5134,4.3897,1,200,balance,load,0,0,1,1
19.5146,0.9481,1,200,enroll,load,0,0,1,1
19.5187,4.3732,1,200,payment,load,0,0,1,1
19.5241,4.3984,1,200,balance,load,0,0,1,1
19.5539,1.2363,1,200,timetable,load,0,0,1,1
19.5545,4.3587,1,200,timetable,load,0,0,1,1
19.5587,0.926,1,200,transcript,load,0,0,1,1
19.5843,2.9555,1,200,enroll,load,0,0,1,1
19.5868,4.367,1,200,balance,load,0,0,1,1
19.6025,2.6935,1,200,grade,load,0,0,1,1
19.6166,4.3443,1,200,timetable,load,0,0,1,1
19.6259,3.2755,1,200,balance,load,0,0,1,1
19.6322,4.3159,1,200,transcript,load,0,0,1,1
19.6336,1.4687,1,200,student_read,load,0,0,1,1
19.6364,4.3179,1,200,student_read,load,0,0,1,1
19.6452,1.5411,1,200,payment,load,0,0,1,1
19.6467,0.8116,1,200,grade,load,0,0,1,1
19.6483,1.848,1,200,payment,load,0,0,1,1
19.6563,4.3197,1,200,timetable,load,0,0,1,1
19.6631,4.3228,1,200,enroll,load,0,0,1,1
19.6644,4.3279,1,200,balance,load,0,0,1,1
19.6669,4.4048,1,200,student_read,load,0,0,1,1
19.6713,4.3738,1,200,payment,load,0,0,1,1
19.6737,4.4011,1,200,transcript,load,0,0,1,1
19.6786,4.4337,1,200,timetable,load,0,0,1,1
19.6803,4.4306,1,200,timetable,load,0,0,1,1
19.6817,4.3917,1,200,balance,load,0,0,1,1
19.6835,0.5201,0,0,balance,load,0,0,1,1
19.6857,0.5195,0,0,balance,load,0,0,1,1
19.6873,3.1861,1,200,student_read,load,0,0,1,1
19.694,0.5134,0,0,transcript,load,0,0,1,1
19.6956,0.5134,0,0,grade,load,0,0,1,1
19.698,0.5139,0,0,payment,load,0,0,1,1
19.7028,0.8637,1,200,timetable,load,0,0,1,1
19.7049,0.5136,0,0,grade,load,0,0,1,1
19.7095,0.5097,0,0,student_read,load,0,0,1,1
19.7117,2.7757,1,200,enroll,load,0,0,1,1
19.7255,1.0237,1,200,student_read,load,0,0,1,1
19.7552,0.51,0,0,timetable,load,0,0,1,1
19.7554,0.5323,0,0,probe_student,probe,0,0,1,1
19.7573,0.5314,0,0,probe_records,probe,0,0,1,1
19.7592,0.5301,0,0,probe_timetable,probe,0,0,1,1
19.7609,0.529,0,0,probe_payment,probe,0,0,1,1
19.7628,0.5279,0,0,timetable,load,0,0,1,1
19.7687,1.1181,1,200,student_read,load,0,0,1,1
19.7717,0.5097,0,0,balance,load,0,0,1,1
19.7849,1.3055,1,200,payment,load,0,0,1,1
19.7873,0.5099,0,0,enroll,load,0,0,1,1
19.7886,0.5086,0,0,payment,load,0,0,1,1
19.7934,2.8899,1,200,balance,load,0,0,1,1
19.7961,1.5111,1,200,grade,load,0,0,1,1
19.8015,0.5143,0,0,payment,load,0,0,1,1
19.8047,1.8901,1,200,payment,load,0,0,1,1
19.806,1.5372,1,200,transcript,load,0,0,1,1
19.8419,3.6353,1,200,student_read,load,0,0,1,1
19.8635,0.5123,0,0,transcript,load,0,0,1,1
19.8993,1.9351,1,200,enroll,load,0,0,1,1
19.9062,1.1094,1,200,student_read,load,0,0,1,1
19.9098,0.5124,0,0,balance,load,0,0,1,1
19.9272,2.5844,1,200,student_read,load,0,0,1,1
19.9548,0.5137,0,0,balance,load,0,0,1,1
19.9563,0.5082,0,0,balance,load,0,0,1,1
19.9686,1.7616,1,200,balance,load,0,0,1,1
19.9693,0.856,1,200,grade,load,0,0,1,1
19.9842,2.3238,1,200,payment,load,0,0,1,1
19.9854,0.6885,1,200,student_read,load,0,0,1,1
20.0027,1.2187,1,200,probe_student,probe,0,0,1,1
20.0045,0.5234,0,0,probe_records,probe,0,0,1,1
20.0062,0.5224,0,0,probe_timetable,probe,0,0,1,1
20.0076,0.5215,0,0,probe_payment,probe,0,0,1,1
20.0095,0.5202,0,0,transcript,load,0,0,1,1
20.041,1.959,1,200,payment,load,0,0,1,1
20.0504,0.8503,1,200,balance,load,0,0,1,1
20.0618,0.7929,1,200,timetable,load,0,0,1,1
20.0634,0.5135,0,0,timetable,load,0,0,1,1
20.0657,1.1238,1,200,payment,load,0,0,1,1
20.0888,1.6507,1,200,transcript,load,0,0,1,1
20.1098,0.5138,0,0,transcript,load,0,0,1,1
20.1159,0.9402,1,200,student_read,load,0,0,1,1
20.1188,1.5611,1,200,student_read,load,0,0,1,1
20.1473,0.8,1,200,transcript,load,0,0,1,1
20.156,1.4544,1,200,student_read,load,0,0,1,1
20.1591,0.9141,1,200,timetable,load,0,0,1,1
20.1593,2.0597,1,200,enroll,load,0,0,1,1
20.1624,1.1631,1,200,transcript,load,0,0,1,1
20.186,0.7356,1,200,timetable,load,0,0,1,1
20.1955,1.7655,1,200,student_read,load,0,0,1,1
20.2023,0.5172,0,0,transcript,load,0,0,1,1
20.2036,0.5134,0,0,payment,load,0,0,1,1
20.2052,0.5142,0,0,balance,load,0,0,1,1
20.2069,0.937,1,200,balance,load,0,0,1,1
20.2074,0.5142,0,0,student_read,load,0,0,1,1
20.209,0.5146,0,0,transcript,load,0,0,1,1
20.2119,0.5139,0,0,enroll,load,0,0,1,1
20.2186,0.5137,0,0,enroll,load,0,0,1,1
20.2188,0.5135,0,0,payment,load,0,0,1,1
20.2297,2.4277,1,200,student_read,load,0,0,1,1
20.2503,1.3584,1,200,timetable,load,0,0,1,1
20.2652,0.515,0,0,probe_student,probe,0,0,1,1
20.2652,0.5116,0,0,grade,load,0,0,1,1
20.2676,0.5134,0,0,probe_records,probe,0,0,1,1
20.2693,0.5123,0,0,probe_timetable,probe,0,0,1,1
20.2708,1.7207,1,200,enroll,load,0,0,1,1
20.2714,0.5112,0,0,probe_payment,probe,0,0,1,1
20.2737,0.5096,0,0,payment,load,0,0,1,1
20.2814,0.5103,0,0,transcript,load,0,0,1,1
20.2972,0.5132,0,0,enroll,load,0,0,1,1
20.2973,0.513,0,0,balance,load,0,0,1,1
20.3128,0.5135,0,0,payment,load,0,0,1,1
20.3131,1.9064,1,200,timetable,load,0,0,1,1
20.3154,1.3503,1,200,transcript,load,0,0,1,1
20.3169,0.6404,1,200,student_read,load,0,0,1,1
20.3445,2.6894,1,200,balance,load,0,0,1,1
20.3553,0.8993,1,200,balance,load,0,0,1,1
20.359,0.5148,0,0,student_read,load,0,0,1,1
20.3877,1.4797,1,200,student_read,load,0,0,1,1
20.388,0.6393,1,200,enroll,load,0,0,1,1
20.3895,2.3751,1,200,payment,load,0,0,1,1
20.3913,1.2662,1,200,balance,load,0,0,1,1
20.4054,0.5039,0,0,timetable,load,0,0,1,1
20.4087,0.6186,1,200,transcript,load,0,0,1,1
20.4416,1.0041,1,200,student_read,load,0,0,1,1
20.4502,1.024,1,200,enroll,load,0,0,1,1
20.4516,0.5035,0,0,enroll,load,0,0,1,1
20.4583,1.8904,1,200,balance,load,0,0,1,1
20.4627,0.9521,1,200,transcript,load,0,0,1,1
20.4645,0.5107,0,0,balance,load,0,0,1,1
20.4847,1.1243,1,200,transcript,load,0,0,1,1
20.4866,1.7033,1,200,student_read,load,0,0,1,1
20.4944,1.3892,1,200,balance,load,0,0,1,1
20.5133,0.5168,0,0,probe_student,probe,0,0,1,1
20.5157,0.5149,0,0,probe_records,probe,0,0,1,1
20.5184,0.5127,0,0,probe_timetable,probe,0,0,1,1
20.5209,0.5108,0,0,probe_payment,probe,0,0,1,1
20.5234,0.509,0,0,balance,load,0,0,1,1
20.5343,2.0054,1,200,transcript,load,0,0,1,1
20.5534,1.4453,1,200,payment,load,0,0,1,1
20.5597,0.5075,0,0,transcript,load,0,0,1,1
20.5665,1.2666,1,200,timetable,load,0,0,1,1
20.582,1.3162,1,200,timetable,load,0,0,1,1
20.6012,1.0787,1,200,timetable,load,0,0,1,1
20.6066,0.5051,0,0,payment,load,0,0,1,1
20.6354,0.6654,1,200,timetable,load,0,0,1,1
20.654,0.5045,0,0,transcript,load,0,0,1,1
20.6739,1.1154,1,200,transcript,load,0,0,1,1
20.7165,0.5056,0,0,balance,load,0,0,1,1
20.7169,0.5202,0,0,enroll,load,0,0,1,1
20.7195,0.52,0,0,transcript,load,0,0,1,1
20.7216,0.5199,0,0,transcript,load,0,0,1,1
20.7236,0.52,0,0,transcript,load,0,0,1,1
20.7259,0.5209,0,0,balance,load,0,0,1,1
20.7322,0.5042,0,0,payment,load,0,0,1,1
20.7323,0.5045,0,0,student_read,load,0,0,1,1
20.7442,0.783,1,200,timetable,load,0,0,1,1
20.7493,1.0034,1,200,timetable,load,0,0,1,1
20.7508,0.5229,0,0,probe_student,probe,0,0,1,1
20.7536,0.5211,0,0,probe_records,probe,0,0,1,1
20.7556,0.52,0,0,probe_timetable,probe,0,0,1,1
20.7574,0.519,0,0,probe_payment,probe,0,0,1,1
20.7595,0.5175,0,0,grade,load,0,0,1,1
20.7768,0.5063,0,0,enroll,load,0,0,1,1
20.7899,2.1011,1,200,student_read,load,0,0,1,1
20.7917,0.5073,0,0,transcript,load,0,0,1,1
20.794,0.5051,0,0,timetable,load,0,0,1,1
20.8094,1.5423,1,200,balance,load,0,0,1,1
20.8103,0.505,0,0,balance,load,0,0,1,1
20.8105,0.5042,0,0,balance,load,0,0,1,1
20.8138,1.8566,1,200,student_read,load,0,0,1,1
20.8254,2.4643,1,200,enroll,load,0,0,1,1
20.8547,0.6274,1,200,student_read,load,0,0,1,1
20.857,0.6254,1,200,transcript,load,0,0,1,1
20.8709,1.2138,1,200,student_read,load,0,0,1,1
20.8819,1.5882,1,200,payment,load,0,0,1,1
20.8868,1.6001,1,200,balance,load,0,0,1,1
20.9002,0.71,1,200,enroll,load,0,0,1,1
20.9007,2.3617,1,200,student_read,load,0,0,1,1
20.905,0.504,0,0,balance,load,0,0,1,1
20.9216,2.2657,1,200,student_read,load,0,0,1,1
20.9474,1.1891,1,200,balance,load,0,0,1,1
20.9514,0.5054,0,0,payment,load,0,0,1,1
20.9573,2.3142,1,200,student_read,load,0,0,1,1
20.9683,0.5083,0,0,grade,load,0,0,1,1
20.9727,0.9922,1,200,transcript,load,0,0,1,1
20.9753,0.5089,0,0,payment,load,0,0,1,1
20.9851,1.2047,1,200,grade,load,0,0,1,1
21.0131,0.5141,0,0,probe_student,probe,0,0,1,1
21.0153,0.5126,0,0,probe_records,probe,0,0,1,1
21.0156,0.9659,1,200,balance,load,0,0,1,1
21.0169,0.5118,0,0,probe_timetable,probe,0,0,1,1
21.0179,0.512,0,0,probe_payment,probe,0,0,1,1
21.0191,0.5133,0,0,transcript,load,0,0,1,1
21.0222,0.9305,1,200,transcript,load,0,0,1,1
21.0272,1.3637,1,200,transcript,load,0,0,1,1
21.0273,1.0679,1,200,student_read,load,0,0,1,1
21.0274,1.0354,1,200,payment,load,0,0,1,1
21.0561,1.4613,1,200,enroll,load,0,0,1,1
21.0616,0.504,0,0,transcript,load,0,0,1,1
21.0732,1.5306,1,200,transcript,load,0,0,1,1
21.0905,2.1601,1,200,payment,load,0,0,1,1
21.0978,2.4198,1,200,balance,load,0,0,1,1
21.1024,2.4989,1,200,payment,load,0,0,1,1
21.1083,0.5034,0,0,enroll,load,0,0,1,1
21.1439,1.0127,1,200,timetable,load,0,0,1,1
21.1455,0.6908,1,200,grade,load,0,0,1,1
21.1462,0.997,1,200,grade,load,0,0,1,1
21.1558,0.5141,0,0,timetable,load,0,0,1,1
21.1863,2.1297,1,200,enroll,load,0,0,1,1
21.1895,0.7925,1,200,timetable,load,0,0,1,1
21.2035,2.907,1,200,transcript,load,0,0,1,1
21.2365,2.877,1,200,payment,load,0,0,1,1
21.2368,2.8853,1,200,balance,load,0,0,1,1
21.2372,2.8726,1,200,balance,load,0,0,1,1
21.2395,2.8668,1,200,student_read,load,0,0,1,1
21.2414,2.9256,1,200,student_read,load,0,0,1,1
21.2436,2.8787,1,200,student_read,load,0,0,1,1
21.2468,2.9092,1,200,payment,load,0,0,1,1
21.2515,1.7018,1,200,probe_student,probe,0,0,1,1
21.2533,2.9208,1,200,probe_records,probe,0,0,1,1
21.2546,1.298,1,200,payment,load,0,0,1,1
21.2546,2.9241,1,200,probe_timetable,probe,0,0,1,1
21.2564,2.9124,1,200,probe_payment,probe,0,0,1,1
21.2579,2.9085,1,200,timetable,load,0,0,1,1
21.2599,1.079,1,200,enroll,load,0,0,1,1
21.2831,2.8999,1,200,student_read,load,0,0,1,1
21.2991,2.9238,1,200,balance,load,0,0,1,1
21.2991,2.9164,1,200,transcript,load,0,0,1,1
21.3008,1.4651,1,200,transcript,load,0,0,1,1
21.3072,1.4109,1,200,transcript,load,0,0,1,1
21.3135,2.9533,1,200,grade,load,0,0,1,1
21.3147,2.9633,1,200,payment,load,0,0,1,1
21.3154,2.9176,1,200,student_read,load,0,0,1,1
21.3255,1.6079,1,200,grade,load,0,0,1,1
21.3432,0.96,1,200,student_read,load,0,0,1,1
21.3542,1.2127,1,200,timetable,load,0,0,1,1
21.3598,2.9175,1,200,student_read,load,0,0,1,1
21.3635,1.3107,1,200,enroll,load,0,0,1,1
21.3812,2.9089,1,200,timetable,load,0,0,1,1
21.4062,2.9783,1,200,payment,load,0,0,1,1
21.4148,1.1028,1,200,timetable,load,0,0,1,1
21.4375,0.8624,1,200,student_read,load,0,0,1,1
21.4458,0.9958,1,200,transcript,load,0,0,1,1
21.4524,2.8493,1,200,student_read,load,0,0,1,1
21.4742,1.1093,1,200,student_read,load,0,0,1,1
21.4766,2.8154,1,200,timetable,load,0,0,1,1
21.4821,0.8566,1,200,timetable,load,0,0,1,1
21.483,0.8745,1,200,student_read,load,0,0,1,1
21.4842,2.8346,1,200,timetable,load,0,0,1,1
21.4964,1.4467,1,200,transcript,load,0,0,1,1
21.5145,1.0261,1,200,probe_student,probe,0,0,1,1
21.5165,2.802,1,200,probe_records,probe,0,0,1,1
21.5178,2.8877,1,200,probe_timetable,probe,0,0,1,1
21.5189,2.8529,1,200,probe_payment,probe,0,0,1,1
21.5201,2.8468,1,200,enroll,load,0,0,1,1
21.5272,1.5399,1,200,enroll,load,0,0,1,1
21.5606,2.8621,1,200,payment,load,0,0,1,1
21.6068,2.8023,1,200,transcript,load,0,0,1,1
21.6534,0.8853,1,200,student_read,load,0,0,1,1
21.7155,2.6793,1,200,timetable,load,0,0,1,1
21.7627,2.6483,1,200,probe_student,probe,0,0,1,1
21.764,2.7006,1,200,probe_records,probe,0,0,1,1
21.766,2.702,1,200,probe_timetable,probe,0,0,1,1
21.7674,2.691,1,200,probe_payment,probe,0,0,1,1
21.7694,2.7761,1,200,payment,load,0,0,1,1
21.8103,2.6595,1,200,balance,load,0,0,1,1
21.8561,0.8013,1,200,transcript,load,0,0,1,1
21.9017,2.5728,1,200,transcript,load,0,0,1,1
21.9634,2.6519,1,200,transcript,load,0,0,1,1
22.0108,2.4794,1,200,probe_student,probe,0,0,1,1
22.0122,2.5498,1,200,probe_records,probe,0,0,1,1
22.014,2.5087,1,200,probe_timetable,probe,0,0,1,1
22.0159,2.5377,1,200,probe_payment,probe,0,0,1,1
22.0178,2.5421,1,200,student_read,load,0,0,1,1
22.0589,2.4966,1,200,student_read,load,0,0,1,1
22.1059,2.4832,1,200,enroll,load,0,0,1,1
22.1531,2.4214,1,200,grade,load,0,0,1,1
22.2141,2.4238,1,200,payment,load,0,0,1,1
22.2595,2.3415,1,200,probe_student,probe,0,0,1,1
22.2615,2.3861,1,200,probe_records,probe,0,0,1,1
22.2628,2.3417,1,200,probe_timetable,probe,0,0,1,1
22.264,2.3473,1,200,probe_payment,probe,0,0,1,1
22.2651,2.3629,1,200,student_read,load,0,0,1,1
22.3052,2.4062,1,200,transcript,load,0,0,1,1
22.3517,1.0738,1,200,enroll,load,0,0,1,1
22.4146,2.2372,1,200,timetable,load,0,0,1,1
22.4632,2.3128,1,200,grade,load,0,0,1,1
22.5094,2.1887,1,200,probe_student,probe,0,0,1,1
22.5113,2.1769,1,200,probe_records,probe,0,0,1,1
22.5129,2.1895,1,200,probe_timetable,probe,0,0,1,1
22.5148,2.1994,1,200,probe_payment,probe,0,0,1,1
22.5172,2.2096,1,200,enroll,load,0,0,1,1
22.5558,0.7522,1,200,transcript,load,0,0,1,1
22.6019,0.6235,1,200,payment,load,0,0,1,1
22.6575,0.7997,1,200,enroll,load,0,0,1,1
22.7115,2.0314,1,200,transcript,load,0,0,1,1
22.7584,1.9808,1,200,probe_student,probe,0,0,1,1
22.76,2.0544,1,200,probe_records,probe,0,0,1,1
22.7614,2.0165,1,200,probe_timetable,probe,0,0,1,1
22.7633,2.0877,1,200,probe_payment,probe,0,0,1,1
22.7651,2.1235,1,200,payment,load,0,0,1,1
22.8044,2.0213,1,200,enroll,load,0,0,1,1
22.8512,1.9835,1,200,student_read,load,0,0,1,1
22.9137,2.0002,1,200,payment,load,0,0,1,1
22.9533,0.4708,1,200,balance,load,0,0,1,1
23.0069,1.9608,1,200,probe_student,probe,0,0,1,1
23.0089,1.8579,1,200,probe_records,probe,0,0,1,1
23.011,1.8473,1,200,probe_timetable,probe,0,0,1,1
23.0131,1.8874,1,200,probe_payment,probe,0,0,1,1
23.0151,1.8574,1,200,student_read,load,0,0,1,1
23.0539,1.9192,1,200,payment,load,0,0,1,1
23.1159,1.7807,1,200,student_read,load,0,0,1,1
23.1638,1.8564,1,200,enroll,load,0,0,1,1
23.2105,1.7519,1,200,transcript,load,0,0,1,1
23.2576,0.3063,1,200,probe_student,probe,0,0,1,1
23.2595,1.7164,1,200,probe_records,probe,0,0,1,1
23.2613,1.704,1,200,probe_timetable,probe,0,0,1,1
23.263,1.6895,1,200,probe_payment,probe,0,0,1,1
23.2648,1.7248,1,200,grade,load,0,0,1,1
23.3038,1.721,1,200,payment,load,0,0,1,1
23.3513,0.207,1,200,grade,load,0,0,1,1
23.4105,1.6379,1,200,grade,load,0,0,1,1
23.4572,0.1609,1,200,balance,load,0,0,1,1
23.5071,0.132,1,200,transcript,load,0,0,1,1
23.5083,0.1156,1,200,probe_student,probe,0,0,1,1
23.5095,1.4891,1,200,probe_records,probe,0,0,1,1
23.5106,1.4899,1,200,probe_timetable,probe,0,0,1,1
23.5117,1.4675,1,200,probe_payment,probe,0,0,1,1
23.5535,1.4586,1,200,grade,load,0,0,1,1
23.6008,0.1128,1,200,balance,load,0,0,1,1
23.6629,0.1427,1,200,enroll,load,0,0,1,1
23.7056,0.1243,1,200,timetable,load,0,0,1,1
23.7568,0.1444,1,200,probe_student,probe,0,0,1,1
23.7589,0.154,1,200,probe_records,probe,0,0,1,1
23.7607,0.1812,1,200,probe_timetable,probe,0,0,1,1
23.7625,0.2084,1,200,probe_payment,probe,0,0,1,1
23.7643,0.1505,1,200,balance,load,0,0,1,1
23.8025,0.141,1,200,balance,load,0,0,1,1
23.8502,0.2218,1,200,timetable,load,0,0,1,1
23.9032,0.1703,1,200,balance,load,0,0,1,1
23.9526,0.1535,1,200,payment,load,0,0,1,1
24.0041,0.1759,1,200,probe_student,probe,0,0,1,1
24.0062,0.1792,1,200,probe_records,probe,0,0,1,1
24.0079,0.2153,1,200,probe_timetable,probe,0,0,1,1
24.0099,0.1872,1,200,probe_payment,probe,0,0,1,1
24.012,0.187,1,200,timetable,load,0,0,1,1
24.0512,0.2575,1,200,payment,load,0,0,1,1
24.1061,0.215,1,200,balance,load,0,0,1,1
24.1546,0.2948,1,200,payment,load,0,0,1,1
24.207,0.2593,1,200,student_read,load,0,0,1,1
24.2528,0.2184,1,200,probe_student,probe,0,0,1,1
24.2549,0.2504,1,200,probe_records,probe,0,0,1,1
24.2574,0.2266,1,200,probe_timetable,probe,0,0,1,1
24.2594,0.2215,1,200,probe_payment,probe,0,0,1,1
24.2611,0.2967,1,200,transcript,load,0,0,1,1
24.3019,0.2011,1,200,balance,load,0,0,1,1
24.3574,0.2983,1,200,transcript,load,0,0,1,1
24.4056,0.2654,1,200,transcript,load,0,0,1,1
24.4515,0.2156,1,200,student_read,load,0,0,1,1
24.5059,0.2922,1,200,payment,load,0,0,1,1
24.5087,0.2951,1,200,probe_student,probe,0,0,1,1
24.511,0.2689,1,200,probe_records,probe,0,0,1,1
24.5131,0.2982,1,200,probe_timetable,probe,0,0,1,1
24.515,0.2862,1,200,probe_payment,probe,0,0,1,1
24.5658,0.2644,1,200,balance,load,0,0,1,1
24.6046,0.2324,1,200,transcript,load,0,0,1,1
24.6568,0.1985,1,200,student_read,load,0,0,1,1
24.7025,0.2398,1,200,enroll,load,0,0,1,1
24.7511,0.2332,1,200,probe_student,probe,0,0,1,1
24.7547,0.3096,1,200,probe_records,probe,0,0,1,1
24.7577,0.2345,1,200,probe_timetable,probe,0,0,1,1
24.7605,0.2433,1,200,probe_payment,probe,0,0,1,1
24.763,0.2436,1,200,enroll,load,0,0,1,1
24.8144,0.2019,1,200,timetable,load,0,0,1,1
24.8583,0.2029,1,200,timetable,load,0,0,1,1
24.9007,0.1695,1,200,payment,load,0,0,1,1
24.9538,0.1043,1,200,student_read,load,0,0,1,1
25.0248,0.0658,1,200,probe_student,probe,0,0,1,1
25.029,0.0838,1,200,probe_records,probe,0,0,1,1
25.0325,0.09,1,200,probe_timetable,probe,0,0,1,1
25.0358,0.0959,1,200,probe_payment,probe,0,0,1,1
25.0398,0.1246,1,200,payment,load,0,0,1,1
25.0744,0.0631,1,200,transcript,load,0,0,1,1
25.1225,0.0578,1,200,payment,load,0,0,1,1
25.1547,0.0427,1,200,enroll,load,0,0,1,1
25.2007,0.0194,1,200,timetable,load,0,0,1,1
25.2625,0.0534,1,200,probe_student,probe,0,0,1,1
25.266,0.0661,1,200,probe_records,probe,0,0,1,1
25.2692,0.1065,1,200,probe_timetable,probe,0,0,1,1
25.2732,0.0971,1,200,probe_payment,probe,0,0,1,1
25.2783,0.0724,1,200,grade,load,0,0,1,1
25.3158,0.0577,1,200,student_read,load,0,0,1,1
25.3507,0.0304,1,200,transcript,load,0,0,1,1
25.4027,0.0183,1,200,timetable,load,0,0,1,1
25.4644,0.0149,1,200,balance,load,0,0,1,1
25.5112,0.0633,1,200,probe_student,probe,0,0,1,1
25.5162,0.0696,1,200,probe_records,probe,0,0,1,1
25.5206,0.0789,1,200,probe_timetable,probe,0,0,1,1
25.5246,0.0899,1,200,probe_payment,probe,0,0,1,1
25.5292,0.0604,1,200,student_read,load,0,0,1,1
25.5638,0.0551,1,200,transcript,load,0,0,1,1
25.6049,0.0328,1,200,grade,load,0,0,1,1
25.6525,0.0192,1,200,timetable,load,0,0,1,1
25.7144,0.0154,1,200,balance,load,0,0,1,1
25.7606,0.0543,1,200,probe_student,probe,0,0,1,1
25.764,0.0684,1,200,probe_records,probe,0,0,1,1
25.7676,0.0749,1,200,probe_timetable,probe,0,0,1,1
25.7713,0.0923,1,200,probe_payment,probe,0,0,1,1
25.7754,0.0619,1,200,transcript,load,0,0,1,1
25.815,0.044,1,200,payment,load,0,0,1,1
25.8516,0.0189,1,200,student_read,load,0,0,1,1
25.9015,0.025,1,200,grade,load,0,0,1,1
25.964,0.02,1,200,transcript,load,0,0,1,1
26.0099,0.0538,1,200,probe_student,probe,0,0,1,1
26.0126,0.0702,1,200,probe_records,probe,0,0,1,1
26.0162,0.0807,1,200,probe_timetable,probe,0,0,1,1
26.0209,0.0801,1,200,probe_payment,probe,0,0,1,1
26.0248,0.0621,1,200,student_read,load,0,0,1,1
26.0637,0.0294,1,200,student_read,load,0,0,1,1
26.101,0.0151,1,200,balance,load,0,0,1,1
26.1523,0.0274,1,200,payment,load,0,0,1,1
26.2143,0.0151,1,200,balance,load,0,0,1,1
26.2612,0.0486,1,200,probe_student,probe,0,0,1,1
26.2644,0.062,1,200,probe_records,probe,0,0,1,1
26.268,0.1005,1,200,probe_timetable,probe,0,0,1,1
26.271,0.0938,1,200,probe_payment,probe,0,0,1,1
26.2748,0.075,1,200,payment,load,0,0,1,1
26.3131,0.0901,1,200,payment,load,0,0,1,1
26.3548,0.0647,1,200,grade,load,0,0,1,1
26.4033,0.0271,1,200,grade,load,0,0,1,1
26.4635,0.0151,1,200,student_read,load,0,0,1,1
26.5105,0.0541,1,200,probe_student,probe,0,0,1,1
26.5135,0.0666,1,200,probe_records,probe,0,0,1,1
26.5173,0.0852,1,200,probe_timetable,probe,0,0,1,1
26.5209,0.0856,1,200,probe_payment,probe,0,0,1,1
26.525,0.0675,1,200,enroll,load,0,0,1,1
26.5646,0.0335,1,200,student_read,load,0,0,1,1
26.6065,0.0151,1,200,student_read,load,0,0,1,1
26.6515,0.019,1,200,enroll,load,0,0,1,1
26.7131,0.0164,1,200,student_read,load,0,0,1,1
26.7594,0.0514,1,200,probe_student,probe,0,0,1,1
26.7623,0.0645,1,200,probe_records,probe,0,0,1,1
26.766,0.068,1,200,probe_timetable,probe,0,0,1,1
26.7696,0.0689,1,200,probe_payment,probe,0,0,1,1
26.7729,0.0575,1,200,transcript,load,0,0,1,1
26.8141,0.0338,1,200,enroll,load,0,0,1,1
26.8549,0.0178,1,200,timetable,load,0,0,1,1
26.9029,0.0159,1,200,student_read,load,0,0,1,1
26.9644,0.0154,1,200,student_read,load,0,0,1,1
27.0128,0.057,1,200,student_read,load,0,0,1,1
27.0168,0.0688,1,200,probe_student,probe,0,0,1,1
27.0202,0.0853,1,200,probe_records,probe,0,0,1,1
27.0245,0.0916,1,200,probe_timetable,probe,0,0,1,1
27.0298,0.0595,1,200,probe_payment,probe,0,0,1,1
27.0698,0.0301,1,200,student_read,load,0,0,1,1
27.1057,0.0174,1,200,student_read,load,0,0,1,1
27.1519,0.0335,1,200,payment,load,0,0,1,1
27.2154,0.0268,1,200,grade,load,0,0,1,1
27.2614,0.051,1,200,probe_student,probe,0,0,1,1
27.2655,0.0642,1,200,probe_records,probe,0,0,1,1
27.2693,0.0682,1,200,probe_timetable,probe,0,0,1,1
27.2731,0.0762,1,200,probe_payment,probe,0,0,1,1
27.2761,0.0572,1,200,student_read,load,0,0,1,1
27.3125,0.03,1,200,transcript,load,0,0,1,1
27.3542,0.0286,1,200,payment,load,0,0,1,1
27.4158,0.0205,1,200,enroll,load,0,0,1,1
27.4623,0.0203,1,200,transcript,load,0,0,1,1
27.5087,0.0518,1,200,probe_student,probe,0,0,1,1
27.5124,0.0661,1,200,probe_records,probe,0,0,1,1
27.5158,0.0735,1,200,probe_timetable,probe,0,0,1,1
27.5194,0.0743,1,200,probe_payment,probe,0,0,1,1
27.5228,0.0608,1,200,student_read,load,0,0,1,1
27.5638,0.0488,1,200,payment,load,0,0,1,1
27.6023,0.0167,1,200,student_read,load,0,0,1,1
27.6643,0.0193,1,200,transcript,load,0,0,1,1
27.7111,0.0144,1,200,balance,load,0,0,1,1
27.7586,0.0575,1,200,transcript,load,0,0,1,1
27.7624,0.0682,1,200,probe_student,probe,0,0,1,1
27.7662,0.0781,1,200,probe_records,probe,0,0,1,1
27.7699,0.0899,1,200,probe_timetable,probe,0,0,1,1
27.7739,0.0645,1,200,probe_payment,probe,0,0,1,1
27.8161,0.0307,1,200,student_read,load,0,0,1,1
27.8514,0.0228,1,200,timetable,load,0,0,1,1
27.9141,0.02,1,200,transcript,load,0,0,1,1
27.9591,0.0215,1,200,enroll,load,0,0,1,1
28.0074,0.0506,1,200,probe_student,probe,0,0,1,1
28.0105,0.066,1,200,probe_records,probe,0,0,1,1
28.0134,0.0732,1,200,probe_timetable,probe,0,0,1,1
28.0172,0.075,1,200,probe_payment,probe,0,0,1,1
28.0208,0.0602,1,200,balance,load,0,0,1,1
28.0621,0.0358,1,200,balance,load,0,0,1,1
28.1163,0.0288,1,200,payment,load,0,0,1,1
28.1624,0.0284,1,200,payment,load,0,0,1,1
28.2101,0.027,1,200,payment,load,0,0,1,1
28.2566,0.0514,1,200,probe_student,probe,0,0,1,1
28.2605,0.0652,1,200,probe_records,probe,0,0,1,1
28.2639,0.0779,1,200,probe_timetable,probe,0,0,1,1
28.2677,0.0694,1,200,probe_payment,probe,0,0,1,1
28.2709,0.06,1,200,balance,load,0,0,1,1
28.3114,0.0345,1,200,transcript,load,0,0,1,1
28.3507,0.0239,1,200,grade,load,0,0,1,1
28.4125,0.0294,1,200,payment,load,0,0,1,1
28.4593,0.0186,1,200,transcript,load,0,0,1,1
28.5067,0.0578,1,200,transcript,load,0,0,1,1
28.5108,0.0669,1,200,probe_student,probe,0,0,1,1
28.5144,0.0776,1,200,probe_records,probe,0,0,1,1
28.5186,0.0838,1,200,probe_timetable,probe,0,0,1,1
28.5223,0.0643,1,200,probe_payment,probe,0,0,1,1
28.5645,0.0315,1,200,transcript,load,0,0,1,1
28.6025,0.0217,1,200,transcript,load,0,0,1,1
28.6647,0.0177,1,200,transcript,load,0,0,1,1
28.7111,0.0171,1,200,transcript,load,0,0,1,1
28.758,0.0537,1,200,probe_student,probe,0,0,1,1
28.763,0.0673,1,200,probe_records,probe,0,0,1,1
28.7674,0.072,1,200,probe_timetable,probe,0,0,1,1
28.7708,0.073,1,200,probe_payment,probe,0,0,1,1
28.7749,0.0605,1,200,enroll,load,0,0,1,1
28.8166,0.0306,1,200,enroll,load,0,0,1,1
28.8502,0.0147,1,200,student_read,load,0,0,1,1
28.9118,0.0184,1,200,transcript,load,0,0,1,1
28.9575,0.0184,1,200,timetable,load,0,0,1,1
29.004,0.0716,1,200,timetable,load,0,0,1,1
29.0108,0.0427,1,200,probe_student,probe,0,0,1,1
29.0137,0.0488,1,200,probe_records,probe,0,0,1,1
29.017,0.0646,1,200,probe_timetable,probe,0,0,1,1
29.0205,0.0652,1,200,probe_payment,probe,0,0,1,1
