t_rel,latency_s,ok,op
0.001,0.0251,1,probe_records
0.002,0.0325,1,probe_timetable
0.003,0.03,1,probe_payment
0.253,0.0163,1,probe_student
0.255,0.0283,1,probe_records
0.256,0.0173,1,probe_timetable
0.257,0.0308,1,probe_payment
0.502,0.0167,1,probe_student
0.503,0.0174,1,probe_records
0.504,0.0226,1,probe_timetable
0.505,0.0171,1,probe_payment
0.752,0.0153,1,probe_student
0.753,0.0182,1,probe_records
0.754,0.0183,1,probe_timetable
0.755,0.0149,1,probe_payment
1.015,0.0205,1,probe_student
1.016,0.022,1,probe_records
1.017,0.023,1,probe_timetable
1.018,0.0188,1,probe_payment
1.262,0.0172,1,probe_student
1.264,0.0192,1,probe_records
1.265,0.0201,1,probe_timetable
1.266,0.0151,1,probe_payment
1.513,0.0176,1,probe_student
1.514,0.019,1,probe_records
1.515,0.0206,1,probe_timetable
1.516,0.0162,1,probe_payment
1.761,0.0189,1,probe_student
1.762,0.5257,1,probe_records
1.762,0.0209,1,probe_timetable
1.763,0.526,1,probe_payment
2.012,0.0241,1,probe_student
2.013,0.5296,1,probe_records
2.015,0.0283,1,probe_timetable
2.016,0.5254,1,probe_payment
2.261,0.5288,1,probe_student
2.262,0.0208,1,probe_records
2.263,0.534,1,probe_timetable
2.265,0.0192,1,probe_payment
2.507,0.5639,1,probe_student
2.509,0.0236,1,probe_records
2.51,0.9286,1,probe_timetable
2.511,0.0204,1,probe_payment
2.759,0.0207,1,probe_student
2.761,0.0214,1,probe_records
2.762,0.0242,1,probe_timetable
2.763,0.0252,1,probe_payment
3.006,0.0309,1,probe_student
3.007,0.0358,1,probe_records
3.008,0.045,1,probe_timetable
3.011,0.0382,1,probe_payment
3.252,0.0192,1,probe_student
3.254,0.0225,1,probe_records
3.255,0.3797,1,probe_timetable
3.257,0.0174,1,probe_payment
3.502,0.0158,1,probe_student
3.503,0.0219,1,probe_records
3.504,0.0278,1,probe_timetable
3.505,0.0178,1,probe_payment
3.752,0.0201,1,probe_student
3.753,0.0229,1,probe_records
3.755,0.0271,1,probe_timetable
3.756,0.0196,1,probe_payment
4.002,0.0187,1,probe_student
4.003,0.0215,1,probe_records
4.004,0.0296,1,probe_timetable
4.005,0.0176,1,probe_payment
4.263,0.0208,1,probe_student
4.264,0.0332,1,probe_records
4.265,0.0239,1,probe_timetable
4.267,0.0278,1,probe_payment
4.51,0.0217,1,probe_student
4.511,0.0232,1,probe_records
4.512,0.0254,1,probe_timetable
4.513,0.0208,1,probe_payment
4.756,0.016,1,probe_student
4.757,0.0184,1,probe_records
4.759,0.0185,1,probe_timetable
4.76,0.0149,1,probe_payment
5.005,0.0218,1,probe_student
5.006,0.0232,1,probe_records
5.007,0.024,1,probe_timetable
5.008,0.0217,1,probe_payment
5.253,0.0144,1,probe_student
5.254,0.0197,1,probe_records
5.255,0.0184,1,probe_timetable
5.255,0.0152,1,probe_payment
5.501,0.0218,1,probe_student
5.502,0.0179,1,probe_records
5.503,0.0213,1,probe_timetable
5.504,0.0175,1,probe_payment
5.764,0.017,1,probe_student
5.765,0.02,1,probe_records
5.767,0.019,1,probe_timetable
5.768,0.015,1,probe_payment
6.014,0.0225,1,probe_student
6.015,0.0246,1,probe_records
6.017,0.0257,1,probe_timetable
6.018,0.0212,1,probe_payment
6.265,0.0146,1,probe_student
6.266,0.3745,1,probe_records
6.267,0.0169,1,probe_timetable
6.268,0.0133,1,probe_payment
6.515,0.0197,1,probe_student
6.517,0.0234,1,probe_records
6.518,0.0295,1,probe_timetable
6.52,0.019,1,probe_payment
6.75,0.0188,1,probe_student
6.752,0.0227,1,probe_records
6.753,0.0226,1,probe_timetable
6.754,0.0178,1,probe_payment
7.015,0.019,1,probe_student
7.017,0.0236,1,probe_records
7.018,0.0241,1,probe_timetable
7.019,0.0182,1,probe_payment
7.264,0.018,1,probe_student
7.265,0.0201,1,probe_records
7.267,0.0203,1,probe_timetable
7.268,0.0157,1,probe_payment
7.513,0.0228,1,probe_student
7.515,0.0242,1,probe_records
7.517,0.0255,1,probe_timetable
7.518,0.0192,1,probe_payment
7.76,0.0276,1,probe_student
7.761,0.0185,1,probe_records
7.762,0.0298,1,probe_timetable
7.763,0.0147,1,probe_payment
8.009,0.0214,1,probe_student
8.01,0.0224,1,probe_records
8.011,0.0224,1,probe_timetable
8.011,0.0172,1,probe_payment
8.257,0.0166,1,probe_student
8.258,0.4227,1,probe_records
8.26,0.0199,1,probe_timetable
8.261,0.0157,1,probe_payment
8.505,0.0483,1,probe_student
8.506,0.021,1,probe_records
8.507,0.0442,1,probe_timetable
8.508,0.0177,1,probe_payment
8.751,0.0163,1,probe_student
8.752,0.3977,1,probe_records
8.753,0.0193,1,probe_timetable
8.754,0.0151,1,probe_payment
9.015,0.0202,1,probe_student
9.017,0.0208,1,probe_records
9.018,0.0216,1,probe_timetable
9.019,0.0192,1,probe_payment
9.265,0.0164,1,probe_student
9.266,0.0381,1,probe_records
9.267,0.0226,1,probe_timetable
9.268,0.0197,1,probe_payment
9.512,0.0224,1,probe_student
9.513,0.0229,1,probe_records
9.514,0.025,1,probe_timetable
9.516,0.0222,1,probe_payment
9.761,0.0153,1,probe_student
9.762,0.0212,1,probe_records
9.763,0.0196,1,probe_timetable
9.764,0.0172,1,probe_payment
10.01,0.0198,1,probe_student
10.012,0.0212,1,probe_records
10.013,0.0229,1,probe_timetable
10.014,0.0175,1,probe_payment
10.257,0.0153,1,probe_student
10.258,0.0182,1,probe_records
10.259,0.019,1,probe_timetable
10.26,0.0141,1,probe_payment
10.506,0.0201,1,probe_student
10.508,0.0208,1,probe_records
10.509,0.0228,1,probe_timetable
10.51,0.019,1,probe_payment
10.755,0.0166,1,probe_student
10.757,0.0192,1,probe_records
10.758,0.0195,1,probe_timetable
10.76,0.014,1,probe_payment
11.006,0.0226,1,probe_student
11.008,0.019,1,probe_records
11.009,0.0255,1,probe_timetable
11.01,0.0195,1,probe_payment
11.254,0.015,1,probe_student
11.255,0.0339,1,probe_records
11.256,0.0188,1,probe_timetable
11.257,0.0305,1,probe_payment
11.503,0.0252,1,probe_student
11.505,0.0276,1,probe_records
11.507,0.0286,1,probe_timetable
11.508,0.0231,1,probe_payment
11.753,0.0142,1,probe_student
11.754,0.0187,1,probe_records
11.755,0.017,1,probe_timetable
11.756,0.0141,1,probe_payment
12.002,0.0177,1,probe_student
12.003,0.0231,1,probe_records
12.004,0.0235,1,probe_timetable
12.005,0.0217,1,probe_payment
12.25,0.0166,1,probe_student
12.252,0.0181,1,probe_records
12.253,0.0187,1,probe_timetable
12.254,0.0151,1,probe_payment
12.514,0.0319,1,probe_student
12.516,0.0225,1,probe_records
12.517,0.04,1,probe_timetable
12.518,0.0186,1,probe_payment
12.765,0.0163,1,probe_student
12.766,0.019,1,probe_records
12.767,0.0194,1,probe_timetable
12.769,0.0151,1,probe_payment
13.015,0.0182,1,probe_student
13.016,0.0205,1,probe_records
13.017,0.0216,1,probe_timetable
13.018,0.0193,1,probe_payment
13.262,0.017,1,probe_student
13.264,0.019,1,probe_records
13.265,0.0195,1,probe_timetable
13.266,0.0147,1,probe_payment
13.511,0.0193,1,probe_student
13.512,0.0203,1,probe_records
13.513,0.0221,1,probe_timetable
13.514,0.0177,1,probe_payment
13.759,0.0172,1,probe_student
13.76,0.0189,1,probe_records
13.761,0.0199,1,probe_timetable
13.762,0.0155,1,probe_payment
14.008,0.0202,1,probe_student
14.009,0.024,1,probe_records
14.01,0.0252,1,probe_timetable
14.011,0.0228,1,probe_payment
14.259,0.0134,1,probe_student
14.26,0.019,1,probe_records
14.261,0.0193,1,probe_timetable
14.262,0.0153,1,probe_payment
14.507,0.0198,1,probe_student
14.508,0.0204,1,probe_records
14.509,0.0259,1,probe_timetable
14.51,0.0203,1,probe_payment
14.755,0.0158,1,probe_student
14.757,0.0181,1,probe_records
14.757,0.0185,1,probe_timetable
14.758,0.0144,1,probe_payment
15.007,0.0227,1,probe_student
15.008,0.0244,1,probe_records
15.01,0.0264,1,probe_timetable
15.011,0.0221,1,probe_payment
15.256,0.0151,1,probe_student
15.257,0.3736,1,probe_records
15.258,0.0182,1,probe_timetable
15.259,0.0136,1,probe_payment
15.506,0.394,1,probe_student
15.507,0.0227,1,probe_records
15.508,0.3659,1,probe_timetable
15.509,0.0188,1,probe_payment
15.754,0.032,1,probe_student
15.755,0.0281,1,probe_records
15.757,0.3865,1,probe_timetable
15.759,0.0201,1,probe_payment
16.002,0.0207,1,probe_student
16.005,0.0206,1,probe_records
16.006,0.0458,1,probe_timetable
16.007,0.0204,1,probe_payment
16.265,0.0217,1,probe_student
16.267,0.0313,1,probe_records
16.268,0.0236,1,probe_timetable
16.27,0.0182,1,probe_payment
16.515,0.0405,1,probe_student
16.516,0.0192,1,probe_records
16.517,0.0431,1,probe_timetable
16.518,0.0193,1,probe_payment
16.762,0.0191,1,probe_student
16.763,0.0231,1,probe_records
16.764,0.0237,1,probe_timetable
16.766,0.0197,1,probe_payment
17.012,0.0211,1,probe_student
17.013,0.0205,1,probe_records
17.014,0.0233,1,probe_timetable
17.015,0.0203,1,probe_payment
17.262,0.0185,1,probe_student
17.263,0.0204,1,probe_records
17.264,0.021,1,probe_timetable
17.265,0.0172,1,probe_payment
17.51,0.5316,1,probe_student
17.512,0.0231,1,probe_records
17.513,0.539,1,probe_timetable
17.515,0.0177,1,probe_payment
17.758,0.0187,1,probe_student
17.759,0.5298,1,probe_records
17.761,0.0208,1,probe_timetable
17.762,0.5273,1,probe_payment
18.007,0.0246,1,probe_student
18.009,0.5376,1,probe_records
18.01,0.0298,1,probe_timetable
18.011,0.5338,1,probe_payment
18.257,0.0233,1,probe_student
18.259,0.0261,1,probe_records
18.26,0.0257,1,probe_timetable
18.261,0.0207,1,probe_payment
18.507,0.0224,1,probe_student
18.508,0.0255,1,probe_records
18.51,0.0271,1,probe_timetable
18.511,0.0305,1,probe_payment
18.756,0.0145,1,probe_student
18.757,0.0211,1,probe_records
18.758,0.018,1,probe_timetable
18.759,0.0154,1,probe_payment
19.005,0.0176,1,probe_student
19.007,0.0207,1,probe_records
19.008,0.0255,1,probe_timetable
19.009,0.0163,1,probe_payment
19.254,0.013,1,probe_student
19.256,0.0211,1,probe_records
19.257,0.017,1,probe_timetable
19.258,0.0177,1,probe_payment
19.505,0.0192,1,probe_student
19.505,0.3642,1,probe_records
19.511,0.0269,1,probe_timetable
19.512,0.0201,1,probe_payment
19.753,0.0222,1,probe_student
19.754,0.3629,1,probe_records
19.756,0.3689,1,probe_timetable
19.757,0.013,1,probe_payment
20.004,0.0201,1,probe_student
20.005,0.035,1,probe_records
20.006,0.0296,1,probe_timetable
20.007,0.0185,1,probe_payment
20.253,0.0158,1,probe_student
20.254,0.0199,1,probe_records
20.255,0.0182,1,probe_timetable
20.256,0.0142,1,probe_payment
20.515,0.019,1,probe_student
20.517,0.0201,1,probe_records
20.518,0.0304,1,probe_timetable
20.519,0.0207,1,probe_payment
20.765,0.0209,1,probe_student
20.767,0.0202,1,probe_records
20.768,0.0205,1,probe_timetable
20.769,0.0144,1,probe_payment
21.013,0.0204,1,probe_student
21.015,0.0215,1,probe_records
21.016,0.0238,1,probe_timetable
21.017,0.0204,1,probe_payment
21.264,0.0161,1,probe_student
21.266,0.0237,1,probe_records
21.267,0.0183,1,probe_timetable
21.268,0.0205,1,probe_payment
21.511,0.0209,1,probe_student
21.512,0.021,1,probe_records
21.513,0.0248,1,probe_timetable
21.515,0.0208,1,probe_payment
21.757,0.0148,1,probe_student
21.759,0.0195,1,probe_records
21.76,0.018,1,probe_timetable
21.761,0.0142,1,probe_payment
22.005,0.0193,1,probe_student
22.007,0.0267,1,probe_records
22.009,0.0273,1,probe_timetable
22.011,0.0215,1,probe_payment
22.257,0.0157,1,probe_student
22.259,0.3766,1,probe_records
22.26,0.0174,1,probe_timetable
22.261,0.0143,1,probe_payment
22.507,0.0246,1,probe_student
22.508,0.0219,1,probe_records
22.509,0.0254,1,probe_timetable
22.51,0.0215,1,probe_payment
22.755,0.0173,1,probe_student
22.757,0.0228,1,probe_records
22.758,0.0199,1,probe_timetable
22.759,0.0168,1,probe_payment
23.006,0.025,1,probe_student
23.008,0.0189,1,probe_records
23.01,0.0245,1,probe_timetable
23.011,0.0196,1,probe_payment
23.255,0.0148,1,probe_student
23.257,0.0386,1,probe_records
23.258,0.0175,1,probe_timetable
23.259,0.0391,1,probe_payment
23.503,0.0197,1,probe_student
23.504,0.021,1,probe_records
23.505,0.0281,1,probe_timetable
23.506,0.0201,1,probe_payment
23.752,0.0148,1,probe_student
23.753,0.0221,1,probe_records
23.754,0.0183,1,probe_timetable
23.755,0.0158,1,probe_payment
24.0,0.0184,1,probe_student
24.001,0.0199,1,probe_records
24.002,0.0219,1,probe_timetable
24.003,0.0167,1,probe_payment
24.265,0.0149,1,probe_student
24.267,0.0203,1,probe_records
24.268,0.0183,1,probe_timetable
24.269,0.0145,1,probe_payment
24.515,0.0153,1,probe_student
24.516,0.0178,1,probe_records
24.517,0.0234,1,probe_timetable
24.518,0.0184,1,probe_payment
24.751,0.0138,1,probe_student
24.752,0.018,1,probe_records
24.753,0.0165,1,probe_timetable
24.754,0.0135,1,probe_payment
25.001,0.0213,1,probe_student
25.002,0.0198,1,probe_records
25.003,0.0262,1,probe_timetable
25.003,0.0195,1,probe_payment
25.264,0.0165,1,probe_student
25.265,0.0217,1,probe_records
25.267,0.0192,1,probe_timetable
25.268,0.0199,1,probe_payment
25.511,0.0232,1,probe_student
25.512,0.0197,1,probe_records
25.513,0.0229,1,probe_timetable
25.515,0.0192,1,probe_payment
25.759,0.0152,1,probe_student
25.76,0.0181,1,probe_records
25.761,0.0183,1,probe_timetable
25.762,0.0138,1,probe_payment
26.004,0.0226,1,probe_student
26.006,0.0228,1,probe_records
26.007,0.0227,1,probe_timetable
26.008,0.0175,1,probe_payment
26.254,0.0146,1,probe_student
26.255,0.0174,1,probe_records
26.257,0.0178,1,probe_timetable
26.257,0.013,1,probe_payment
26.504,0.02,1,probe_student
26.505,0.0216,1,probe_records
26.506,0.0252,1,probe_timetable
26.507,0.0199,1,probe_payment
26.753,0.0183,1,probe_student
26.755,0.033,1,probe_records
26.757,0.0212,1,probe_timetable
26.758,0.0313,1,probe_payment
27.002,0.0238,1,probe_student
27.003,0.0214,1,probe_records
27.004,0.0261,1,probe_timetable
27.005,0.0179,1,probe_payment
27.262,0.0161,1,probe_student
27.264,0.0202,1,probe_records
27.265,0.0265,1,probe_timetable
27.266,0.0155,1,probe_payment
27.51,0.017,1,probe_student
27.511,0.0417,1,probe_records
27.512,0.0272,1,probe_timetable
27.513,0.04,1,probe_payment
27.757,0.0174,1,probe_student
27.759,0.0194,1,probe_records
27.76,0.0195,1,probe_timetable
27.761,0.0152,1,probe_payment
28.005,0.0182,1,probe_student
28.006,0.0195,1,probe_records
28.007,0.0292,1,probe_timetable
28.008,0.0194,1,probe_payment
28.254,0.0143,1,probe_student
28.255,0.0174,1,probe_records
28.256,0.0177,1,probe_timetable
28.257,0.0139,1,probe_payment
28.506,0.0191,1,probe_student
28.507,0.0217,1,probe_records
28.508,0.0236,1,probe_timetable
28.509,0.017,1,probe_payment
28.756,0.0151,1,probe_student
28.757,0.0172,1,probe_records
28.758,0.0172,1,probe_timetable
28.759,0.0134,1,probe_payment
29.003,0.0194,1,probe_student
29.005,0.0209,1,probe_records
29.006,0.023,1,probe_timetable
29.007,0.0193,1,probe_payment
29.253,0.0146,1,probe_student
29.254,0.0173,1,probe_records
29.255,0.0178,1,probe_timetable
29.256,0.0134,1,probe_payment
29.515,0.0217,1,probe_student
29.517,0.0234,1,probe_records
29.519,0.0257,1,probe_timetable
29.52,0.019,1,probe_payment
29.764,0.0141,1,probe_student
29.765,0.0205,1,probe_records
29.766,0.0198,1,probe_timetable
29.767,0.0157,1,probe_payment
30.013,0.0224,1,probe_student
30.015,0.024,1,probe_records
30.016,0.0247,1,probe_timetable
30.017,0.021,1,probe_payment
30.262,0.0156,1,probe_student
30.263,0.021,1,probe_records
30.264,0.0184,1,probe_timetable
30.265,0.0165,1,probe_payment
30.51,0.0204,1,probe_student
30.511,0.0206,1,probe_records
30.512,0.0253,1,probe_timetable
30.513,0.0202,1,probe_payment
30.76,0.0156,1,probe_student
30.761,0.0186,1,probe_records
30.762,0.0192,1,probe_timetable
30.763,0.0148,1,probe_payment
31.007,0.019,1,probe_student
31.008,0.0206,1,probe_records
31.009,0.0245,1,probe_timetable
31.01,0.0204,1,probe_payment
31.257,0.0152,1,probe_student
31.258,0.0197,1,probe_records
31.259,0.0195,1,probe_timetable
31.26,0.016,1,probe_payment
31.509,0.0199,1,probe_student
31.51,0.0341,1,probe_records
31.511,0.025,1,probe_timetable
31.513,0.0296,1,probe_payment
31.757,0.0314,1,probe_student
31.759,0.0183,1,probe_records
31.76,0.0324,1,probe_timetable
31.761,0.0143,1,probe_payment
32.011,0.0161,1,probe_student
32.012,0.0222,1,probe_records
32.013,0.0249,1,probe_timetable
32.014,0.0186,1,probe_payment
32.251,0.015,1,probe_student
32.252,0.0185,1,probe_records
32.253,0.0192,1,probe_timetable
32.254,0.0145,1,probe_payment
32.509,0.0168,1,probe_student
32.51,0.0212,1,probe_records
32.511,0.0247,1,probe_timetable
32.512,0.0182,1,probe_payment
32.757,0.0159,1,probe_student
32.758,0.0227,1,probe_records
32.759,0.0225,1,probe_timetable
32.76,0.0188,1,probe_payment
33.007,0.0189,1,probe_student
33.008,0.0216,1,probe_records
33.009,0.0235,1,probe_timetable
33.01,0.0183,1,probe_payment
33.257,0.0144,1,probe_student
33.258,0.0181,1,probe_records
33.259,0.0192,1,probe_timetable
33.26,0.0146,1,probe_payment
33.505,0.0186,1,probe_student
33.506,0.0274,1,probe_records
33.507,0.0237,1,probe_timetable
33.509,0.0205,1,probe_payment
33.753,0.0151,1,probe_student
33.754,0.0218,1,probe_records
33.755,0.0221,1,probe_timetable
33.756,0.0185,1,probe_payment
34.001,0.0226,1,probe_student
34.003,0.0245,1,probe_records
34.004,0.0291,1,probe_timetable
34.005,0.0203,1,probe_payment
34.25,0.0155,1,probe_student
34.251,0.0242,1,probe_records
34.252,0.021,1,probe_timetable
34.253,0.0205,1,probe_payment
34.516,0.0195,1,probe_student
34.518,0.025,1,probe_records
34.519,0.0227,1,probe_timetable
34.52,0.0194,1,probe_payment
34.75,0.0155,1,probe_student
34.752,0.0177,1,probe_records
34.753,0.0183,1,probe_timetable
34.754,0.014,1,probe_payment
35.016,0.1231,1,probe_student
35.018,0.1114,1,probe_records
35.018,0.1222,1,probe_timetable
35.023,0.103,1,probe_payment
35.263,0.0209,1,probe_student
35.264,0.0238,1,probe_records
35.266,0.6828,1,probe_timetable
35.268,0.021,1,probe_payment
35.514,0.3766,1,probe_student
35.516,0.3951,1,probe_records
35.517,0.0228,1,probe_timetable
35.519,0.024,1,probe_payment
35.759,0.0155,1,probe_student
35.76,0.388,1,probe_records
35.76,0.0193,1,probe_timetable
35.761,0.0185,1,probe_payment
36.007,0.0183,1,probe_student
36.008,0.0398,1,probe_records
36.009,0.0394,1,probe_timetable
36.01,0.019,1,probe_payment
36.253,0.0143,1,probe_student
36.254,0.0374,1,probe_records
36.255,0.0163,1,probe_timetable
36.256,0.0138,1,probe_payment
36.502,0.0197,1,probe_student
36.504,0.0485,1,probe_records
36.505,0.0227,1,probe_timetable
36.506,0.0197,1,probe_payment
36.764,0.3676,1,probe_student
36.766,0.0196,1,probe_records
36.768,0.4046,1,probe_timetable
36.769,0.0145,1,probe_payment
37.016,0.0371,1,probe_student
37.017,0.3835,1,probe_records
37.018,0.3783,1,probe_timetable
37.02,0.0275,1,probe_payment
37.263,0.0147,1,probe_student
37.264,0.0354,1,probe_records
37.265,0.0358,1,probe_timetable
37.266,0.0151,1,probe_payment
37.514,0.0291,1,probe_student
37.516,0.0316,1,probe_records
37.518,0.0279,1,probe_timetable
37.52,0.0241,1,probe_payment
37.762,0.0207,1,probe_student
37.765,0.0244,1,probe_records
37.767,0.0218,1,probe_timetable
37.769,0.0176,1,probe_payment
38.011,0.0171,1,probe_student
38.012,0.0345,1,probe_records
38.013,0.0229,1,probe_timetable
38.014,0.0199,1,probe_payment
38.26,0.0172,1,probe_student
38.261,0.0218,1,probe_records
38.262,0.0192,1,probe_timetable
38.263,0.0164,1,probe_payment
38.509,0.0172,1,probe_student
38.51,0.0252,1,probe_records
38.511,0.0203,1,probe_timetable
38.512,0.0212,1,probe_payment
38.758,0.0165,1,probe_student
38.759,0.0187,1,probe_records
38.76,0.0185,1,probe_timetable
38.761,0.0151,1,probe_payment
39.008,0.0161,1,probe_student
39.009,0.036,1,probe_records
39.01,0.0196,1,probe_timetable
39.011,0.0321,1,probe_payment
39.257,0.0163,1,probe_student
39.259,0.0196,1,probe_records
39.26,0.0208,1,probe_timetable
39.261,0.0189,1,probe_payment
39.507,0.0162,1,probe_student
39.508,0.0244,1,probe_records
39.509,0.0208,1,probe_timetable
39.51,0.0212,1,probe_payment
39.751,0.0213,1,probe_student
39.753,0.0222,1,probe_records
39.754,0.0201,1,probe_timetable
39.755,0.0211,1,probe_payment
40.004,0.0225,1,probe_student
40.005,0.0267,1,probe_records
40.006,0.0246,1,probe_timetable
40.007,0.0213,1,probe_payment
40.266,0.0153,1,probe_student
40.267,0.0208,1,probe_records
40.268,0.0203,1,probe_timetable
40.269,0.0167,1,probe_payment
40.517,0.0194,1,probe_student
40.518,0.0373,1,probe_records
40.519,0.0215,1,probe_timetable
40.52,0.0318,1,probe_payment
40.751,0.0167,1,probe_student
40.752,0.0209,1,probe_records
40.753,0.0203,1,probe_timetable
40.755,0.015,1,probe_payment
41.017,0.0169,1,probe_student
41.018,0.0253,1,probe_records
41.019,0.022,1,probe_timetable
41.02,0.0221,1,probe_payment
41.264,0.0167,1,probe_student
41.266,0.0199,1,probe_records
41.267,0.0199,1,probe_timetable
41.268,0.0162,1,probe_payment
41.516,0.0178,1,probe_student
41.517,0.0251,1,probe_records
41.518,0.0207,1,probe_timetable
41.519,0.0223,1,probe_payment
41.761,0.017,1,probe_student
41.762,0.0189,1,probe_records
41.763,0.0203,1,probe_timetable
41.765,0.0178,1,probe_payment
42.009,0.0186,1,probe_student
42.01,0.027,1,probe_records
42.011,0.0248,1,probe_timetable
42.013,0.021,1,probe_payment
42.256,0.0167,1,probe_student
42.257,0.0206,1,probe_records
42.259,0.0214,1,probe_timetable
42.26,0.0159,1,probe_payment
42.509,0.0225,1,probe_student
42.51,0.0289,1,probe_records
42.511,0.03,1,probe_timetable
42.513,0.0288,1,probe_payment
42.752,0.0188,1,probe_student
42.753,0.0253,1,probe_records
42.756,0.0217,1,probe_timetable
42.757,0.0184,1,probe_payment
43.003,0.0167,1,probe_student
43.004,0.0348,1,probe_records
43.005,0.0325,1,probe_timetable
43.006,0.0176,1,probe_payment
43.251,0.0166,1,probe_student
43.252,0.0436,1,probe_records
43.253,0.0191,1,probe_timetable
43.254,0.0442,1,probe_payment
43.516,0.0163,1,probe_student
43.517,0.0234,1,probe_records
43.518,0.0204,1,probe_timetable
43.519,0.021,1,probe_payment
43.766,0.0147,1,probe_student
43.767,0.0203,1,probe_records
43.768,0.0167,1,probe_timetable
43.768,0.017,1,probe_payment
44.001,0.0184,1,probe_student
44.002,0.0257,1,probe_records
44.003,0.0235,1,probe_timetable
44.004,0.0223,1,probe_payment
44.265,0.0169,1,probe_student
44.267,0.0219,1,probe_records
44.268,0.0193,1,probe_timetable
44.27,0.0162,1,probe_payment
44.516,0.0167,1,probe_student
44.517,0.0244,1,probe_records
44.517,0.0204,1,probe_timetable
44.518,0.0208,1,probe_payment
44.763,0.0165,1,probe_student
44.764,0.0216,1,probe_records
44.765,0.0192,1,probe_timetable
44.766,0.0167,1,probe_payment
45.013,0.0189,1,probe_student
45.013,0.0245,1,probe_records
45.015,0.0205,1,probe_timetable
45.016,0.0207,1,probe_payment
45.261,0.0366,1,probe_student
45.262,0.0217,1,probe_records
45.263,0.0511,1,probe_timetable
45.265,0.0169,1,probe_payment
45.511,0.0164,1,probe_student
45.512,0.0243,1,probe_records
45.513,0.0204,1,probe_timetable
45.514,0.0215,1,probe_payment
45.759,0.016,1,probe_student
45.76,0.0202,1,probe_records
45.761,0.0197,1,probe_timetable
45.762,0.0154,1,probe_payment
46.01,0.0163,1,probe_student
46.011,0.0246,1,probe_records
46.013,0.0216,1,probe_timetable
46.013,0.0188,1,probe_payment
46.256,0.0172,1,probe_student
46.257,0.0199,1,probe_records
46.259,0.0211,1,probe_timetable
46.26,0.0156,1,probe_payment
46.507,0.0173,1,probe_student
46.508,0.0254,1,probe_records
46.51,0.0209,1,probe_timetable
46.512,0.0235,1,probe_payment
46.755,0.0154,1,probe_student
46.756,0.0186,1,probe_records
46.757,0.411,1,probe_timetable
46.758,0.0157,1,probe_payment
47.005,0.0213,1,probe_student
47.006,0.0293,1,probe_records
47.008,0.0659,1,probe_timetable
47.009,0.0245,1,probe_payment
47.253,0.0154,1,probe_student
47.254,0.0416,1,probe_records
47.255,0.0202,1,probe_timetable
47.256,0.0446,1,probe_payment
47.502,0.0217,1,probe_student
47.503,0.033,1,probe_records
47.504,0.0505,1,probe_timetable
47.505,0.022,1,probe_payment
47.75,0.016,1,probe_student
47.751,0.0189,1,probe_records
47.752,0.0194,1,probe_timetable
47.753,0.0155,1,probe_payment
48.015,0.0187,1,probe_student
48.016,0.0257,1,probe_records
48.017,0.0208,1,probe_timetable
48.018,0.0222,1,probe_payment
48.257,0.0193,1,probe_student
48.258,0.0216,1,probe_records
48.259,0.022,1,probe_timetable
48.26,0.0172,1,probe_payment
48.511,0.0178,1,probe_student
48.512,0.0233,1,probe_records
48.513,0.0239,1,probe_timetable
48.514,0.0195,1,probe_payment
48.761,0.0166,1,probe_student
48.762,0.0224,1,probe_records
48.763,0.0188,1,probe_timetable
48.765,0.016,1,probe_payment
49.01,0.0185,1,probe_student
49.011,0.023,1,probe_records
49.012,0.0222,1,probe_timetable
49.013,0.0188,1,probe_payment
49.256,0.0149,1,probe_student
49.258,0.0194,1,probe_records
49.259,0.033,1,probe_timetable
49.26,0.0152,1,probe_payment
49.506,0.0157,1,probe_student
49.507,0.0249,1,probe_records
49.508,0.0203,1,probe_timetable
49.509,0.0239,1,probe_payment
49.754,0.0161,1,probe_student
49.756,0.0179,1,probe_records
49.756,0.02,1,probe_timetable
49.757,0.0148,1,probe_payment
50.004,0.0196,1,probe_student
50.005,0.0249,1,probe_records
50.006,0.0209,1,probe_timetable
50.008,0.021,1,probe_payment
50.253,0.0151,1,probe_student
50.254,0.0209,1,probe_records
50.255,0.0191,1,probe_timetable
50.256,0.0158,1,probe_payment
50.504,0.0154,1,probe_student
50.505,0.0237,1,probe_records
50.506,0.0206,1,probe_timetable
50.506,0.024,1,probe_payment
50.754,0.0182,1,probe_student
50.756,0.021,1,probe_records
50.757,0.0223,1,probe_timetable
50.758,0.0167,1,probe_payment
51.006,0.0167,1,probe_student
51.007,0.0243,1,probe_records
51.008,0.0191,1,probe_timetable
51.009,0.0213,1,probe_payment
51.254,0.0161,1,probe_student
51.255,0.0203,1,probe_records
51.256,0.0204,1,probe_timetable
51.258,0.0156,1,probe_payment
51.502,0.0402,1,probe_student
51.503,0.0255,1,probe_records
51.504,0.0434,1,probe_timetable
51.506,0.0211,1,probe_payment
51.75,0.0168,1,probe_student
51.752,0.0194,1,probe_records
51.753,0.0197,1,probe_timetable
51.754,0.0143,1,probe_payment
52.016,0.016,1,probe_student
52.016,0.0236,1,probe_records
52.017,0.0199,1,probe_timetable
52.018,0.0213,1,probe_payment
52.263,0.0147,1,probe_student
52.264,0.0201,1,probe_records
52.265,0.0181,1,probe_timetable
52.266,0.0144,1,probe_payment
52.512,0.017,1,probe_student
52.513,0.0249,1,probe_records
52.513,0.0201,1,probe_timetable
52.514,0.0216,1,probe_payment
52.76,0.0174,1,probe_student
52.761,0.0198,1,probe_records
52.762,0.0201,1,probe_timetable
52.763,0.0162,1,probe_payment
53.009,0.0169,1,probe_student
53.009,0.0223,1,probe_records
53.01,0.0202,1,probe_timetable
53.011,0.0221,1,probe_payment
53.257,0.0138,1,probe_student
53.258,0.0178,1,probe_records
53.259,0.0184,1,probe_timetable
53.26,0.0146,1,probe_payment
53.506,0.0177,1,probe_student
53.507,0.0382,1,probe_records
53.508,0.0206,1,probe_timetable
53.509,0.0336,1,probe_payment
53.752,0.015,1,probe_student
53.753,0.0172,1,probe_records
53.754,0.0177,1,probe_timetable
53.756,0.0134,1,probe_payment
54.003,0.0186,1,probe_student
54.004,0.0238,1,probe_records
54.005,0.0216,1,probe_timetable
54.006,0.0197,1,probe_payment
54.251,0.0169,1,probe_student
54.252,0.0238,1,probe_records
54.253,0.0214,1,probe_timetable
54.255,0.0173,1,probe_payment
54.516,0.018,1,probe_student
54.517,0.0235,1,probe_records
54.518,0.0192,1,probe_timetable
54.519,0.0198,1,probe_payment
54.763,0.0141,1,probe_student
54.765,0.0206,1,probe_records
54.766,0.017,1,probe_timetable
54.767,0.0172,1,probe_payment
55.01,0.0185,1,probe_student
55.01,0.0289,1,probe_records
55.012,0.0226,1,probe_timetable
55.013,0.0247,1,probe_payment
55.257,0.015,1,probe_student
55.258,0.021,1,probe_records
55.259,0.0171,1,probe_timetable
55.26,0.0182,1,probe_payment
55.507,0.0181,1,probe_student
55.508,0.027,1,probe_records
55.509,0.0242,1,probe_timetable
55.51,0.0214,1,probe_payment
55.752,0.0354,1,probe_student
55.753,0.0209,1,probe_records
55.754,0.0371,1,probe_timetable
55.756,0.017,1,probe_payment
56.014,0.0179,1,probe_student
56.015,0.0248,1,probe_records
56.016,0.0213,1,probe_timetable
56.017,0.0234,1,probe_payment
56.261,0.0173,1,probe_student
56.262,0.0238,1,probe_records
56.263,0.0203,1,probe_timetable
56.265,0.0169,1,probe_payment
56.513,0.019,1,probe_student
56.515,0.0316,1,probe_records
56.516,0.0241,1,probe_timetable
56.518,0.0214,1,probe_payment
56.757,0.0162,1,probe_student
56.758,0.0228,1,probe_records
56.759,0.0209,1,probe_timetable
56.76,0.0174,1,probe_payment
57.005,0.0209,1,probe_student
57.007,0.0317,1,probe_records
57.008,0.0239,1,probe_timetable
57.01,0.0271,1,probe_payment
57.251,0.0255,1,probe_student
57.253,0.0175,1,probe_records
57.253,0.0266,1,probe_timetable
57.254,0.0136,1,probe_payment
57.515,0.0204,1,probe_student
57.516,0.0279,1,probe_records
57.518,0.0229,1,probe_timetable
57.519,0.0232,1,probe_payment
57.76,0.0172,1,probe_student
57.762,0.0472,1,probe_records
57.763,0.02,1,probe_timetable
57.765,0.0472,1,probe_payment
58.009,0.0225,1,probe_student
58.01,0.0271,1,probe_records
58.011,0.0266,1,probe_timetable
58.012,0.0215,1,probe_payment
58.254,0.0161,1,probe_student
58.255,0.0227,1,probe_records
58.256,0.0227,1,probe_timetable
58.257,0.0174,1,probe_payment
58.502,0.017,1,probe_student
58.503,0.0244,1,probe_records
58.503,0.02,1,probe_timetable
58.504,0.0208,1,probe_payment
58.763,0.0146,1,probe_student
58.764,0.02,1,probe_records
58.765,0.0181,1,probe_timetable
58.766,0.0152,1,probe_payment
59.015,0.0165,1,probe_student
59.017,0.0221,1,probe_records
59.018,0.0201,1,probe_timetable
59.019,0.0217,1,probe_payment
59.263,0.0145,1,probe_student
59.264,0.0204,1,probe_records
59.265,0.0188,1,probe_timetable
59.266,0.015,1,probe_payment
59.513,0.0167,1,probe_student
59.514,0.0244,1,probe_records
59.515,0.0198,1,probe_timetable
59.516,0.0205,1,probe_payment
59.761,0.0156,1,probe_student
59.762,0.0193,1,probe_records
59.763,0.0193,1,probe_timetable
59.764,0.015,1,probe_payment
60.012,0.0157,1,probe_student
60.013,0.0403,1,probe_records
60.014,0.0199,1,probe_timetable
60.015,0.0342,1,probe_payment
60.25,0.0164,1,probe_student
60.251,0.0215,1,probe_records
60.252,0.0198,1,probe_timetable
60.253,0.0157,1,probe_payment
60.509,0.0181,1,probe_student
60.51,0.0251,1,probe_records
60.511,0.0224,1,probe_timetable
60.512,0.0196,1,probe_payment
60.755,0.0171,1,probe_student
60.757,0.0212,1,probe_records
60.758,0.0223,1,probe_timetable
60.759,0.0175,1,probe_payment
61.008,0.0178,1,probe_student
61.009,0.024,1,probe_records
61.01,0.022,1,probe_timetable
61.01,0.0192,1,probe_payment
61.257,0.015,1,probe_student
61.258,0.5228,1,probe_records
61.258,0.0167,1,probe_timetable
61.259,0.5243,1,probe_payment
61.507,0.5447,1,probe_student
61.509,0.0282,1,probe_records
61.51,0.5452,1,probe_timetable
61.512,0.0208,1,probe_payment
61.753,0.5372,1,probe_student
61.754,0.0236,1,probe_records
61.755,0.5415,1,probe_timetable
61.756,0.019,1,probe_payment
62.004,0.0348,1,probe_student
62.005,0.5623,1,probe_records
62.007,0.0337,1,probe_timetable
62.008,0.571,1,probe_payment
62.253,0.0219,1,probe_student
62.255,0.0247,1,probe_records
62.256,0.0298,1,probe_timetable
62.257,0.0324,1,probe_payment
62.503,0.023,1,probe_student
62.505,0.0346,1,probe_records
62.506,0.0305,1,probe_timetable
62.507,0.035,1,probe_payment
62.765,0.0168,1,probe_student
62.767,0.0231,1,probe_records
62.768,0.0204,1,probe_timetable
62.77,0.0163,1,probe_payment
63.015,0.0188,1,probe_student
63.016,0.0235,1,probe_records
63.017,0.0224,1,probe_timetable
63.019,0.0219,1,probe_payment
63.263,0.018,1,probe_student
63.264,0.0187,1,probe_records
63.266,0.0196,1,probe_timetable
63.267,0.013,1,probe_payment
63.513,0.0149,1,probe_student
63.514,0.0237,1,probe_records
63.515,0.0186,1,probe_timetable
63.516,0.0203,1,probe_payment
63.759,0.0123,1,probe_student
63.76,0.0195,1,probe_records
63.762,0.0133,1,probe_timetable
63.762,0.0162,1,probe_payment
64.009,0.0176,1,probe_student
64.01,0.023,1,probe_records
64.012,0.0235,1,probe_timetable
64.013,0.0168,1,probe_payment
64.256,0.0162,1,probe_student
64.257,0.0276,1,probe_records
64.258,0.02,1,probe_timetable
64.259,0.0273,1,probe_payment
64.505,0.0207,1,probe_student
64.507,0.034,1,probe_records
64.508,0.0248,1,probe_timetable
64.51,0.0225,1,probe_payment
64.755,0.0169,1,probe_student
64.756,0.0189,1,probe_records
64.757,0.0192,1,probe_timetable
64.758,0.0156,1,probe_payment
65.005,0.0186,1,probe_student
65.006,0.0241,1,probe_records
65.007,0.0259,1,probe_timetable
65.008,0.0245,1,probe_payment
65.252,0.0164,1,probe_student
65.253,0.0216,1,probe_records
65.254,0.0193,1,probe_timetable
65.255,0.0172,1,probe_payment
65.516,0.0174,1,probe_student
65.517,0.5382,1,probe_records
65.518,0.0172,1,probe_timetable
65.519,0.5318,1,probe_payment
65.762,0.0189,1,probe_student
65.764,0.5282,1,probe_records
65.766,0.017,1,probe_timetable
65.767,0.5231,1,probe_payment
66.01,0.5383,1,probe_student
66.011,0.0266,1,probe_records
66.012,0.5422,1,probe_timetable
66.013,0.0229,1,probe_payment
66.26,0.5283,1,probe_student
66.262,0.0224,1,probe_records
66.263,0.5322,1,probe_timetable
66.265,0.0171,1,probe_payment
66.51,0.0225,1,probe_student
66.512,0.04,1,probe_records
66.513,0.0323,1,probe_timetable
66.514,0.0349,1,probe_payment
66.754,0.0203,1,probe_student
66.755,0.0263,1,probe_records
66.756,0.0243,1,probe_timetable
66.757,0.0213,1,probe_payment
67.002,0.0197,1,probe_student
67.003,0.0348,1,probe_records
67.004,0.0341,1,probe_timetable
67.006,0.0175,1,probe_payment
67.264,0.021,1,probe_student
67.266,0.0247,1,probe_records
67.267,0.0209,1,probe_timetable
67.268,0.0215,1,probe_payment
67.512,0.0201,1,probe_student
67.514,0.0304,1,probe_records
67.516,0.0234,1,probe_timetable
67.518,0.0231,1,probe_payment
67.759,0.0162,1,probe_student
67.761,0.0185,1,probe_records
67.762,0.0187,1,probe_timetable
67.763,0.014,1,probe_payment
68.007,0.0205,1,probe_student
68.009,0.0325,1,probe_records
68.011,0.0221,1,probe_timetable
68.012,0.0253,1,probe_payment
68.253,0.0151,1,probe_student
68.254,0.0215,1,probe_records
68.256,0.0183,1,probe_timetable
68.257,0.3684,1,probe_payment
68.501,0.0172,1,probe_student
68.502,0.0207,1,probe_records
68.503,0.0486,1,probe_timetable
68.504,0.0178,1,probe_payment
68.763,0.0159,1,probe_student
68.764,0.021,1,probe_records
68.765,0.0191,1,probe_timetable
68.766,0.0157,1,probe_payment
69.011,0.0187,1,probe_student
69.012,0.0277,1,probe_records
69.013,0.0238,1,probe_timetable
69.014,0.0238,1,probe_payment
69.258,0.0159,1,probe_student
69.259,0.0203,1,probe_records
69.26,0.0205,1,probe_timetable
69.261,0.0171,1,probe_payment
69.509,0.0189,1,probe_student
69.51,0.0494,1,probe_records
69.51,0.0225,1,probe_timetable
69.512,0.0194,1,probe_payment
69.758,0.019,1,probe_student
69.759,0.0223,1,probe_records
69.759,0.0228,1,probe_timetable
69.76,0.0192,1,probe_payment
70.009,0.0217,1,probe_student
70.01,0.03,1,probe_records
70.011,0.0258,1,probe_timetable
70.013,0.022,1,probe_payment
70.254,0.0164,1,probe_student
70.256,0.02,1,probe_records
70.257,0.0203,1,probe_timetable
70.258,0.0159,1,probe_payment
70.502,0.0158,1,probe_student
70.503,0.0497,1,probe_records
70.505,0.0197,1,probe_timetable
70.506,0.0201,1,probe_payment
70.766,0.0176,1,probe_student
70.767,0.0216,1,probe_records
70.768,0.0228,1,probe_timetable
70.769,0.0176,1,probe_payment
71.016,0.0184,1,probe_student
71.017,0.0491,1,probe_records
71.018,0.0235,1,probe_timetable
71.019,0.0201,1,probe_payment
71.262,0.0174,1,probe_student
71.264,0.0238,1,probe_records
71.265,0.0209,1,probe_timetable
71.266,0.0175,1,probe_payment
71.512,0.0189,1,probe_student
71.513,0.0365,1,probe_records
71.513,0.0217,1,probe_timetable
71.515,0.0323,1,probe_payment
71.76,0.0189,1,probe_student
71.761,0.0201,1,probe_records
71.762,0.0214,1,probe_timetable
71.763,0.0169,1,probe_payment
72.01,0.0208,1,probe_student
72.011,0.0266,1,probe_records
72.013,0.0264,1,probe_timetable
72.015,0.0203,1,probe_payment
72.254,0.0172,1,probe_student
72.255,0.0214,1,probe_records
72.256,0.0221,1,probe_timetable
72.257,0.0184,1,probe_payment
72.507,0.0328,1,probe_student
72.509,0.0482,1,probe_records
72.51,0.0374,1,probe_timetable
72.51,0.0221,1,probe_payment
72.753,0.0177,1,probe_student
72.754,0.0191,1,probe_records
72.755,0.0189,1,probe_timetable
72.757,0.0149,1,probe_payment
73.016,0.0163,1,probe_student
73.017,0.0221,1,probe_records
73.018,0.0196,1,probe_timetable
73.019,0.0174,1,probe_payment
73.264,0.0188,1,probe_student
73.265,0.0211,1,probe_records
73.267,0.0212,1,probe_timetable
73.268,0.0167,1,probe_payment
73.514,0.0171,1,probe_student
73.515,0.0234,1,probe_records
73.516,0.0199,1,probe_timetable
73.517,0.0201,1,probe_payment
73.762,0.0166,1,probe_student
73.763,0.018,1,probe_records
73.764,0.0193,1,probe_timetable
73.765,0.0146,1,probe_payment
74.01,0.0158,1,probe_student
74.011,0.0469,1,probe_records
74.012,0.0211,1,probe_timetable
74.012,0.0188,1,probe_payment
74.259,0.0153,1,probe_student
74.26,0.0177,1,probe_records
74.261,0.0182,1,probe_timetable
74.262,0.0142,1,probe_payment
74.511,0.0158,1,probe_student
74.512,0.0226,1,probe_records
74.513,0.0194,1,probe_timetable
74.514,0.021,1,probe_payment
74.76,0.0202,1,probe_student
74.761,0.0204,1,probe_records
74.762,0.022,1,probe_timetable
74.763,0.0151,1,probe_payment
75.011,0.018,1,probe_student
75.012,0.023,1,probe_records
75.013,0.0195,1,probe_timetable
75.013,0.0224,1,probe_payment
75.258,0.0134,1,probe_student
75.259,0.0174,1,probe_records
75.26,0.0153,1,probe_timetable
75.261,0.0132,1,probe_payment
75.508,0.0167,1,probe_student
75.509,0.0233,1,probe_records
75.51,0.0216,1,probe_timetable
75.511,0.019,1,probe_payment
75.756,0.0222,1,probe_student
75.757,0.0382,1,probe_records
75.759,0.0216,1,probe_timetable
75.76,0.0326,1,probe_payment
76.004,0.0189,1,probe_student
76.006,0.0285,1,probe_records
76.007,0.0257,1,probe_timetable
76.008,0.0231,1,probe_payment
76.254,0.0163,1,probe_student
76.256,0.0358,1,probe_records
76.257,0.0194,1,probe_timetable
76.258,0.0326,1,probe_payment
76.504,0.0172,1,probe_student
76.505,0.0577,0,probe_records
76.506,0.0207,1,probe_timetable
76.508,0.0204,1,probe_payment
76.75,0.0206,1,probe_student
76.752,0.5543,1,probe_records
76.752,0.0209,1,probe_timetable
76.753,0.5508,1,probe_payment
77.017,0.5265,1,probe_student
77.02,0.0318,1,probe_records
77.021,0.5285,1,probe_timetable
77.022,0.0209,1,probe_payment
77.265,0.5362,1,probe_student
77.267,0.0279,1,probe_records
77.268,0.542,1,probe_timetable
77.269,0.0241,1,probe_payment
77.516,0.0202,1,probe_student
77.517,0.5456,1,probe_records
77.518,0.0202,1,probe_timetable
77.519,0.5409,1,probe_payment
77.763,0.0255,1,probe_student
77.764,0.0278,1,probe_records
77.768,0.0284,1,probe_timetable
77.769,0.036,1,probe_payment
78.012,0.0155,1,probe_student
78.013,0.0378,1,probe_records
78.014,0.0283,1,probe_timetable
78.015,0.0284,1,probe_payment
78.257,0.0206,1,probe_student
78.259,0.0235,1,probe_records
78.26,0.0196,1,probe_timetable
78.262,0.0188,1,probe_payment
78.506,0.0153,1,probe_student
78.507,0.0201,1,probe_records
78.508,0.0202,1,probe_timetable
78.509,0.0167,1,probe_payment
78.755,0.0164,1,probe_student
78.756,0.0168,1,probe_records
78.757,0.0171,1,probe_timetable
78.758,0.0119,1,probe_payment
79.006,0.0129,1,probe_student
79.006,0.0221,1,probe_records
79.007,0.0181,1,probe_timetable
79.008,0.0189,1,probe_payment
79.254,0.0137,1,probe_student
79.255,0.02,1,probe_records
79.256,0.3952,1,probe_timetable
79.258,0.0194,1,probe_payment
79.505,0.0253,1,probe_student
79.507,0.3977,1,probe_records
79.508,0.0474,1,probe_timetable
79.515,0.0174,1,probe_payment
79.751,0.0185,1,probe_student
79.753,0.0202,1,probe_records
79.755,0.0202,1,probe_timetable
79.756,0.0157,1,probe_payment
80.003,0.0202,1,probe_student
80.004,0.026,1,probe_records
80.005,0.0219,1,probe_timetable
80.007,0.0221,1,probe_payment
80.265,0.015,1,probe_student
80.267,0.0165,1,probe_records
80.268,0.0167,1,probe_timetable
80.269,0.0131,1,probe_payment
80.515,0.0147,1,probe_student
80.516,0.0224,1,probe_records
80.517,0.0187,1,probe_timetable
80.518,0.0191,1,probe_payment
80.763,0.0134,1,probe_student
80.764,0.0184,1,probe_records
80.765,0.0164,1,probe_timetable
80.766,0.0141,1,probe_payment
81.013,0.0169,1,probe_student
81.014,0.0215,1,probe_records
81.015,0.0186,1,probe_timetable
81.016,0.021,1,probe_payment
81.26,0.0153,1,probe_student
81.261,0.0182,1,probe_records
81.262,0.0177,1,probe_timetable
81.263,0.0143,1,probe_payment
81.512,0.0152,1,probe_student
81.514,0.051,1,probe_records
81.515,0.0189,1,probe_timetable
81.516,0.0473,1,probe_payment
81.76,0.0177,1,probe_student
81.762,0.0193,1,probe_records
81.763,0.0201,1,probe_timetable
81.764,0.0156,1,probe_payment
82.01,0.0154,1,probe_student
82.011,0.023,1,probe_records
82.012,0.0207,1,probe_timetable
82.013,0.0183,1,probe_payment
82.26,0.0191,1,probe_student
82.262,0.0243,1,probe_records
82.263,0.0224,1,probe_timetable
82.264,0.0195,1,probe_payment
82.509,0.0155,1,probe_student
82.51,0.0195,1,probe_records
82.511,0.0194,1,probe_timetable
82.512,0.0163,1,probe_payment
82.757,0.0134,1,probe_student
82.758,0.0184,1,probe_records
82.759,0.0148,1,probe_timetable
82.76,0.0151,1,probe_payment
83.008,0.0162,1,probe_student
83.009,0.0236,1,probe_records
83.01,0.0194,1,probe_timetable
83.011,0.0198,1,probe_payment
83.257,0.0156,1,probe_student
83.259,0.0168,1,probe_records
83.26,0.017,1,probe_timetable
83.261,0.0138,1,probe_payment
83.507,0.0273,1,probe_student
83.508,0.0209,1,probe_records
83.509,0.0308,1,probe_timetable
83.51,0.0177,1,probe_payment
83.755,0.0145,1,probe_student
83.756,0.5283,1,probe_records
83.757,0.0148,1,probe_timetable
83.758,0.5246,1,probe_payment
84.004,0.5399,1,probe_student
84.005,0.0336,1,probe_records
84.006,0.5406,1,probe_timetable
84.007,0.0196,1,probe_payment
84.251,0.5426,1,probe_student
84.252,0.021,1,probe_records
84.253,0.5469,1,probe_timetable
84.255,0.0132,1,probe_payment
84.518,0.0177,1,probe_student
84.519,0.5377,1,probe_records
84.52,0.0241,1,probe_timetable
84.521,0.5345,1,probe_payment
84.763,0.0196,1,probe_student
84.763,0.0208,1,probe_records
84.764,0.0284,1,probe_timetable
84.765,0.0259,1,probe_payment
85.016,0.0216,1,probe_student
85.017,0.0256,1,probe_records
85.018,0.0237,1,probe_timetable
85.019,0.0255,1,probe_payment
85.263,0.0141,1,probe_student
85.264,0.0174,1,probe_records
85.265,0.014,1,probe_timetable
85.265,0.0143,1,probe_payment
85.514,0.0156,1,probe_student
85.515,0.0199,1,probe_records
85.516,0.0199,1,probe_timetable
85.516,0.0204,1,probe_payment
85.763,0.0183,1,probe_student
85.764,0.018,1,probe_records
85.765,0.02,1,probe_timetable
85.766,0.0126,1,probe_payment
86.01,0.0138,1,probe_student
86.011,0.0231,1,probe_records
86.012,0.0184,1,probe_timetable
86.013,0.0195,1,probe_payment
86.257,0.3813,1,probe_student
86.258,0.3704,1,probe_records
86.259,0.3803,1,probe_timetable
86.26,0.0154,1,probe_payment
86.507,0.021,1,probe_student
86.508,0.0248,1,probe_records
86.509,0.0251,1,probe_timetable
86.511,0.0198,1,probe_payment
86.755,0.0155,1,probe_student
86.756,0.0365,1,probe_records
86.757,0.0371,1,probe_timetable
86.758,0.0113,1,probe_payment
87.005,0.0407,1,probe_student
87.007,0.0223,1,probe_records
87.008,0.0422,1,probe_timetable
87.009,0.0171,1,probe_payment
87.253,0.0221,1,probe_student
87.255,0.5276,1,probe_records
87.256,0.0174,1,probe_timetable
87.258,0.5258,1,probe_payment
87.505,0.5268,1,probe_student
87.507,0.0211,1,probe_records
87.507,0.5299,1,probe_timetable
87.508,0.0168,1,probe_payment
87.753,0.5275,1,probe_student
87.755,0.0255,1,probe_records
87.756,0.5313,1,probe_timetable
87.758,0.0222,1,probe_payment
88.006,0.0181,1,probe_student
88.007,0.5338,1,probe_records
88.009,0.0276,1,probe_timetable
88.01,0.5303,1,probe_payment
88.252,0.0188,1,probe_student
88.253,0.0193,1,probe_records
88.255,0.0225,1,probe_timetable
88.256,0.023,1,probe_payment
88.501,0.0137,1,probe_student
88.502,0.0261,1,probe_records
88.503,0.0246,1,probe_timetable
88.504,0.0241,1,probe_payment
88.763,0.0115,1,probe_student
88.764,0.0176,1,probe_records
88.765,0.0155,1,probe_timetable
88.765,0.0133,1,probe_payment
89.014,0.0155,1,probe_student
89.014,0.0185,1,probe_records
89.015,0.0194,1,probe_timetable
89.016,0.0223,1,probe_payment
89.264,0.0142,1,probe_student
89.265,0.0155,1,probe_records
89.266,0.017,1,probe_timetable
89.267,0.0126,1,probe_payment
89.502,0.013,1,probe_student
89.503,0.0485,1,probe_records
89.504,0.0168,1,probe_timetable
89.505,0.017,1,probe_payment
89.766,0.0133,1,probe_student
89.768,0.0183,1,probe_records
89.769,0.0162,1,probe_timetable
89.77,0.0135,1,probe_payment
90.014,0.0174,1,probe_student
90.016,0.0192,1,probe_records
90.016,0.0194,1,probe_timetable
90.017,0.0159,1,probe_payment
90.262,0.0159,1,probe_student
90.263,0.0165,1,probe_records
90.264,0.0171,1,probe_timetable
90.265,0.0114,1,probe_payment
90.508,0.0153,1,probe_student
90.509,0.0208,1,probe_records
90.51,0.0175,1,probe_timetable
90.511,0.0177,1,probe_payment
90.759,0.0369,1,probe_student
90.76,0.0196,1,probe_records
90.761,0.0393,1,probe_timetable
90.762,0.0137,1,probe_payment
91.006,0.0155,1,probe_student
91.007,0.0207,1,probe_records
91.008,0.0172,1,probe_timetable
91.009,0.0185,1,probe_payment
91.255,0.0284,1,probe_student
91.256,0.0152,1,probe_records
91.257,0.036,1,probe_timetable
91.258,0.0116,1,probe_payment
91.504,0.03,1,probe_student
91.505,0.0337,1,probe_records
91.506,0.0312,1,probe_timetable
91.507,0.0312,1,probe_payment
91.752,0.0151,1,probe_student
91.753,0.0187,1,probe_records
91.754,0.0191,1,probe_timetable
91.755,0.0152,1,probe_payment
92.004,0.0148,1,probe_student
92.005,0.0229,1,probe_records
92.006,0.0197,1,probe_timetable
92.007,0.0216,1,probe_payment
92.254,0.0144,1,probe_student
92.255,0.0173,1,probe_records
92.256,0.0174,1,probe_timetable
92.257,0.0132,1,probe_payment
92.516,0.0193,1,probe_student
92.517,0.0241,1,probe_records
92.519,0.0203,1,probe_timetable
92.52,0.0204,1,probe_payment
92.765,0.0147,1,probe_student
92.766,0.0193,1,probe_records
92.767,0.0199,1,probe_timetable
92.768,0.0154,1,probe_payment
93.015,0.0176,1,probe_student
93.015,0.0276,1,probe_records
93.016,0.0215,1,probe_timetable
93.018,0.0238,1,probe_payment
93.252,0.0153,1,probe_student
93.254,0.0181,1,probe_records
93.254,0.0186,1,probe_timetable
93.255,0.0148,1,probe_payment
93.516,0.0169,1,probe_student
93.517,0.0238,1,probe_records
93.517,0.0192,1,probe_timetable
93.518,0.0205,1,probe_payment
93.764,0.0164,1,probe_student
93.765,0.0219,1,probe_records
93.767,0.0198,1,probe_timetable
93.768,0.0207,1,probe_payment
94.012,0.0148,1,probe_student
94.013,0.0196,1,probe_records
94.014,0.0173,1,probe_timetable
94.014,0.0155,1,probe_payment
94.256,0.018,1,probe_student
94.258,0.0224,1,probe_records
94.259,0.0216,1,probe_timetable
94.261,0.0174,1,probe_payment
94.51,0.018,1,probe_student
94.511,0.0234,1,probe_records
94.512,0.0232,1,probe_timetable
94.513,0.0174,1,probe_payment
94.759,0.0142,1,probe_student
94.76,0.0194,1,probe_records
94.761,0.0176,1,probe_timetable
94.762,0.0155,1,probe_payment
95.008,0.0172,1,probe_student
95.009,0.0337,1,probe_records
95.01,0.0195,1,probe_timetable
95.012,0.0303,1,probe_payment
95.254,0.0146,1,probe_student
95.255,0.0173,1,probe_records
95.256,0.0173,1,probe_timetable
95.257,0.0134,1,probe_payment
95.507,0.0166,1,probe_student
95.508,0.0227,1,probe_records
95.509,0.0211,1,probe_timetable
95.51,0.0173,1,probe_payment
95.753,0.0155,1,probe_student
95.755,0.0175,1,probe_records
95.756,0.0181,1,probe_timetable
95.757,0.014,1,probe_payment
96.002,0.0343,1,probe_student
96.004,0.0226,1,probe_records
96.005,0.0438,1,probe_timetable
96.006,0.0181,1,probe_payment
96.264,0.0163,1,probe_student
96.265,0.0182,1,probe_records
96.265,0.0191,1,probe_timetable
96.266,0.0151,1,probe_payment
96.512,0.0168,1,probe_student
96.514,0.0227,1,probe_records
96.514,0.0197,1,probe_timetable
96.515,0.0197,1,probe_payment
96.756,0.0133,1,probe_student
96.758,0.0167,1,probe_records
96.759,0.017,1,probe_timetable
96.759,0.0134,1,probe_payment
97.009,0.0165,1,probe_student
97.01,0.0504,1,probe_records
97.011,0.0471,1,probe_timetable
97.012,0.0174,1,probe_payment
97.258,0.0177,1,probe_student
97.26,0.0231,1,probe_records
97.261,0.0213,1,probe_timetable
97.263,0.0171,1,probe_payment
97.509,0.0184,1,probe_student
97.51,0.0249,1,probe_records
97.511,0.0219,1,probe_timetable
97.513,0.0231,1,probe_payment
97.758,0.02,1,probe_student
97.759,0.0226,1,probe_records
97.76,0.024,1,probe_timetable
97.761,0.0186,1,probe_payment
98.009,0.0164,1,probe_student
98.01,0.0233,1,probe_records
98.012,0.0192,1,probe_timetable
98.013,0.0216,1,probe_payment
98.262,0.0162,1,probe_student
98.264,0.0219,1,probe_records
98.265,0.02,1,probe_timetable
98.266,0.0164,1,probe_payment
98.509,0.0156,1,probe_student
98.51,0.0213,1,probe_records
98.511,0.0187,1,probe_timetable
98.512,0.0205,1,probe_payment
98.759,0.0144,1,probe_student
98.76,0.019,1,probe_records
98.761,0.0188,1,probe_timetable
98.762,0.0156,1,probe_payment
99.009,0.0141,1,probe_student
99.01,0.0327,1,probe_records
99.011,0.0184,1,probe_timetable
99.012,0.0192,1,probe_payment
99.256,0.0145,1,probe_student
99.257,0.0288,1,probe_records
99.258,0.0173,1,probe_timetable
99.259,0.0264,1,probe_payment
99.507,0.0163,1,probe_student
99.508,0.0214,1,probe_records
99.509,0.0211,1,probe_timetable
99.51,0.0171,1,probe_payment
99.756,0.0142,1,probe_student
99.757,0.0179,1,probe_records
99.758,0.0185,1,probe_timetable
99.759,0.0147,1,probe_payment
100.008,0.0145,1,probe_student
100.008,0.0243,1,probe_records
100.009,0.0181,1,probe_timetable
100.01,0.0211,1,probe_payment
100.256,0.0306,1,probe_student
100.257,0.0186,1,probe_records
100.258,0.0313,1,probe_timetable
100.259,0.0146,1,probe_payment
100.508,0.016,1,probe_student
100.509,0.0229,1,probe_records
100.511,0.0182,1,probe_timetable
100.512,0.0185,1,probe_payment
100.756,0.0168,1,probe_student
100.757,0.0179,1,probe_records
100.758,0.0177,1,probe_timetable
100.759,0.0145,1,probe_payment
101.005,0.0155,1,probe_student
101.006,0.0504,1,probe_records
101.007,0.0181,1,probe_timetable
101.008,0.0474,1,probe_payment
101.252,0.0146,1,probe_student
101.253,0.0178,1,probe_records
101.254,0.0178,1,probe_timetable
101.255,0.0141,1,probe_payment
101.504,0.0159,1,probe_student
101.506,0.0219,1,probe_records
101.507,0.0197,1,probe_timetable
101.507,0.0169,1,probe_payment
101.753,0.015,1,probe_student
101.755,0.3716,1,probe_records
101.756,0.0177,1,probe_timetable
101.757,0.0155,1,probe_payment
102.004,0.016,1,probe_student
102.005,0.0235,1,probe_records
102.006,0.0192,1,probe_timetable
102.008,0.0224,1,probe_payment
102.265,0.0144,1,probe_student
102.266,0.0386,1,probe_records
102.267,0.0188,1,probe_timetable
102.269,0.0158,1,probe_payment
102.511,0.0185,1,probe_student
102.513,0.0257,1,probe_records
102.514,0.0227,1,probe_timetable
102.515,0.0198,1,probe_payment
102.757,0.0133,1,probe_student
102.758,0.0357,1,probe_records
102.759,0.0168,1,probe_timetable
102.76,0.0131,1,probe_payment
103.009,0.0202,1,probe_student
103.01,0.0247,1,probe_records
103.011,0.0249,1,probe_timetable
103.012,0.0207,1,probe_payment
103.258,0.0155,1,probe_student
103.259,0.0346,1,probe_records
103.261,0.0187,1,probe_timetable
103.262,0.0343,1,probe_payment
103.505,0.0161,1,probe_student
103.506,0.0476,1,probe_records
103.507,0.0189,1,probe_timetable
103.508,0.0168,1,probe_payment
103.752,0.016,1,probe_student
103.753,0.0175,1,probe_records
103.754,0.0181,1,probe_timetable
103.756,0.0156,1,probe_payment
104.001,0.0156,1,probe_student
104.002,0.019,1,probe_records
104.003,0.0192,1,probe_timetable
104.004,0.0157,1,probe_payment
104.263,0.031,1,probe_student
104.265,0.0179,1,probe_records
104.266,0.0302,1,probe_timetable
104.267,0.0139,1,probe_payment
104.511,0.0153,1,probe_student
104.512,0.0221,1,probe_records
104.513,0.0199,1,probe_timetable
104.514,0.0182,1,probe_payment
104.758,0.0145,1,probe_student
104.76,0.0172,1,probe_records
104.761,0.0171,1,probe_timetable
104.762,0.0136,1,probe_payment
105.009,0.0156,1,probe_student
105.01,0.0204,1,probe_records
105.011,0.0177,1,probe_timetable
105.012,0.0169,1,probe_payment
105.256,0.0134,1,probe_student
105.258,0.0186,1,probe_records
105.259,0.0159,1,probe_timetable
105.259,0.0156,1,probe_payment
105.506,0.0152,1,probe_student
105.506,0.0209,1,probe_records
105.507,0.0187,1,probe_timetable
105.508,0.02,1,probe_payment
105.754,0.0143,1,probe_student
105.755,0.0163,1,probe_records
105.756,0.0169,1,probe_timetable
105.757,0.0136,1,probe_payment
106.005,0.015,1,probe_student
106.006,0.0227,1,probe_records
106.007,0.0192,1,probe_timetable
106.007,0.0198,1,probe_payment
106.25,0.0154,1,probe_student
106.251,0.0172,1,probe_records
106.252,0.018,1,probe_timetable
106.252,0.0141,1,probe_payment
106.502,0.0149,1,probe_student
106.503,0.0237,1,probe_records
106.504,0.0219,1,probe_timetable
106.505,0.0185,1,probe_payment
106.762,0.0132,1,probe_student
106.763,0.018,1,probe_records
106.764,0.0162,1,probe_timetable
106.765,0.0142,1,probe_payment
107.012,0.0155,1,probe_student
107.013,0.0217,1,probe_records
107.014,0.0181,1,probe_timetable
107.015,0.0194,1,probe_payment
107.261,0.015,1,probe_student
107.262,0.0163,1,probe_records
107.263,0.0164,1,probe_timetable
107.264,0.0131,1,probe_payment
107.512,0.0166,1,probe_student
107.514,0.0486,1,probe_records
107.515,0.0195,1,probe_timetable
107.516,0.0177,1,probe_payment
107.76,0.0142,1,probe_student
107.761,0.0165,1,probe_records
107.762,0.0167,1,probe_timetable
107.763,0.0128,1,probe_payment
108.011,0.0152,1,probe_student
108.011,0.0465,1,probe_records
108.012,0.0186,1,probe_timetable
108.013,0.044,1,probe_payment
108.256,0.0129,1,probe_student
108.257,0.0152,1,probe_records
108.258,0.016,1,probe_timetable
108.259,0.0123,1,probe_payment
108.507,0.0139,1,probe_student
108.508,0.0217,1,probe_records
108.509,0.018,1,probe_timetable
108.51,0.021,1,probe_payment
108.753,0.0141,1,probe_student
108.754,0.0181,1,probe_records
108.755,0.0192,1,probe_timetable
108.756,0.0167,1,probe_payment
109.002,0.0274,1,probe_student
109.003,0.021,1,probe_records
109.004,0.0442,1,probe_timetable
109.005,0.0172,1,probe_payment
109.265,0.0143,1,probe_student
109.267,0.0195,1,probe_records
109.268,0.0159,1,probe_timetable
109.269,0.0163,1,probe_payment
109.515,0.0154,1,probe_student
109.516,0.0243,1,probe_records
109.517,0.0189,1,probe_timetable
109.518,0.0205,1,probe_payment
109.761,0.0173,1,probe_student
109.762,0.0178,1,probe_records
109.763,0.0178,1,probe_timetable
109.764,0.0146,1,probe_payment
110.012,0.0168,1,probe_student
110.013,0.0263,1,probe_records
110.014,0.0234,1,probe_timetable
110.015,0.0207,1,probe_payment
110.251,0.0163,1,probe_student
110.252,0.0186,1,probe_records
110.254,0.0188,1,probe_timetable
110.255,0.0141,1,probe_payment
110.506,0.0161,1,probe_student
110.507,0.022,1,probe_records
110.508,0.0189,1,probe_timetable
110.509,0.0206,1,probe_payment
110.754,0.015,1,probe_student
110.755,0.0202,1,probe_records
110.756,0.0182,1,probe_timetable
110.758,0.0148,1,probe_payment
111.007,0.0151,1,probe_student
111.007,0.0217,1,probe_records
111.008,0.0197,1,probe_timetable
111.009,0.0193,1,probe_payment
111.253,0.0148,1,probe_student
111.254,0.0177,1,probe_records
111.255,0.0179,1,probe_timetable
111.256,0.0146,1,probe_payment
111.502,0.0164,1,probe_student
111.504,0.0228,1,probe_records
111.505,0.0204,1,probe_timetable
111.506,0.0176,1,probe_payment
111.765,0.0143,1,probe_student
111.766,0.0171,1,probe_records
111.767,0.017,1,probe_timetable
111.768,0.0127,1,probe_payment
112.017,0.0162,1,probe_student
112.018,0.0237,1,probe_records
112.018,0.0221,1,probe_timetable
112.02,0.0194,1,probe_payment
112.265,0.0156,1,probe_student
112.266,0.0183,1,probe_records
112.267,0.0183,1,probe_timetable
112.268,0.0144,1,probe_payment
112.515,0.0165,1,probe_student
112.516,0.0497,1,probe_records
112.517,0.0212,1,probe_timetable
112.519,0.0184,1,probe_payment
112.76,0.0289,1,probe_student
112.761,0.0184,1,probe_records
112.762,0.031,1,probe_timetable
112.763,0.0145,1,probe_payment
113.008,0.0163,1,probe_student
113.009,0.0224,1,probe_records
113.009,0.0188,1,probe_timetable
113.01,0.0216,1,probe_payment
113.254,0.0361,1,probe_student
113.256,0.0199,1,probe_records
113.257,0.0351,1,probe_timetable
113.258,0.0146,1,probe_payment
113.502,0.0142,1,probe_student
113.503,0.0194,1,probe_records
113.504,0.0172,1,probe_timetable
113.505,0.0188,1,probe_payment
113.75,0.017,1,probe_student
113.752,0.0185,1,probe_records
113.753,0.0182,1,probe_timetable
113.755,0.0141,1,probe_payment
114.013,0.0151,1,probe_student
114.014,0.0347,1,probe_records
114.015,0.02,1,probe_timetable
114.016,0.018,1,probe_payment
114.263,0.0159,1,probe_student
114.265,0.023,1,probe_records
114.266,0.0211,1,probe_timetable
114.267,0.0169,1,probe_payment
114.514,0.0171,1,probe_student
114.515,0.0492,1,probe_records
114.515,0.0476,1,probe_timetable
114.517,0.0177,1,probe_payment
114.761,0.0143,1,probe_student
114.763,0.016,1,probe_records
114.764,0.0161,1,probe_timetable
114.764,0.0129,1,probe_payment
115.011,0.0164,1,probe_student
115.011,0.0334,1,probe_records
115.012,0.0205,1,probe_timetable
115.013,0.0176,1,probe_payment
115.258,0.0149,1,probe_student
115.259,0.0204,1,probe_records
115.26,0.0209,1,probe_timetable
115.261,0.0177,1,probe_payment
115.507,0.016,1,probe_student
115.507,0.0256,1,probe_records
115.508,0.0205,1,probe_timetable
115.509,0.0245,1,probe_payment
115.754,0.0147,1,probe_student
115.755,0.0185,1,probe_records
115.756,0.0162,1,probe_timetable
115.756,0.0137,1,probe_payment
116.003,0.0146,1,probe_student
116.004,0.021,1,probe_records
116.004,0.0186,1,probe_timetable
116.005,0.0197,1,probe_payment
116.265,0.0151,1,probe_student
116.266,0.0177,1,probe_records
116.267,0.0181,1,probe_timetable
116.268,0.0136,1,probe_payment
116.515,0.0165,1,probe_student
116.516,0.0227,1,probe_records
116.517,0.0191,1,probe_timetable
116.518,0.0201,1,probe_payment
116.764,0.015,1,probe_student
116.765,0.0168,1,probe_records
116.766,0.0169,1,probe_timetable
116.768,0.0126,1,probe_payment
117.016,0.0157,1,probe_student
117.017,0.0359,1,probe_records
117.018,0.0201,1,probe_timetable
117.019,0.0326,1,probe_payment
117.25,0.0146,1,probe_student
117.251,0.0183,1,probe_records
117.253,0.0181,1,probe_timetable
117.254,0.0145,1,probe_payment
117.501,0.0145,1,probe_student
117.502,0.0362,1,probe_records
117.503,0.0198,1,probe_timetable
117.503,0.0319,1,probe_payment
117.765,0.0169,1,probe_student
117.766,0.0175,1,probe_records
117.768,0.0179,1,probe_timetable
117.769,0.0138,1,probe_payment
118.011,0.0144,1,probe_student
118.011,0.0203,1,probe_records
118.012,0.0179,1,probe_timetable
118.013,0.0177,1,probe_payment
118.26,0.0138,1,probe_student
118.261,0.017,1,probe_records
118.262,0.0171,1,probe_timetable
118.263,0.0129,1,probe_payment
118.509,0.0185,1,probe_student
118.51,0.0236,1,probe_records
118.511,0.0248,1,probe_timetable
118.512,0.0243,1,probe_payment
118.751,0.015,1,probe_student
118.752,0.0211,1,probe_records
118.753,0.018,1,probe_timetable
118.754,0.0179,1,probe_payment
119.004,0.0172,1,probe_student
119.006,0.0246,1,probe_records
119.007,0.0219,1,probe_timetable
119.008,0.0194,1,probe_payment
119.262,0.0149,1,probe_student
119.264,0.0204,1,probe_records
119.264,0.4077,1,probe_timetable
119.265,0.0167,1,probe_payment
119.51,0.017,1,probe_student
119.511,0.0218,1,probe_records
119.512,0.4069,1,probe_timetable
119.513,0.0223,1,probe_payment
119.754,0.0141,1,probe_student
119.756,0.0183,1,probe_records
119.756,0.0179,1,probe_timetable
119.757,0.0144,1,probe_payment
120.016,0.0174,1,probe_student
120.017,0.0498,1,probe_records
120.017,0.0506,1,probe_timetable
120.018,0.0188,1,probe_payment
120.262,0.0155,1,probe_student
120.263,0.0206,1,probe_records
120.264,0.0208,1,probe_timetable
120.265,0.0159,1,probe_payment
120.513,0.022,1,probe_student
120.514,0.0301,1,probe_records
120.515,0.026,1,probe_timetable
120.516,0.0255,1,probe_payment
120.751,0.0164,1,probe_student
120.753,0.0216,1,probe_records
120.754,0.0194,1,probe_timetable
120.755,0.0162,1,probe_payment
121.006,0.0199,1,probe_student
121.007,0.0438,1,probe_records
121.008,0.0212,1,probe_timetable
121.01,0.047,1,probe_payment
121.265,0.0145,1,probe_student
121.266,0.019,1,probe_records
121.267,0.0203,1,probe_timetable
121.268,0.0132,1,probe_payment
121.512,0.0184,1,probe_student
121.513,0.0481,1,probe_records
121.514,0.0224,1,probe_timetable
121.515,0.0433,1,probe_payment
121.758,0.0149,1,probe_student
121.76,0.0222,1,probe_records
121.761,0.0196,1,probe_timetable
121.762,0.0165,1,probe_payment
122.006,0.0167,1,probe_student
122.007,0.0231,1,probe_records
122.008,0.02,1,probe_timetable
122.009,0.0198,1,probe_payment
122.251,0.0166,1,probe_student
122.252,0.0217,1,probe_records
122.253,0.0194,1,probe_timetable
122.254,0.0173,1,probe_payment
122.503,0.0196,1,probe_student
122.505,0.0237,1,probe_records
122.506,0.0208,1,probe_timetable
122.508,0.0217,1,probe_payment
122.765,0.0146,1,probe_student
122.767,0.017,1,probe_records
122.768,0.0175,1,probe_timetable
122.768,0.0132,1,probe_payment
123.016,0.0167,1,probe_student
123.017,0.0228,1,probe_records
123.018,0.0191,1,probe_timetable
123.019,0.0195,1,probe_payment
123.265,0.0143,1,probe_student
123.266,0.0171,1,probe_records
123.267,0.0175,1,probe_timetable
123.268,0.0133,1,probe_payment
123.516,0.0162,1,probe_student
123.517,0.0216,1,probe_records
123.518,0.0224,1,probe_timetable
123.519,0.0175,1,probe_payment
123.764,0.0152,1,probe_student
123.765,0.0182,1,probe_records
123.767,0.0186,1,probe_timetable
123.767,0.0138,1,probe_payment
124.014,0.0151,1,probe_student
124.015,0.0204,1,probe_records
124.016,0.018,1,probe_timetable
124.017,0.0196,1,probe_payment
124.262,0.0132,1,probe_student
124.263,0.0187,1,probe_records
124.263,0.0159,1,probe_timetable
124.264,0.0159,1,probe_payment
124.511,0.016,1,probe_student
124.512,0.0219,1,probe_records
124.513,0.0185,1,probe_timetable
124.514,0.0212,1,probe_payment
124.76,0.0139,1,probe_student
124.761,0.0206,1,probe_records
124.762,0.0179,1,probe_timetable
124.763,0.0153,1,probe_payment
125.011,0.0167,1,probe_student
125.012,0.0233,1,probe_records
125.013,0.0221,1,probe_timetable
125.014,0.0185,1,probe_payment
125.258,0.0344,1,probe_student
125.26,0.0357,1,probe_records
125.261,0.0327,1,probe_timetable
125.262,0.0332,1,probe_payment
125.508,0.0181,1,probe_student
125.509,0.0217,1,probe_records
125.51,0.0225,1,probe_timetable
125.511,0.0179,1,probe_payment
125.756,0.014,1,probe_student
125.757,0.0174,1,probe_records
125.758,0.0176,1,probe_timetable
125.759,0.0126,1,probe_payment
126.008,0.0149,1,probe_student
126.009,0.0219,1,probe_records
126.01,0.0201,1,probe_timetable
126.011,0.0177,1,probe_payment
126.254,0.0166,1,probe_student
126.255,0.0176,1,probe_records
126.256,0.0184,1,probe_timetable
126.257,0.0124,1,probe_payment
126.506,0.0166,1,probe_student
126.507,0.0487,1,probe_records
126.508,0.0208,1,probe_timetable
126.508,0.0184,1,probe_payment
126.754,0.0151,1,probe_student
126.755,0.0206,1,probe_records
126.756,0.0184,1,probe_timetable
126.757,0.015,1,probe_payment
127.006,0.014,1,probe_student
127.007,0.0215,1,probe_records
127.007,0.0185,1,probe_timetable
127.008,0.0189,1,probe_payment
127.253,0.014,1,probe_student
127.255,0.0175,1,probe_records
127.255,0.0157,1,probe_timetable
127.256,0.0136,1,probe_payment
127.504,0.0177,1,probe_student
127.505,0.0239,1,probe_records
127.506,0.0214,1,probe_timetable
127.506,0.0192,1,probe_payment
127.752,0.0142,1,probe_student
127.753,0.0172,1,probe_records
127.754,0.0173,1,probe_timetable
127.755,0.0129,1,probe_payment
128.001,0.016,1,probe_student
128.002,0.0239,1,probe_records
128.003,0.0181,1,probe_timetable
128.004,0.021,1,probe_payment
128.263,0.0138,1,probe_student
128.264,0.018,1,probe_records
128.265,0.0167,1,probe_timetable
128.266,0.0128,1,probe_payment
128.515,0.0157,1,probe_student
128.516,0.0233,1,probe_records
128.517,0.0208,1,probe_timetable
128.518,0.0172,1,probe_payment
128.763,0.0137,1,probe_student
128.765,0.019,1,probe_records
128.766,0.0168,1,probe_timetable
128.767,0.0139,1,probe_payment
129.012,0.014,1,probe_student
129.013,0.022,1,probe_records
129.014,0.0177,1,probe_timetable
129.015,0.02,1,probe_payment
129.263,0.0174,1,probe_student
129.265,0.0205,1,probe_records
129.267,0.0199,1,probe_timetable
129.268,0.0156,1,probe_payment
129.515,0.0303,1,probe_student
129.516,0.0216,1,probe_records
129.517,0.0335,1,probe_timetable
129.519,0.021,1,probe_payment
129.763,0.0142,1,probe_student
129.764,0.0169,1,probe_records
129.765,0.0172,1,probe_timetable
129.766,0.0133,1,probe_payment
130.012,0.0372,1,probe_student
130.013,0.023,1,probe_records
130.014,0.0378,1,probe_timetable
130.015,0.0196,1,probe_payment
130.259,0.015,1,probe_student
130.261,0.0198,1,probe_records
130.262,0.0167,1,probe_timetable
130.263,0.0152,1,probe_payment
130.511,0.0158,1,probe_student
130.512,0.0228,1,probe_records
130.513,0.0203,1,probe_timetable
130.514,0.0211,1,probe_payment
130.76,0.0133,1,probe_student
130.761,0.0196,1,probe_records
130.762,0.0162,1,probe_timetable
130.763,0.0161,1,probe_payment
131.01,0.0152,1,probe_student
131.011,0.0208,1,probe_records
131.012,0.0177,1,probe_timetable
131.013,0.0197,1,probe_payment
131.26,0.0164,1,probe_student
131.261,0.0184,1,probe_records
131.262,0.0188,1,probe_timetable
131.264,0.0146,1,probe_payment
131.51,0.0153,1,probe_student
131.511,0.0213,1,probe_records
131.512,0.0193,1,probe_timetable
131.512,0.0163,1,probe_payment
131.755,0.0146,1,probe_student
131.756,0.0181,1,probe_records
131.757,0.0177,1,probe_timetable
131.758,0.0144,1,probe_payment
132.006,0.0178,1,probe_student
132.007,0.0216,1,probe_records
132.008,0.0492,1,probe_timetable
132.009,0.0184,1,probe_payment
132.254,0.0142,1,probe_student
132.255,0.0184,1,probe_records
132.256,0.0191,1,probe_timetable
132.257,0.0144,1,probe_payment
132.517,0.0163,1,probe_student
132.518,0.0219,1,probe_records
132.519,0.0198,1,probe_timetable
132.519,0.0179,1,probe_payment
132.754,0.0146,1,probe_student
132.755,0.0192,1,probe_records
132.755,0.017,1,probe_timetable
132.756,0.0142,1,probe_payment
133.009,0.0156,1,probe_student
133.01,0.0215,1,probe_records
133.011,0.0186,1,probe_timetable
133.012,0.0187,1,probe_payment
133.256,0.014,1,probe_student
133.257,0.0178,1,probe_records
133.259,0.0178,1,probe_timetable
133.26,0.0127,1,probe_payment
133.508,0.0158,1,probe_student
133.509,0.0212,1,probe_records
133.51,0.0214,1,probe_timetable
133.511,0.0177,1,probe_payment
133.757,0.0197,1,probe_student
133.759,0.399,1,probe_records
133.76,0.4125,1,probe_timetable
133.761,0.0139,1,probe_payment
134.007,0.0217,1,probe_student
134.008,0.0276,1,probe_records
134.01,0.0296,1,probe_timetable
134.011,0.0241,1,probe_payment
134.256,0.0146,1,probe_student
134.257,0.0165,1,probe_records
134.258,0.0173,1,probe_timetable
134.26,0.0134,1,probe_payment
134.508,0.0178,1,probe_student
134.509,0.0255,1,probe_records
134.51,0.0213,1,probe_timetable
134.512,0.0216,1,probe_payment
134.755,0.0143,1,probe_student
134.756,0.0376,1,probe_records
134.756,0.0165,1,probe_timetable
134.757,0.0134,1,probe_payment
135.005,0.0157,1,probe_student
135.006,0.0244,1,probe_records
135.007,0.0257,1,probe_timetable
135.008,0.0211,1,probe_payment
135.25,0.0194,1,probe_student
135.252,0.0222,1,probe_records
135.253,0.0221,1,probe_timetable
135.254,0.0174,1,probe_payment
135.514,0.0181,1,probe_student
135.515,0.0218,1,probe_records
135.516,0.0357,1,probe_timetable
135.517,0.0177,1,probe_payment
135.762,0.0234,1,probe_student
135.763,0.0541,1,probe_records
135.765,0.0273,1,probe_timetable
135.766,0.0227,1,probe_payment
136.013,0.0177,1,probe_student
136.015,0.0247,1,probe_records
136.016,0.3585,1,probe_timetable
136.017,0.0185,1,probe_payment
136.257,0.395,1,probe_student
136.258,0.0189,1,probe_records
136.259,0.4014,1,probe_timetable
136.26,0.0134,1,probe_payment
136.507,0.0166,1,probe_student
136.508,0.0355,1,probe_records
136.51,0.0356,1,probe_timetable
136.511,0.0179,1,probe_payment
136.754,0.0164,1,probe_student
136.755,0.0184,1,probe_records
136.756,0.0361,1,probe_timetable
136.757,0.0142,1,probe_payment
137.003,0.0156,1,probe_student
137.005,0.0241,1,probe_records
137.006,0.0186,1,probe_timetable
137.006,0.0214,1,probe_payment
137.264,0.0175,1,probe_student
137.265,0.0177,1,probe_records
137.267,0.0176,1,probe_timetable
137.267,0.0124,1,probe_payment
137.515,0.0394,1,probe_student
137.516,0.0202,1,probe_records
137.517,0.0408,1,probe_timetable
137.518,0.021,1,probe_payment
137.755,0.0156,1,probe_student
137.756,0.0182,1,probe_records
137.757,0.0186,1,probe_timetable
137.758,0.0148,1,probe_payment
138.013,0.0282,1,probe_student
138.014,0.0206,1,probe_records
138.015,0.0301,1,probe_timetable
138.016,0.0173,1,probe_payment
138.259,0.0159,1,probe_student
138.261,0.0198,1,probe_records
138.262,0.0168,1,probe_timetable
138.263,0.0145,1,probe_payment
138.507,0.0154,1,probe_student
138.508,0.0236,1,probe_records
138.509,0.02,1,probe_timetable
138.51,0.0207,1,probe_payment
138.753,0.0153,1,probe_student
138.755,0.0185,1,probe_records
138.756,0.0182,1,probe_timetable
138.756,0.0143,1,probe_payment
139.005,0.0151,1,probe_student
139.005,0.0217,1,probe_records
139.006,0.0192,1,probe_timetable
139.007,0.0192,1,probe_payment
139.255,0.0147,1,probe_student
139.256,0.0179,1,probe_records
139.257,0.0183,1,probe_timetable
139.258,0.0141,1,probe_payment
139.504,0.015,1,probe_student
139.505,0.0216,1,probe_records
139.506,0.0182,1,probe_timetable
139.506,0.0193,1,probe_payment
139.765,0.0157,1,probe_student
139.767,0.0181,1,probe_records
139.768,0.0183,1,probe_timetable
139.769,0.0148,1,probe_payment
140.002,0.0169,1,probe_student
140.003,0.0265,1,probe_records
140.004,0.0267,1,probe_timetable
140.005,0.0228,1,probe_payment
140.265,0.5269,1,probe_student
140.268,0.1002,1,probe_records
140.269,0.5277,1,probe_timetable
140.271,0.0948,1,probe_payment
140.513,0.0198,1,probe_student
140.515,0.5395,1,probe_records
140.517,0.0219,1,probe_timetable
140.518,0.5374,1,probe_payment
140.762,0.0169,1,probe_student
140.763,0.5282,1,probe_records
140.764,0.0212,1,probe_timetable
140.766,0.5248,1,probe_payment
141.013,0.0289,1,probe_student
141.015,0.0239,1,probe_records
141.016,0.0295,1,probe_timetable
141.017,0.0269,1,probe_payment
141.256,0.0174,1,probe_student
141.258,0.0241,1,probe_records
141.26,0.0216,1,probe_timetable
141.261,0.0194,1,probe_payment
141.507,0.0185,1,probe_student
141.509,0.019,1,probe_records
141.51,0.0206,1,probe_timetable
141.511,0.0191,1,probe_payment
141.752,0.0304,1,probe_student
141.753,0.0169,1,probe_records
141.755,0.0291,1,probe_timetable
141.756,0.0127,1,probe_payment
142.004,0.026,1,probe_student
142.005,0.0232,1,probe_records
142.006,0.0262,1,probe_timetable
142.007,0.018,1,probe_payment
142.25,0.0136,1,probe_student
142.251,0.0175,1,probe_records
142.252,0.0172,1,probe_timetable
142.253,0.0138,1,probe_payment
142.513,0.016,1,probe_student
142.514,0.0399,1,probe_records
142.515,0.0343,1,probe_timetable
142.516,0.0368,1,probe_payment
142.762,0.0144,1,probe_student
142.763,0.0146,1,probe_records
142.764,0.0151,1,probe_timetable
142.766,0.0111,1,probe_payment
143.013,0.0138,1,probe_student
143.014,0.0215,1,probe_records
143.015,0.0183,1,probe_timetable
143.017,0.0185,1,probe_payment
143.258,0.0163,1,probe_student
143.26,0.0205,1,probe_records
143.261,0.0208,1,probe_timetable
143.262,0.0157,1,probe_payment
143.508,0.0163,1,probe_student
143.509,0.0495,1,probe_records
143.51,0.0471,1,probe_timetable
143.511,0.0169,1,probe_payment
143.754,0.0139,1,probe_student
143.756,0.016,1,probe_records
143.757,0.0179,1,probe_timetable
143.757,0.0129,1,probe_payment
144.006,0.0134,1,probe_student
144.006,0.022,1,probe_records
144.007,0.0179,1,probe_timetable
144.008,0.0191,1,probe_payment
144.253,0.0142,1,probe_student
144.255,0.0176,1,probe_records
144.255,0.0178,1,probe_timetable
144.256,0.0143,1,probe_payment
144.502,0.0144,1,probe_student
144.503,0.0231,1,probe_records
144.504,0.0194,1,probe_timetable
144.505,0.0208,1,probe_payment
144.764,0.0146,1,probe_student
144.764,0.0191,1,probe_records
144.765,0.0178,1,probe_timetable
144.766,0.0146,1,probe_payment
145.014,0.0158,1,probe_student
145.015,0.0253,1,probe_records
145.017,0.0223,1,probe_timetable
145.017,0.0237,1,probe_payment
145.261,0.0136,1,probe_student
145.262,0.0179,1,probe_records
145.263,0.0161,1,probe_timetable
145.264,0.0168,1,probe_payment
145.511,0.015,1,probe_student
145.512,0.0231,1,probe_records
145.512,0.0192,1,probe_timetable
145.513,0.0198,1,probe_payment
145.759,0.0156,1,probe_student
145.76,0.0178,1,probe_records
145.761,0.0184,1,probe_timetable
145.762,0.0141,1,probe_payment
146.009,0.0164,1,probe_student
146.009,0.0233,1,probe_records
146.011,0.0196,1,probe_timetable
146.011,0.0198,1,probe_payment
146.257,0.015,1,probe_student
146.258,0.0177,1,probe_records
146.259,0.0177,1,probe_timetable
146.26,0.0134,1,probe_payment
146.505,0.0342,1,probe_student
146.506,0.0342,1,probe_records
146.507,0.0645,1,probe_timetable
146.508,0.0192,1,probe_payment
146.752,0.0183,1,probe_student
146.754,0.0295,1,probe_records
146.755,0.02,1,probe_timetable
146.757,0.023,1,probe_payment
147.002,0.0177,1,probe_student
147.003,0.0249,1,probe_records
147.004,0.0192,1,probe_timetable
147.005,0.0216,1,probe_payment
147.265,0.0335,1,probe_student
147.266,0.018,1,probe_records
147.267,0.0394,1,probe_timetable
147.268,0.0145,1,probe_payment
147.516,0.015,1,probe_student
147.517,0.024,1,probe_records
147.519,0.0209,1,probe_timetable
147.52,0.018,1,probe_payment
147.765,0.0157,1,probe_student
147.766,0.0207,1,probe_records
147.767,0.0174,1,probe_timetable
147.768,0.017,1,probe_payment
148.013,0.018,1,probe_student
148.013,0.0255,1,probe_records
148.014,0.0207,1,probe_timetable
148.016,0.0213,1,probe_payment
148.261,0.0143,1,probe_student
148.262,0.0168,1,probe_records
148.263,0.0153,1,probe_timetable
148.263,0.0132,1,probe_payment
148.512,0.0214,1,probe_student
148.513,0.4387,1,probe_records
148.514,0.0648,1,probe_timetable
148.515,0.0319,1,probe_payment
148.76,0.0173,1,probe_student
148.761,0.355,1,probe_records
148.762,0.0213,1,probe_timetable
148.763,0.0166,1,probe_payment
149.012,0.0161,1,probe_student
149.013,0.0213,1,probe_records
149.014,0.0184,1,probe_timetable
149.015,0.02,1,probe_payment
149.26,0.0154,1,probe_student
149.261,0.0216,1,probe_records
149.262,0.0202,1,probe_timetable
149.264,0.0158,1,probe_payment
149.511,0.0179,1,probe_student
149.512,0.027,1,probe_records
149.513,0.0212,1,probe_timetable
149.514,0.0217,1,probe_payment
149.757,0.0131,1,probe_student
149.758,0.022,1,probe_records
149.759,0.0169,1,probe_timetable
149.76,0.0146,1,probe_payment
150.008,0.0188,1,probe_student
150.009,0.0441,1,probe_records
150.01,0.0197,1,probe_timetable
150.011,0.0355,1,probe_payment
150.254,0.0282,1,probe_student
150.255,0.0221,1,probe_records
150.256,0.0302,1,probe_timetable
150.257,0.0189,1,probe_payment
150.504,0.0148,1,probe_student
150.505,0.0217,1,probe_records
150.506,0.0192,1,probe_timetable
150.506,0.0198,1,probe_payment
150.752,0.0139,1,probe_student
150.753,0.0213,1,probe_records
150.754,0.018,1,probe_timetable
150.755,0.0184,1,probe_payment
151.016,0.0175,1,probe_student
151.017,0.0758,1,probe_records
151.018,0.022,1,probe_timetable
151.019,0.0182,1,probe_payment
151.264,0.0129,1,probe_student
151.266,0.0178,1,probe_records
151.267,0.0174,1,probe_timetable
151.267,0.0141,1,probe_payment
151.515,0.016,1,probe_student
151.516,0.0231,1,probe_records
151.516,0.0227,1,probe_timetable
151.518,0.018,1,probe_payment
151.764,0.0139,1,probe_student
151.765,0.0179,1,probe_records
151.766,0.0176,1,probe_timetable
151.767,0.0141,1,probe_payment
152.012,0.0175,1,probe_student
152.013,0.0242,1,probe_records
152.014,0.0229,1,probe_timetable
152.016,0.0185,1,probe_payment
152.259,0.0138,1,probe_student
152.26,0.0168,1,probe_records
152.261,0.0162,1,probe_timetable
152.262,0.0137,1,probe_payment
152.511,0.016,1,probe_student
152.512,0.0212,1,probe_records
152.513,0.0184,1,probe_timetable
152.513,0.0181,1,probe_payment
152.755,0.0165,1,probe_student
152.757,0.0186,1,probe_records
152.758,0.0184,1,probe_timetable
152.759,0.0146,1,probe_payment
153.004,0.0163,1,probe_student
153.005,0.0213,1,probe_records
153.005,0.0195,1,probe_timetable
153.006,0.0205,1,probe_payment
153.25,0.0148,1,probe_student
153.251,0.0167,1,probe_records
153.252,0.0168,1,probe_timetable
153.253,0.0133,1,probe_payment
153.505,0.0152,1,probe_student
153.505,0.0218,1,probe_records
153.506,0.0186,1,probe_timetable
153.507,0.0194,1,probe_payment
153.75,0.0146,1,probe_student
153.752,0.0183,1,probe_records
153.753,0.017,1,probe_timetable
153.754,0.0143,1,probe_payment
154.013,0.0172,1,probe_student
154.014,0.0261,1,probe_records
154.016,0.0194,1,probe_timetable
154.017,0.0216,1,probe_payment
154.26,0.0144,1,probe_student
154.262,0.0195,1,probe_records
154.262,0.0176,1,probe_timetable
154.263,0.0154,1,probe_payment
154.511,0.0152,1,probe_student
154.512,0.0199,1,probe_records
154.513,0.0201,1,probe_timetable
154.513,0.0159,1,probe_payment
154.759,0.0318,1,probe_student
154.76,0.0172,1,probe_records
154.761,0.0316,1,probe_timetable
154.762,0.0139,1,probe_payment
155.01,0.0301,1,probe_student
155.012,0.0234,1,probe_records
155.013,0.0327,1,probe_timetable
155.014,0.0192,1,probe_payment
155.257,0.0167,1,probe_student
155.258,0.0168,1,probe_records
155.259,0.018,1,probe_timetable
155.26,0.0129,1,probe_payment
155.509,0.0171,1,probe_student
155.51,0.0648,1,probe_records
155.512,0.02,1,probe_timetable
155.513,0.0205,1,probe_payment
155.753,0.0171,1,probe_student
155.755,0.0217,1,probe_records
155.756,0.0215,1,probe_timetable
155.757,0.0167,1,probe_payment
156.004,0.0134,1,probe_student
156.005,0.0211,1,probe_records
156.005,0.017,1,probe_timetable
156.006,0.0204,1,probe_payment
156.265,0.0148,1,probe_student
156.266,0.0202,1,probe_records
156.268,0.0196,1,probe_timetable
156.269,0.0153,1,probe_payment
156.513,0.0157,1,probe_student
156.514,0.0236,1,probe_records
156.515,0.02,1,probe_timetable
156.516,0.0216,1,probe_payment
156.751,0.0152,1,probe_student
156.752,0.0182,1,probe_records
156.753,0.0176,1,probe_timetable
156.754,0.0145,1,probe_payment
157.012,0.0151,1,probe_student
157.013,0.0207,1,probe_records
157.014,0.0178,1,probe_timetable
157.015,0.0181,1,probe_payment
157.25,0.0152,1,probe_student
157.252,0.0188,1,probe_records
157.253,0.0168,1,probe_timetable
157.254,0.0144,1,probe_payment
157.51,0.0203,1,probe_student
157.512,0.0268,1,probe_records
157.514,0.0247,1,probe_timetable
157.516,0.0203,1,probe_payment
157.756,0.0134,1,probe_student
157.757,0.0195,1,probe_records
157.758,0.0174,1,probe_timetable
157.759,0.0152,1,probe_payment
158.005,0.0154,1,probe_student
158.006,0.021,1,probe_records
158.006,0.0182,1,probe_timetable
158.007,0.0185,1,probe_payment
158.253,0.014,1,probe_student
158.255,0.0167,1,probe_records
158.255,0.0177,1,probe_timetable
158.256,0.0135,1,probe_payment
158.503,0.0142,1,probe_student
158.504,0.0217,1,probe_records
158.505,0.0191,1,probe_timetable
158.506,0.0207,1,probe_payment
158.753,0.0146,1,probe_student
158.754,0.0162,1,probe_records
158.755,0.0166,1,probe_timetable
158.756,0.0128,1,probe_payment
159.004,0.0193,1,probe_student
159.005,0.0423,1,probe_records
159.006,0.0255,1,probe_timetable
159.008,0.0386,1,probe_payment
159.265,0.0145,1,probe_student
159.267,0.017,1,probe_records
159.268,0.017,1,probe_timetable
159.269,0.0142,1,probe_payment
159.516,0.015,1,probe_student
159.517,0.0201,1,probe_records
159.518,0.0171,1,probe_timetable
159.519,0.0174,1,probe_payment
159.751,0.017,1,probe_student
159.752,0.0347,1,probe_records
159.753,0.0187,1,probe_timetable
159.755,0.0343,1,probe_payment
160.016,0.0166,1,probe_student
160.017,0.0223,1,probe_records
160.019,0.0181,1,probe_timetable
160.02,0.0184,1,probe_payment
160.261,0.0159,1,probe_student
160.262,0.0219,1,probe_records
160.264,0.0184,1,probe_timetable
160.265,0.0185,1,probe_payment
160.513,0.016,1,probe_student
160.514,0.0214,1,probe_records
160.515,0.0186,1,probe_timetable
160.516,0.0205,1,probe_payment
160.761,0.014,1,probe_student
160.762,0.0169,1,probe_records
160.763,0.0174,1,probe_timetable
160.765,0.013,1,probe_payment
161.012,0.0169,1,probe_student
161.013,0.023,1,probe_records
161.014,0.0188,1,probe_timetable
161.015,0.0194,1,probe_payment
161.259,0.0144,1,probe_student
161.26,0.0186,1,probe_records
161.261,0.0183,1,probe_timetable
161.262,0.0134,1,probe_payment
161.513,0.0165,1,probe_student
161.514,0.0229,1,probe_records
161.515,0.0202,1,probe_timetable
161.516,0.0179,1,probe_payment
161.761,0.015,1,probe_student
161.763,0.0181,1,probe_records
161.764,0.0175,1,probe_timetable
161.765,0.0137,1,probe_payment
162.014,0.0164,1,probe_student
162.015,0.0193,1,probe_records
162.016,0.0208,1,probe_timetable
162.017,0.0161,1,probe_payment
162.262,0.016,1,probe_student
162.263,0.0195,1,probe_records
162.264,0.0176,1,probe_timetable
162.265,0.015,1,probe_payment
162.515,0.017,1,probe_student
162.516,0.0244,1,probe_records
162.517,0.0208,1,probe_timetable
162.518,0.0211,1,probe_payment
162.765,0.0137,1,probe_student
162.767,0.0167,1,probe_records
162.767,0.0172,1,probe_timetable
162.768,0.0139,1,probe_payment
163.017,0.0142,1,probe_student
163.018,0.4118,1,probe_records
163.019,0.0196,1,probe_timetable
163.019,0.0201,1,probe_payment
163.257,0.0201,1,probe_student
163.258,0.0241,1,probe_records
163.26,0.0214,1,probe_timetable
163.261,0.0179,1,probe_payment
163.516,0.0189,1,probe_student
163.517,0.4127,1,probe_records
163.518,0.0229,1,probe_timetable
163.52,0.0204,1,probe_payment
163.761,0.015,1,probe_student
163.761,0.0216,1,probe_records
163.762,0.0196,1,probe_timetable
163.763,0.0153,1,probe_payment
164.013,0.0172,1,probe_student
164.014,0.0263,1,probe_records
164.015,0.0212,1,probe_timetable
164.017,0.0218,1,probe_payment
164.254,0.0175,1,probe_student
164.255,0.0194,1,probe_records
164.255,0.0206,1,probe_timetable
164.256,0.0161,1,probe_payment
164.508,0.0161,1,probe_student
164.51,0.0231,1,probe_records
164.511,0.0204,1,probe_timetable
164.511,0.0223,1,probe_payment
164.754,0.0146,1,probe_student
164.754,0.0369,1,probe_records
164.755,0.0169,1,probe_timetable
164.756,0.0143,1,probe_payment
165.005,0.0133,1,probe_student
165.005,0.036,1,probe_records
165.006,0.0195,1,probe_timetable
165.007,0.0173,1,probe_payment
165.252,0.0145,1,probe_student
165.253,0.0166,1,probe_records
165.254,0.0166,1,probe_timetable
165.255,0.0133,1,probe_payment
165.503,0.0146,1,probe_student
165.504,0.0211,1,probe_records
165.505,0.0185,1,probe_timetable
165.506,0.0203,1,probe_payment
165.765,0.0141,1,probe_student
165.766,0.0201,1,probe_records
165.767,0.0168,1,probe_timetable
165.768,0.0165,1,probe_payment
166.016,0.0143,1,probe_student
166.017,0.0211,1,probe_records
166.018,0.0183,1,probe_timetable
166.018,0.0207,1,probe_payment
166.264,0.0167,1,probe_student
166.265,0.0207,1,probe_records
166.266,0.0193,1,probe_timetable
166.267,0.0165,1,probe_payment
166.515,0.0167,1,probe_student
166.516,0.0241,1,probe_records
166.517,0.0202,1,probe_timetable
166.518,0.0205,1,probe_payment
166.761,0.5288,1,probe_student
166.762,0.0195,1,probe_records
166.763,0.5308,1,probe_timetable
166.764,0.0156,1,probe_payment
167.012,0.0181,1,probe_student
167.013,0.5632,1,probe_records
167.014,0.0177,1,probe_timetable
167.015,0.5572,1,probe_payment
167.259,0.0165,1,probe_student
167.26,0.534,1,probe_records
167.26,0.0207,1,probe_timetable
167.261,0.5294,1,probe_payment
167.509,0.5336,1,probe_student
167.511,0.0552,1,probe_records
167.512,0.5696,1,probe_timetable
167.513,0.0544,1,probe_payment
167.758,0.0191,1,probe_student
167.76,0.0197,1,probe_records
167.761,0.028,1,probe_timetable
167.762,0.0186,1,probe_payment
168.009,0.0244,1,probe_student
168.01,0.0278,1,probe_records
168.011,0.0287,1,probe_timetable
168.012,0.0328,1,probe_payment
168.254,0.0152,1,probe_student
168.255,0.0174,1,probe_records
168.256,0.0185,1,probe_timetable
168.257,0.014,1,probe_payment
168.507,0.017,1,probe_student
168.508,0.0522,1,probe_records
168.509,0.023,1,probe_timetable
168.51,0.0503,1,probe_payment
168.751,0.0117,1,probe_student
168.752,0.0182,1,probe_records
168.753,0.0141,1,probe_timetable
168.754,0.0151,1,probe_payment
169.002,0.0163,1,probe_student
169.003,0.0192,1,probe_records
169.003,0.0204,1,probe_timetable
169.004,0.0153,1,probe_payment
169.266,0.0167,1,probe_student
169.268,0.0181,1,probe_records
169.269,0.0201,1,probe_timetable
169.271,0.0137,1,probe_payment
169.517,0.0151,1,probe_student
169.518,0.0229,1,probe_records
169.519,0.0202,1,probe_timetable
169.52,0.0197,1,probe_payment
169.75,0.015,1,probe_student
169.752,0.0208,1,probe_records
169.753,0.0189,1,probe_timetable
169.754,0.0199,1,probe_payment
170.014,0.0142,1,probe_student
170.015,0.0238,1,probe_records
170.016,0.0215,1,probe_timetable
170.016,0.0199,1,probe_payment
170.263,0.0167,1,probe_student
170.264,0.0175,1,probe_records
170.265,0.0179,1,probe_timetable
170.265,0.0122,1,probe_payment
170.511,0.0189,1,probe_student
170.513,0.0259,1,probe_records
170.514,0.0239,1,probe_timetable
170.515,0.0206,1,probe_payment
170.756,0.0177,1,probe_student
170.757,0.0176,1,probe_records
170.758,0.0179,1,probe_timetable
170.759,0.0133,1,probe_payment
171.008,0.0168,1,probe_student
171.009,0.0225,1,probe_records
171.01,0.0186,1,probe_timetable
171.011,0.0202,1,probe_payment
171.257,0.0386,1,probe_student
171.258,0.0283,1,probe_records
171.259,0.0389,1,probe_timetable
171.261,0.0266,1,probe_payment
171.508,0.0154,1,probe_student
171.508,0.0227,1,probe_records
171.509,0.0193,1,probe_timetable
171.51,0.0198,1,probe_payment
171.751,0.0149,1,probe_student
171.752,0.0172,1,probe_records
171.753,0.0173,1,probe_timetable
171.754,0.0136,1,probe_payment
172.005,0.016,1,probe_student
172.006,0.0214,1,probe_records
172.006,0.0219,1,probe_timetable
172.007,0.0182,1,probe_payment
172.252,0.0153,1,probe_student
172.254,0.02,1,probe_records
172.255,0.0178,1,probe_timetable
172.256,0.0149,1,probe_payment
172.503,0.0149,1,probe_student
172.504,0.0206,1,probe_records
172.505,0.0186,1,probe_timetable
172.505,0.0203,1,probe_payment
172.764,0.0192,1,probe_student
172.766,0.0223,1,probe_records
172.767,0.0221,1,probe_timetable
172.768,0.0171,1,probe_payment
173.013,0.0161,1,probe_student
173.014,0.0484,1,probe_records
173.015,0.0192,1,probe_timetable
173.015,0.0172,1,probe_payment
173.263,0.0139,1,probe_student
173.264,0.0199,1,probe_records
173.265,0.0185,1,probe_timetable
173.266,0.0154,1,probe_payment
173.513,0.0148,1,probe_student
173.514,0.023,1,probe_records
173.514,0.0179,1,probe_timetable
173.515,0.0199,1,probe_payment
173.765,0.0145,1,probe_student
173.766,0.0177,1,probe_records
173.767,0.0179,1,probe_timetable
173.768,0.0146,1,probe_payment
174.014,0.0162,1,probe_student
174.015,0.0236,1,probe_records
174.016,0.0216,1,probe_timetable
174.017,0.0185,1,probe_payment
174.261,0.0203,1,probe_student
174.262,0.0244,1,probe_records
174.263,0.025,1,probe_timetable
174.264,0.0195,1,probe_payment
174.51,0.0182,1,probe_student
174.511,0.0646,1,probe_records
174.513,0.021,1,probe_timetable
174.514,0.0216,1,probe_payment
174.757,0.0169,1,probe_student
174.759,0.0184,1,probe_records
174.76,0.0203,1,probe_timetable
174.761,0.0145,1,probe_payment
175.006,0.0158,1,probe_student
175.007,0.0224,1,probe_records
175.008,0.0186,1,probe_timetable
175.009,0.0198,1,probe_payment
175.255,0.0156,1,probe_student
175.257,0.0232,1,probe_records
175.258,0.0203,1,probe_timetable
175.259,0.0173,1,probe_payment
175.505,0.0176,1,probe_student
175.506,0.0397,1,probe_records
175.507,0.0201,1,probe_timetable
175.509,0.0354,1,probe_payment
175.752,0.0152,1,probe_student
175.754,0.0176,1,probe_records
175.754,0.0179,1,probe_timetable
175.755,0.0139,1,probe_payment
176.004,0.0173,1,probe_student
176.005,0.0431,1,probe_records
176.005,0.0213,1,probe_timetable
176.006,0.0391,1,probe_payment
176.251,0.0178,1,probe_student
176.252,0.019,1,probe_records
176.253,0.0188,1,probe_timetable
176.254,0.0153,1,probe_payment
176.502,0.0155,1,probe_student
176.503,0.0247,1,probe_records
176.504,0.019,1,probe_timetable
176.505,0.0219,1,probe_payment
176.765,0.0152,1,probe_student
176.766,0.0178,1,probe_records
176.766,0.0186,1,probe_timetable
176.767,0.0141,1,probe_payment
177.016,0.0135,1,probe_student
177.017,0.0216,1,probe_records
177.018,0.0176,1,probe_timetable
177.018,0.0192,1,probe_payment
177.257,0.0151,1,probe_student
177.258,0.0179,1,probe_records
177.259,0.0179,1,probe_timetable
177.26,0.014,1,probe_payment
177.512,0.016,1,probe_student
177.513,0.022,1,probe_records
177.514,0.0198,1,probe_timetable
177.515,0.017,1,probe_payment
177.759,0.0157,1,probe_student
177.76,0.0193,1,probe_records
177.761,0.0177,1,probe_timetable
177.762,0.0144,1,probe_payment
178.007,0.0156,1,probe_student
178.008,0.022,1,probe_records
178.009,0.0181,1,probe_timetable
178.01,0.0183,1,probe_payment
178.256,0.0147,1,probe_student
178.257,0.0185,1,probe_records
178.258,0.0183,1,probe_timetable
178.259,0.0142,1,probe_payment
178.506,0.0152,1,probe_student
178.507,0.0238,1,probe_records
178.508,0.0187,1,probe_timetable
178.509,0.0234,1,probe_payment
178.754,0.0149,1,probe_student
178.755,0.0165,1,probe_records
178.756,0.017,1,probe_timetable
178.757,0.0132,1,probe_payment
179.005,0.0194,1,probe_student
179.005,0.0234,1,probe_records
179.006,0.0244,1,probe_timetable
179.008,0.0205,1,probe_payment
179.253,0.0141,1,probe_student
179.254,0.0177,1,probe_records
179.255,0.0156,1,probe_timetable
179.256,0.0132,1,probe_payment
179.505,0.0154,1,probe_student
179.505,0.0242,1,probe_records
179.506,0.0219,1,probe_timetable
179.507,0.0194,1,probe_payment
179.755,0.0155,1,probe_student
179.756,0.0324,1,probe_records
179.757,0.0182,1,probe_timetable
179.758,0.0278,1,probe_payment
180.005,0.0139,1,probe_student
180.006,0.0207,1,probe_records
180.007,0.0159,1,probe_timetable
180.008,0.0179,1,probe_payment
180.253,0.0132,1,probe_student
180.254,0.0319,1,probe_records
180.254,0.0165,1,probe_timetable
180.255,0.031,1,probe_payment
180.503,0.016,1,probe_student
180.504,0.0192,1,probe_records
180.505,0.0198,1,probe_timetable
180.506,0.0164,1,probe_payment
180.751,0.0136,1,probe_student
180.752,0.0186,1,probe_records
180.753,0.0185,1,probe_timetable
180.754,0.0155,1,probe_payment
181.001,0.0138,1,probe_student
181.002,0.0221,1,probe_records
181.003,0.0193,1,probe_timetable
181.004,0.0209,1,probe_payment
181.265,0.0138,1,probe_student
181.266,0.0175,1,probe_records
181.267,0.0174,1,probe_timetable
181.268,0.0139,1,probe_payment
181.503,0.0159,1,probe_student
181.504,0.0207,1,probe_records
181.504,0.0206,1,probe_timetable
181.505,0.0175,1,probe_payment
181.75,0.0161,1,probe_student
181.751,0.0175,1,probe_records
181.752,0.0173,1,probe_timetable
181.753,0.0139,1,probe_payment
182.015,0.0153,1,probe_student
182.016,0.0216,1,probe_records
182.017,0.019,1,probe_timetable
182.018,0.0167,1,probe_payment
182.254,0.016,1,probe_student
182.255,0.0189,1,probe_records
182.256,0.019,1,probe_timetable
182.257,0.0153,1,probe_payment
182.512,0.0197,1,probe_student
182.513,0.0259,1,probe_records
182.514,0.0224,1,probe_timetable
182.516,0.0217,1,probe_payment
182.76,0.0164,1,probe_student
182.761,0.0183,1,probe_records
182.762,0.3939,1,probe_timetable
182.763,0.0151,1,probe_payment
183.009,0.0181,1,probe_student
183.01,0.0239,1,probe_records
183.011,0.022,1,probe_timetable
183.013,0.023,1,probe_payment
183.253,0.0192,1,probe_student
183.255,0.0197,1,probe_records
183.256,0.4029,1,probe_timetable
183.257,0.0154,1,probe_payment
183.516,0.0191,1,probe_student
183.517,0.0245,1,probe_records
183.518,0.0222,1,probe_timetable
183.519,0.0199,1,probe_payment
183.761,0.0451,1,probe_student
183.763,0.0352,1,probe_records
183.763,0.0449,1,probe_timetable
183.764,0.0405,1,probe_payment
184.008,0.0158,1,probe_student
184.009,0.0225,1,probe_records
184.01,0.0224,1,probe_timetable
184.011,0.018,1,probe_payment
184.252,0.0159,1,probe_student
184.253,0.0191,1,probe_records
184.254,0.0352,1,probe_timetable
184.256,0.0151,1,probe_payment
184.516,0.0166,1,probe_student
184.517,0.0231,1,probe_records
184.518,0.0211,1,probe_timetable
184.519,0.0183,1,probe_payment
184.763,0.0166,1,probe_student
184.764,0.0193,1,probe_records
184.765,0.0196,1,probe_timetable
184.767,0.0155,1,probe_payment
185.013,0.022,1,probe_student
185.014,0.0251,1,probe_records
185.015,0.0493,1,probe_timetable
185.016,0.0235,1,probe_payment
185.258,0.0141,1,probe_student
185.259,0.02,1,probe_records
185.26,0.017,1,probe_timetable
185.261,0.0149,1,probe_payment
185.507,0.0174,1,probe_student
185.508,0.0254,1,probe_records
185.509,0.0224,1,probe_timetable
185.51,0.0194,1,probe_payment
185.751,0.4077,1,probe_student
185.752,0.3863,1,probe_records
185.753,0.4351,1,probe_timetable
185.755,0.0189,1,probe_payment
186.014,0.0189,1,probe_student
186.015,0.4079,1,probe_records
186.016,0.0221,1,probe_timetable
186.017,0.023,1,probe_payment
186.26,0.0137,1,probe_student
186.261,0.0186,1,probe_records
186.262,0.0164,1,probe_timetable
186.263,0.014,1,probe_payment
186.514,0.0161,1,probe_student
186.515,0.0241,1,probe_records
186.517,0.019,1,probe_timetable
186.518,0.0202,1,probe_payment
186.759,0.035,1,probe_student
186.76,0.0323,1,probe_records
186.761,0.035,1,probe_timetable
186.762,0.0279,1,probe_payment
187.009,0.0208,1,probe_student
187.01,0.0252,1,probe_records
187.012,0.0218,1,probe_timetable
187.013,0.0197,1,probe_payment
187.256,0.0151,1,probe_student
187.257,0.0177,1,probe_records
187.258,0.0179,1,probe_timetable
187.259,0.0138,1,probe_payment
187.508,0.0206,1,probe_student
187.509,0.0226,1,probe_records
187.509,0.4137,1,probe_timetable
187.51,0.0193,1,probe_payment
187.755,0.0138,1,probe_student
187.757,0.018,1,probe_records
187.758,0.0162,1,probe_timetable
187.759,0.0131,1,probe_payment
188.006,0.0213,1,probe_student
188.007,0.0249,1,probe_records
188.01,0.0221,1,probe_timetable
188.011,0.019,1,probe_payment
188.254,0.0133,1,probe_student
188.255,0.0181,1,probe_records
188.256,0.0182,1,probe_timetable
188.257,0.0142,1,probe_payment
188.503,0.0214,1,probe_student
188.504,0.026,1,probe_records
188.505,0.0219,1,probe_timetable
188.506,0.0228,1,probe_payment
188.751,0.0167,1,probe_student
188.752,0.0184,1,probe_records
188.753,0.0354,1,probe_timetable
188.754,0.0149,1,probe_payment
189.016,0.0162,1,probe_student
189.017,0.0226,1,probe_records
189.018,0.0354,1,probe_timetable
189.019,0.0199,1,probe_payment
189.264,0.0143,1,probe_student
189.265,0.0162,1,probe_records
189.266,0.0165,1,probe_timetable
189.267,0.0132,1,probe_payment
189.514,0.0159,1,probe_student
189.515,0.0342,1,probe_records
189.516,0.021,1,probe_timetable
189.517,0.0176,1,probe_payment
189.762,0.0165,1,probe_student
189.764,0.0193,1,probe_records
189.765,0.0197,1,probe_timetable
189.766,0.0169,1,probe_payment
190.015,0.0158,1,probe_student
190.016,0.0273,1,probe_records
190.016,0.0254,1,probe_timetable
190.017,0.0228,1,probe_payment
190.265,0.0212,1,probe_student
190.266,0.0222,1,probe_records
190.268,0.0216,1,probe_timetable
190.269,0.0155,1,probe_payment
190.501,0.0154,1,probe_student
190.502,0.0507,1,probe_records
190.503,0.0216,1,probe_timetable
190.504,0.0175,1,probe_payment
190.765,0.0318,1,probe_student
190.767,0.0346,1,probe_records
190.768,0.0304,1,probe_timetable
190.769,0.0315,1,probe_payment
191.015,0.0154,1,probe_student
191.016,0.0214,1,probe_records
191.017,0.0178,1,probe_timetable
191.018,0.0183,1,probe_payment
191.265,0.0143,1,probe_student
191.266,0.0171,1,probe_records
191.267,0.017,1,probe_timetable
191.268,0.0135,1,probe_payment
191.502,0.0158,1,probe_student
191.503,0.018,1,probe_records
191.504,0.0215,1,probe_timetable
191.505,0.0153,1,probe_payment
191.764,0.0131,1,probe_student
191.765,0.0196,1,probe_records
191.766,0.0175,1,probe_timetable
191.767,0.0142,1,probe_payment
192.015,0.0143,1,probe_student
192.016,0.0194,1,probe_records
192.017,0.0168,1,probe_timetable
192.018,0.0188,1,probe_payment
192.264,0.0147,1,probe_student
192.265,0.0175,1,probe_records
192.266,0.0174,1,probe_timetable
192.267,0.0141,1,probe_payment
192.515,0.0137,1,probe_student
192.516,0.0496,1,probe_records
192.517,0.0183,1,probe_timetable
192.518,0.0465,1,probe_payment
192.762,0.0161,1,probe_student
192.764,0.019,1,probe_records
192.765,0.0196,1,probe_timetable
192.766,0.0146,1,probe_payment
193.012,0.0169,1,probe_student
193.013,0.0237,1,probe_records
193.014,0.0203,1,probe_timetable
193.015,0.0209,1,probe_payment
193.26,0.0165,1,probe_student
193.261,0.0235,1,probe_records
193.262,0.0205,1,probe_timetable
193.264,0.3918,1,probe_payment
193.509,0.022,1,probe_student
193.511,0.0256,1,probe_records
193.512,0.0234,1,probe_timetable
193.513,0.3915,1,probe_payment
193.756,0.015,1,probe_student
193.757,0.0175,1,probe_records
193.758,0.0188,1,probe_timetable
193.758,0.0141,1,probe_payment
194.007,0.014,1,probe_student
194.007,0.022,1,probe_records
194.008,0.0202,1,probe_timetable
194.009,0.0175,1,probe_payment
194.254,0.0372,1,probe_student
194.256,0.0391,1,probe_records
194.257,0.036,1,probe_timetable
194.258,0.0387,1,probe_payment
194.503,0.0148,1,probe_student
194.503,0.0187,1,probe_records
194.504,0.0201,1,probe_timetable
194.505,0.0213,1,probe_payment
194.75,0.0155,1,probe_student
194.752,0.0169,1,probe_records
194.753,0.0168,1,probe_timetable
194.754,0.0136,1,probe_payment
195.002,0.0123,1,probe_student
195.002,0.0201,1,probe_records
195.003,0.0179,1,probe_timetable
195.003,0.0203,1,probe_payment
195.254,0.0151,1,probe_student
195.255,0.0171,1,probe_records
195.256,0.0178,1,probe_timetable
195.257,0.0138,1,probe_payment
195.514,0.0147,1,probe_student
195.515,0.0224,1,probe_records
195.516,0.0188,1,probe_timetable
195.517,0.0194,1,probe_payment
195.761,0.0136,1,probe_student
195.762,0.0161,1,probe_records
195.763,0.0171,1,probe_timetable
195.764,0.0124,1,probe_payment
196.011,0.0151,1,probe_student
196.012,0.0208,1,probe_records
196.013,0.0186,1,probe_timetable
196.014,0.0159,1,probe_payment
196.259,0.0166,1,probe_student
196.26,0.0236,1,probe_records
196.261,0.0206,1,probe_timetable
196.262,0.0209,1,probe_payment
196.512,0.0145,1,probe_student
196.514,0.021,1,probe_records
196.515,0.0181,1,probe_timetable
196.515,0.018,1,probe_payment
196.76,0.0151,1,probe_student
196.761,0.0172,1,probe_records
196.762,0.0176,1,probe_timetable
196.763,0.0136,1,probe_payment
197.01,0.0141,1,probe_student
197.011,0.0229,1,probe_records
197.012,0.0176,1,probe_timetable
197.013,0.0198,1,probe_payment
197.257,0.0186,1,probe_student
197.259,0.0194,1,probe_records
197.261,0.0197,1,probe_timetable
197.262,0.0147,1,probe_payment
197.506,0.0167,1,probe_student
197.507,0.0217,1,probe_records
197.508,0.0214,1,probe_timetable
197.509,0.017,1,probe_payment
197.755,0.0145,1,probe_student
197.756,0.0179,1,probe_records
197.757,0.018,1,probe_timetable
197.758,0.0144,1,probe_payment
198.007,0.0142,1,probe_student
198.009,0.0218,1,probe_records
198.009,0.0195,1,probe_timetable
198.01,0.0174,1,probe_payment
198.253,0.0148,1,probe_student
198.254,0.0163,1,probe_records
198.255,0.0171,1,probe_timetable
198.256,0.0133,1,probe_payment
198.505,0.0324,1,probe_student
198.506,0.0405,1,probe_records
198.507,0.0347,1,probe_timetable
198.508,0.0369,1,probe_payment
198.755,0.0151,1,probe_student
198.756,0.0173,1,probe_records
198.757,0.0173,1,probe_timetable
198.758,0.0136,1,probe_payment
199.005,0.5265,1,probe_student
199.007,0.0241,1,probe_records
199.008,0.5317,1,probe_timetable
199.01,0.0186,1,probe_payment
199.251,0.534,1,probe_student
199.253,0.0161,1,probe_records
199.253,0.536,1,probe_timetable
199.255,0.0124,1,probe_payment
199.503,0.022,1,probe_student
199.504,0.5635,1,probe_records
199.505,0.0218,1,probe_timetable
199.507,0.5551,1,probe_payment
199.752,0.0211,1,probe_student
199.753,0.0345,1,probe_records
199.755,0.0309,1,probe_timetable
199.756,0.0259,1,probe_payment
200.016,0.0297,1,probe_student
200.017,0.0309,1,probe_records
200.018,0.0468,1,probe_timetable
200.019,0.0468,1,probe_payment
200.262,0.0193,1,probe_student
200.263,0.0219,1,probe_records
200.264,0.0226,1,probe_timetable
200.265,0.018,1,probe_payment
200.504,0.0184,1,probe_student
200.505,0.0225,1,probe_records
200.506,0.0229,1,probe_timetable
200.507,0.0183,1,probe_payment
200.76,0.0156,1,probe_student
200.761,0.0162,1,probe_records
200.762,0.0172,1,probe_timetable
200.762,0.0113,1,probe_payment
201.01,0.0152,1,probe_student
201.012,0.0237,1,probe_records
201.013,0.0187,1,probe_timetable
201.014,0.0202,1,probe_payment
201.255,0.0153,1,probe_student
201.256,0.0202,1,probe_records
201.257,0.018,1,probe_timetable
201.258,0.0159,1,probe_payment
201.505,0.0164,1,probe_student
201.506,0.0221,1,probe_records
201.507,0.0219,1,probe_timetable
201.508,0.0157,1,probe_payment
201.753,0.0143,1,probe_student
201.754,0.0152,1,probe_records
201.755,0.018,1,probe_timetable
201.755,0.0124,1,probe_payment
202.002,0.0174,1,probe_student
202.003,0.3947,1,probe_records
202.004,0.0209,1,probe_timetable
202.006,0.018,1,probe_payment
202.265,0.3625,1,probe_student
202.266,0.3679,1,probe_records
202.268,0.0188,1,probe_timetable
202.269,0.015,1,probe_payment
202.515,0.0267,1,probe_student
202.516,0.0396,1,probe_records
202.517,0.0502,1,probe_timetable
202.517,0.0176,1,probe_payment
202.761,0.0185,1,probe_student
202.762,0.0181,1,probe_records
202.763,0.0185,1,probe_timetable
202.764,0.0119,1,probe_payment
203.011,0.0157,1,probe_student
203.012,0.0231,1,probe_records
203.013,0.0206,1,probe_timetable
203.014,0.0178,1,probe_payment
203.256,0.0174,1,probe_student
203.257,0.0183,1,probe_records
203.258,0.0186,1,probe_timetable
203.259,0.0156,1,probe_payment
203.508,0.0213,1,probe_student
203.509,0.039,1,probe_records
203.51,0.021,1,probe_timetable
203.511,0.0351,1,probe_payment
203.757,0.0141,1,probe_student
203.759,0.0184,1,probe_records
203.76,0.0186,1,probe_timetable
203.76,0.0149,1,probe_payment
204.008,0.0151,1,probe_student
204.009,0.0208,1,probe_records
204.009,0.0213,1,probe_timetable
204.01,0.0169,1,probe_payment
204.252,0.0144,1,probe_student
204.253,0.0179,1,probe_records
204.254,0.0158,1,probe_timetable
204.255,0.0133,1,probe_payment
204.516,0.0152,1,probe_student
204.517,0.0228,1,probe_records
204.518,0.0176,1,probe_timetable
204.519,0.0196,1,probe_payment
204.762,0.017,1,probe_student
204.764,0.0187,1,probe_records
204.765,0.0201,1,probe_timetable
204.766,0.0149,1,probe_payment
205.01,0.0149,1,probe_student
205.011,0.0208,1,probe_records
205.012,0.0179,1,probe_timetable
205.013,0.0194,1,probe_payment
205.256,0.0151,1,probe_student
205.258,0.0169,1,probe_records
205.259,0.0171,1,probe_timetable
205.26,0.0136,1,probe_payment
205.508,0.0146,1,probe_student
205.509,0.0207,1,probe_records
205.51,0.0191,1,probe_timetable
205.511,0.0168,1,probe_payment
205.759,0.0131,1,probe_student
205.76,0.021,1,probe_records
205.761,0.0141,1,probe_timetable
205.762,0.0177,1,probe_payment
206.012,0.0164,1,probe_student
206.013,0.0212,1,probe_records
206.014,0.0182,1,probe_timetable
206.015,0.0205,1,probe_payment
206.258,0.0162,1,probe_student
206.26,0.021,1,probe_records
206.261,0.0206,1,probe_timetable
206.262,0.0173,1,probe_payment
206.507,0.0164,1,probe_student
206.508,0.0467,1,probe_records
206.509,0.021,1,probe_timetable
206.51,0.0189,1,probe_payment
206.753,0.0138,1,probe_student
206.754,0.019,1,probe_records
206.755,0.0263,1,probe_timetable
206.756,0.0131,1,probe_payment
207.003,0.0167,1,probe_student
207.004,0.0233,1,probe_records
207.005,0.0201,1,probe_timetable
207.006,0.0227,1,probe_payment
207.251,0.0135,1,probe_student
207.253,0.0176,1,probe_records
207.254,0.0181,1,probe_timetable
207.255,0.0141,1,probe_payment
207.501,0.0186,1,probe_student
207.503,0.0235,1,probe_records
207.504,0.0203,1,probe_timetable
207.505,0.0226,1,probe_payment
207.762,0.0151,1,probe_student
207.763,0.0217,1,probe_records
207.763,0.0179,1,probe_timetable
207.764,0.4065,1,probe_payment
208.01,0.0187,1,probe_student
208.011,0.0345,1,probe_records
208.013,0.0195,1,probe_timetable
208.014,0.0299,1,probe_payment
208.256,0.016,1,probe_student
208.258,0.0178,1,probe_records
208.259,0.0178,1,probe_timetable
208.26,0.0138,1,probe_payment
208.504,0.0146,1,probe_student
208.505,0.0197,1,probe_records
208.506,0.0194,1,probe_timetable
208.507,0.0196,1,probe_payment
208.754,0.0215,1,probe_student
208.756,0.0241,1,probe_records
208.758,0.0245,1,probe_timetable
208.759,0.0221,1,probe_payment
209.007,0.0162,1,probe_student
209.008,0.0217,1,probe_records
209.008,0.02,1,probe_timetable
209.009,0.0177,1,probe_payment
209.254,0.0157,1,probe_student
209.255,0.0191,1,probe_records
209.256,0.0198,1,probe_timetable
209.257,0.0148,1,probe_payment
209.503,0.0218,1,probe_student
209.504,0.026,1,probe_records
209.505,0.0502,1,probe_timetable
209.506,0.0216,1,probe_payment
209.765,0.0137,1,probe_student
209.767,0.0197,1,probe_records
209.768,0.0181,1,probe_timetable
209.768,0.0141,1,probe_payment
210.001,0.0143,1,probe_student
210.002,0.0387,1,probe_records
210.003,0.0185,1,probe_timetable
210.003,0.0301,1,probe_payment
210.262,0.0152,1,probe_student
210.264,0.0186,1,probe_records
210.265,0.0195,1,probe_timetable
210.266,0.0139,1,probe_payment
210.511,0.0162,1,probe_student
210.512,0.0227,1,probe_records
210.513,0.0288,1,probe_timetable
210.515,0.0182,1,probe_payment
210.758,0.0136,1,probe_student
210.76,0.0171,1,probe_records
210.761,0.0153,1,probe_timetable
210.761,0.0129,1,probe_payment
211.008,0.0306,1,probe_student
211.009,0.0209,1,probe_records
211.01,0.0307,1,probe_timetable
211.012,0.0197,1,probe_payment
211.255,0.0141,1,probe_student
211.256,0.0162,1,probe_records
211.257,0.0167,1,probe_timetable
211.258,0.0129,1,probe_payment
211.505,0.0185,1,probe_student
211.506,0.0255,1,probe_records
211.506,0.0205,1,probe_timetable
211.507,0.0228,1,probe_payment
211.752,0.014,1,probe_student
211.753,0.0166,1,probe_records
211.754,0.0173,1,probe_timetable
211.755,0.0136,1,probe_payment
212.016,0.0151,1,probe_student
212.017,0.0212,1,probe_records
212.017,0.0194,1,probe_timetable
212.018,0.0177,1,probe_payment
212.263,0.0146,1,probe_student
212.264,0.0205,1,probe_records
212.265,0.0181,1,probe_timetable
212.266,0.0168,1,probe_payment
212.513,0.0154,1,probe_student
212.515,0.0219,1,probe_records
212.515,0.0173,1,probe_timetable
212.516,0.0188,1,probe_payment
212.761,0.0151,1,probe_student
212.762,0.0188,1,probe_records
212.763,0.0173,1,probe_timetable
212.764,0.0137,1,probe_payment
213.01,0.0156,1,probe_student
213.011,0.0218,1,probe_records
213.011,0.0202,1,probe_timetable
213.013,0.0173,1,probe_payment
213.256,0.0143,1,probe_student
213.257,0.0166,1,probe_records
213.258,0.0165,1,probe_timetable
213.259,0.0135,1,probe_payment
213.505,0.0159,1,probe_student
213.506,0.0247,1,probe_records
213.507,0.0211,1,probe_timetable
213.509,0.0217,1,probe_payment
213.754,0.0176,1,probe_student
213.755,0.02,1,probe_records
213.757,0.0192,1,probe_timetable
213.759,0.015,1,probe_payment
214.005,0.0179,1,probe_student
214.006,0.023,1,probe_records
214.006,0.0214,1,probe_timetable
214.008,0.0184,1,probe_payment
214.252,0.0146,1,probe_student
214.253,0.0189,1,probe_records
214.254,0.019,1,probe_timetable
214.254,0.0154,1,probe_payment
214.503,0.0156,1,probe_student
214.503,0.0503,1,probe_records
214.504,0.0199,1,probe_timetable
214.505,0.0185,1,probe_payment
214.75,0.0154,1,probe_student
214.752,0.0166,1,probe_records
214.753,0.0167,1,probe_timetable
214.754,0.0126,1,probe_payment
215.015,0.0157,1,probe_student
215.016,0.0222,1,probe_records
215.017,0.02,1,probe_timetable
215.017,0.0178,1,probe_payment
215.263,0.0162,1,probe_student
215.265,0.0299,1,probe_records
215.266,0.0177,1,probe_timetable
215.267,0.0267,1,probe_payment
215.513,0.0144,1,probe_student
215.514,0.1343,0,probe_records
215.515,0.021,1,probe_timetable
215.516,0.0206,1,probe_payment
215.761,0.0177,1,probe_student
215.762,0.53,1,probe_records
215.764,0.017,1,probe_timetable
215.765,0.526,1,probe_payment
216.011,0.526,1,probe_student
216.012,0.3962,1,probe_records
216.013,0.528,1,probe_timetable
216.015,0.0202,1,probe_payment
216.257,0.5303,1,probe_student
216.26,0.0533,1,probe_records
216.261,0.5347,1,probe_timetable
216.262,0.0134,1,probe_payment
216.509,0.0202,1,probe_student
216.51,0.5357,1,probe_records
216.511,0.0195,1,probe_timetable
216.511,0.5324,1,probe_payment
216.756,0.0249,1,probe_student
216.757,0.0365,1,probe_records
216.762,0.0224,1,probe_timetable
216.764,0.0264,1,probe_payment
217.003,0.0212,1,probe_student
217.004,0.0294,1,probe_records
217.006,0.023,1,probe_timetable
217.006,0.0238,1,probe_payment
217.253,0.0123,1,probe_student
217.254,0.0161,1,probe_records
217.255,0.0168,1,probe_timetable
217.256,0.0126,1,probe_payment
217.503,0.0186,1,probe_student
217.504,0.0215,1,probe_records
217.504,0.0329,1,probe_timetable
217.505,0.0184,1,probe_payment
217.75,0.0162,1,probe_student
217.751,0.0173,1,probe_records
217.752,0.0173,1,probe_timetable
217.753,0.0139,1,probe_payment
218.013,0.0142,1,probe_student
218.014,0.0231,1,probe_records
218.016,0.0194,1,probe_timetable
218.016,0.0178,1,probe_payment
218.255,0.0122,1,probe_student
218.256,0.0194,1,probe_records
218.257,0.0157,1,probe_timetable
218.258,0.0158,1,probe_payment
218.51,0.0162,1,probe_student
218.51,0.0188,1,probe_records
218.511,0.0194,1,probe_timetable
218.512,0.0149,1,probe_payment
218.758,0.0137,1,probe_student
218.759,0.0201,1,probe_records
218.76,0.0205,1,probe_timetable
218.761,0.0158,1,probe_payment
219.008,0.0137,1,probe_student
219.009,0.0206,1,probe_records
219.01,0.0177,1,probe_timetable
219.01,0.0199,1,probe_payment
219.255,0.0301,1,probe_student
219.256,0.0361,1,probe_records
219.257,0.0329,1,probe_timetable
219.259,0.0302,1,probe_payment
219.506,0.016,1,probe_student
219.507,0.0213,1,probe_records
219.508,0.0216,1,probe_timetable
219.509,0.0171,1,probe_payment
219.751,0.0136,1,probe_student
219.752,0.0178,1,probe_records
219.753,0.0151,1,probe_timetable
219.753,0.013,1,probe_payment
220.016,0.0149,1,probe_student
220.016,0.0199,1,probe_records
220.017,0.0187,1,probe_timetable
220.018,0.0158,1,probe_payment
220.264,0.0145,1,probe_student
220.265,0.0171,1,probe_records
220.266,0.0177,1,probe_timetable
220.267,0.0134,1,probe_payment
220.516,0.0149,1,probe_student
220.517,0.0222,1,probe_records
220.517,0.0186,1,probe_timetable
220.518,0.0194,1,probe_payment
220.763,0.0145,1,probe_student
220.765,0.019,1,probe_records
220.766,0.0162,1,probe_timetable
220.767,0.014,1,probe_payment
221.013,0.0146,1,probe_student
221.014,0.0223,1,probe_records
221.015,0.0196,1,probe_timetable
221.016,0.0181,1,probe_payment
221.261,0.0146,1,probe_student
221.262,0.0205,1,probe_records
221.263,0.017,1,probe_timetable
221.264,0.0178,1,probe_payment
221.509,0.019,1,probe_student
221.511,0.0235,1,probe_records
221.512,0.0208,1,probe_timetable
221.513,0.0221,1,probe_payment
221.754,0.0174,1,probe_student
221.757,0.0194,1,probe_records
221.758,0.0188,1,probe_timetable
221.76,0.015,1,probe_payment
222.006,0.0148,1,probe_student
222.007,0.0215,1,probe_records
222.007,0.0211,1,probe_timetable
222.008,0.0168,1,probe_payment
222.251,0.0134,1,probe_student
222.252,0.0166,1,probe_records
222.253,0.0178,1,probe_timetable
222.253,0.0135,1,probe_payment
222.516,0.0147,1,probe_student
222.517,0.3653,1,probe_records
222.518,0.3816,1,probe_timetable
222.519,0.0196,1,probe_payment
222.75,0.3472,1,probe_student
222.751,0.0177,1,probe_records
222.752,0.0179,1,probe_timetable
222.753,0.0141,1,probe_payment
223.014,0.0331,1,probe_student
223.015,0.0232,1,probe_records
223.016,0.0339,1,probe_timetable
223.016,0.0198,1,probe_payment
223.261,0.0196,1,probe_student
223.262,0.0352,1,probe_records
223.263,0.0218,1,probe_timetable
223.264,0.0318,1,probe_payment
223.511,0.0197,1,probe_student
223.513,0.026,1,probe_records
223.515,0.0213,1,probe_timetable
223.516,0.0217,1,probe_payment
223.76,0.0166,1,probe_student
223.761,0.0388,1,probe_records
223.762,0.0195,1,probe_timetable
223.763,0.0359,1,probe_payment
224.01,0.018,1,probe_student
224.011,0.0243,1,probe_records
224.012,0.0204,1,probe_timetable
224.013,0.0216,1,probe_payment
224.259,0.0154,1,probe_student
224.26,0.0192,1,probe_records
224.261,0.02,1,probe_timetable
224.262,0.0146,1,probe_payment
224.509,0.0171,1,probe_student
224.51,0.0236,1,probe_records
224.511,0.0202,1,probe_timetable
224.512,0.0196,1,probe_payment
224.757,0.015,1,probe_student
224.758,0.0203,1,probe_records
224.759,0.0197,1,probe_timetable
224.76,0.0154,1,probe_payment
225.006,0.0171,1,probe_student
225.007,0.0244,1,probe_records
225.008,0.0205,1,probe_timetable
225.009,0.022,1,probe_payment
225.252,0.0132,1,probe_student
225.253,0.0175,1,probe_records
225.254,0.0153,1,probe_timetable
225.254,0.0128,1,probe_payment
225.516,0.0175,1,probe_student
225.517,0.0228,1,probe_records
225.518,0.0192,1,probe_timetable
225.519,0.02,1,probe_payment
225.761,0.0154,1,probe_student
225.762,0.0216,1,probe_records
225.763,0.0213,1,probe_timetable
225.764,0.0161,1,probe_payment
226.012,0.0166,1,probe_student
226.013,0.0358,1,probe_records
226.014,0.0354,1,probe_timetable
226.015,0.0173,1,probe_payment
226.262,0.015,1,probe_student
226.264,0.0165,1,probe_records
226.264,0.017,1,probe_timetable
226.265,0.0133,1,probe_payment
226.512,0.0178,1,probe_student
226.513,0.022,1,probe_records
226.514,0.0202,1,probe_timetable
226.515,0.017,1,probe_payment
226.762,0.0151,1,probe_student
226.764,0.0181,1,probe_records
226.765,0.0176,1,probe_timetable
226.766,0.0135,1,probe_payment
227.014,0.0148,1,probe_student
227.015,0.0231,1,probe_records
227.016,0.0205,1,probe_timetable
227.016,0.0205,1,probe_payment
227.262,0.0171,1,probe_student
227.263,0.0196,1,probe_records
227.264,0.0208,1,probe_timetable
227.266,0.0156,1,probe_payment
227.514,0.0292,1,probe_student
227.516,0.0242,1,probe_records
227.517,0.0317,1,probe_timetable
227.518,0.0201,1,probe_payment
227.763,0.015,1,probe_student
227.765,0.0208,1,probe_records
227.766,0.0182,1,probe_timetable
227.767,0.015,1,probe_payment
228.011,0.0169,1,probe_student
228.012,0.042,1,probe_records
228.014,0.0197,1,probe_timetable
228.015,0.0173,1,probe_payment
228.259,0.0143,1,probe_student
228.261,0.016,1,probe_records
228.262,0.0166,1,probe_timetable
228.263,0.0117,1,probe_payment
228.505,0.015,1,probe_student
228.506,0.0382,1,probe_records
228.507,0.02,1,probe_timetable
228.508,0.0379,1,probe_payment
228.754,0.0137,1,probe_student
228.755,0.0156,1,probe_records
228.756,0.0159,1,probe_timetable
228.756,0.0124,1,probe_payment
229.004,0.0156,1,probe_student
229.005,0.0219,1,probe_records
229.007,0.0179,1,probe_timetable
229.007,0.0187,1,probe_payment
229.251,0.0153,1,probe_student
229.252,0.0208,1,probe_records
229.253,0.0191,1,probe_timetable
229.253,0.0166,1,probe_payment
229.516,0.0137,1,probe_student
229.516,0.0493,1,probe_records
229.517,0.0175,1,probe_timetable
229.518,0.0176,1,probe_payment
229.761,0.0147,1,probe_student
229.762,0.02,1,probe_records
229.763,0.0181,1,probe_timetable
229.764,0.016,1,probe_payment
230.01,0.0183,1,probe_student
230.011,0.0258,1,probe_records
230.011,0.0219,1,probe_timetable
230.013,0.0218,1,probe_payment
230.261,0.018,1,probe_student
230.263,0.0235,1,probe_records
230.264,0.0195,1,probe_timetable
230.266,0.0189,1,probe_payment
230.511,0.0173,1,probe_student
230.512,0.0201,1,probe_records
230.513,0.0206,1,probe_timetable
230.514,0.0165,1,probe_payment
230.76,0.017,1,probe_student
230.761,0.3814,1,probe_records
230.763,0.019,1,probe_timetable
230.764,0.0163,1,probe_payment
231.011,0.017,1,probe_student
231.012,0.3784,1,probe_records
231.013,0.0185,1,probe_timetable
231.014,0.0185,1,probe_payment
231.257,0.0147,1,probe_student
231.258,0.3725,1,probe_records
231.26,0.0183,1,probe_timetable
231.261,0.0156,1,probe_payment
231.506,0.0395,1,probe_student
231.507,0.0279,1,probe_records
231.509,0.0411,1,probe_timetable
231.51,0.0184,1,probe_payment
231.754,0.0223,1,probe_student
231.756,0.0242,1,probe_records
231.758,0.0241,1,probe_timetable
231.76,0.0192,1,probe_payment
232.001,0.0493,1,probe_student
232.003,0.0596,1,probe_records
232.004,0.0484,1,probe_timetable
232.006,0.0161,1,probe_payment
232.263,0.0145,1,probe_student
232.264,0.019,1,probe_records
232.265,0.0158,1,probe_timetable
232.267,0.0138,1,probe_payment
232.515,0.0164,1,probe_student
232.516,0.0545,1,probe_records
232.517,0.02,1,probe_timetable
232.518,0.0256,1,probe_payment
232.761,0.0145,1,probe_student
232.762,0.0171,1,probe_records
232.763,0.0174,1,probe_timetable
232.764,0.0138,1,probe_payment
233.012,0.015,1,probe_student
233.013,0.0239,1,probe_records
233.014,0.0241,1,probe_timetable
233.015,0.0202,1,probe_payment
233.258,0.0147,1,probe_student
233.259,0.0191,1,probe_records
233.26,0.0182,1,probe_timetable
233.261,0.0148,1,probe_payment
233.508,0.0163,1,probe_student
233.508,0.0254,1,probe_records
233.509,0.0219,1,probe_timetable
233.51,0.0217,1,probe_payment
233.753,0.0144,1,probe_student
233.754,0.0175,1,probe_records
233.756,0.0174,1,probe_timetable
233.757,0.0135,1,probe_payment
234.003,0.0143,1,probe_student
234.004,0.021,1,probe_records
234.005,0.0175,1,probe_timetable
234.006,0.018,1,probe_payment
234.265,0.0131,1,probe_student
234.266,0.0172,1,probe_records
234.267,0.0149,1,probe_timetable
234.267,0.0128,1,probe_payment
234.502,0.0139,1,probe_student
234.502,0.0175,1,probe_records
234.503,0.0165,1,probe_timetable
234.503,0.0145,1,probe_payment
234.751,0.0097,1,probe_student
234.751,0.0106,1,probe_records
234.752,0.0118,1,probe_timetable
234.752,0.0086,1,probe_payment
235.001,0.0086,1,probe_student
235.002,0.0132,1,probe_records
235.002,0.0133,1,probe_timetable
235.003,0.0113,1,probe_payment
235.265,0.0089,1,probe_student
235.267,0.0108,1,probe_records
235.267,0.0109,1,probe_timetable
235.268,0.0072,1,probe_payment
235.515,0.0085,1,probe_student
235.516,0.0127,1,probe_records
235.517,0.0095,1,probe_timetable
235.517,0.0106,1,probe_payment
235.765,0.0097,1,probe_student
235.766,0.0116,1,probe_records
235.767,0.0103,1,probe_timetable
235.767,0.0082,1,probe_payment
236.015,0.0105,1,probe_student
236.016,0.0117,1,probe_records
236.016,0.0105,1,probe_timetable
236.017,0.0092,1,probe_payment
236.251,0.0103,1,probe_student
236.252,0.0152,1,probe_records
236.253,0.0102,1,probe_timetable
236.253,0.0137,1,probe_payment
236.516,0.009,1,probe_student
236.516,0.0118,1,probe_records
236.517,0.0108,1,probe_timetable
236.517,0.0094,1,probe_payment
236.762,0.0189,1,probe_student
236.764,0.0112,1,probe_records
236.764,0.381,1,probe_timetable
236.765,0.0084,1,probe_payment
237.013,0.0092,1,probe_student
237.014,0.0122,1,probe_records
237.014,0.3643,1,probe_timetable
237.015,0.0098,1,probe_payment
237.262,0.0096,1,probe_student
237.263,0.0115,1,probe_records
237.263,0.0103,1,probe_timetable
237.264,0.0082,1,probe_payment
237.515,0.0097,1,probe_student
237.516,0.0126,1,probe_records
237.516,0.0109,1,probe_timetable
237.517,0.0114,1,probe_payment
237.766,0.0094,1,probe_student
237.767,0.011,1,probe_records
237.768,0.0363,1,probe_timetable
237.768,0.0081,1,probe_payment
238.002,0.0087,1,probe_student
238.003,0.0125,1,probe_records
238.003,0.0106,1,probe_timetable
238.004,0.0109,1,probe_payment
238.264,0.0085,1,probe_student
238.265,0.0103,1,probe_records
238.266,0.0113,1,probe_timetable
238.266,0.0079,1,probe_payment
238.513,0.0097,1,probe_student
238.514,0.0123,1,probe_records
238.515,0.0112,1,probe_timetable
238.515,0.0092,1,probe_payment
238.762,0.0087,1,probe_student
238.763,0.0114,1,probe_records
238.764,0.0106,1,probe_timetable
238.764,0.0078,1,probe_payment
239.013,0.0097,1,probe_student
239.013,0.0121,1,probe_records
239.014,0.0108,1,probe_timetable
239.015,0.0088,1,probe_payment
239.265,0.0088,1,probe_student
239.266,0.0107,1,probe_records
239.266,0.0095,1,probe_timetable
239.267,0.0079,1,probe_payment
239.502,0.0091,1,probe_student
239.502,0.0117,1,probe_records
239.503,0.0098,1,probe_timetable
239.503,0.0084,1,probe_payment
239.751,0.0111,1,probe_student
239.752,0.0127,1,probe_records
239.753,0.0128,1,probe_timetable
239.753,0.0102,1,probe_payment
240.016,0.0086,1,probe_student
240.016,0.0115,1,probe_records
240.017,0.0094,1,probe_timetable
240.017,0.0094,1,probe_payment
240.262,0.0088,1,probe_student
240.263,0.0101,1,probe_records
240.264,0.0101,1,probe_timetable
240.264,0.0078,1,probe_payment
240.514,0.0097,1,probe_student
240.515,0.011,1,probe_records
240.515,0.011,1,probe_timetable
240.516,0.0084,1,probe_payment
240.762,0.5173,1,probe_student
240.763,0.0102,1,probe_records
240.764,0.517,1,probe_timetable
240.765,0.0082,1,probe_payment
241.013,0.0106,1,probe_student
241.013,0.5203,1,probe_records
241.014,0.0119,1,probe_timetable
241.015,0.5218,1,probe_payment
241.26,0.0112,1,probe_student
241.261,0.514,1,probe_records
241.263,0.0115,1,probe_timetable
241.263,0.5116,1,probe_payment
241.513,0.0128,1,probe_student
241.514,0.0145,1,probe_records
241.514,0.0183,1,probe_timetable
241.515,0.0185,1,probe_payment
241.761,0.011,1,probe_student
241.762,0.0119,1,probe_records
241.762,0.0108,1,probe_timetable
241.763,0.0095,1,probe_payment
242.012,0.009,1,probe_student
242.013,0.0124,1,probe_records
242.013,0.0113,1,probe_timetable
242.013,0.0106,1,probe_payment
242.258,0.3609,1,probe_student
242.259,0.3642,1,probe_records
242.26,0.0207,1,probe_timetable
242.26,0.0106,1,probe_payment
242.508,0.0257,1,probe_student
242.508,0.0353,1,probe_records
242.509,0.0342,1,probe_timetable
242.509,0.0108,1,probe_payment
242.755,0.0089,1,probe_student
242.756,0.0115,1,probe_records
242.756,0.0356,1,probe_timetable
242.757,0.0084,1,probe_payment
243.006,0.3472,1,probe_student
243.007,0.3551,1,probe_records
243.007,0.3946,1,probe_timetable
243.008,0.009,1,probe_payment
243.255,0.0115,1,probe_student
243.256,0.0188,1,probe_records
243.257,0.0133,1,probe_timetable
243.257,0.0135,1,probe_payment
243.503,0.0098,1,probe_student
243.503,0.0123,1,probe_records
243.504,0.0105,1,probe_timetable
243.504,0.0094,1,probe_payment
243.757,0.0098,1,probe_student
243.758,0.011,1,probe_records
243.759,0.0108,1,probe_timetable
243.76,0.0079,1,probe_payment
244.009,0.0091,1,probe_student
244.009,0.0112,1,probe_records
244.01,0.0114,1,probe_timetable
244.011,0.0086,1,probe_payment
244.255,0.5157,1,probe_student
244.256,0.01,1,probe_records
244.257,0.5171,1,probe_timetable
244.257,0.0081,1,probe_payment
244.507,0.0116,1,probe_student
244.507,0.5181,1,probe_records
244.508,0.0106,1,probe_timetable
244.509,0.5158,1,probe_payment
244.753,0.0106,1,probe_student
244.755,0.5176,1,probe_records
244.755,0.0114,1,probe_timetable
244.756,0.5157,1,probe_payment
245.005,0.0129,1,probe_student
245.005,0.0148,1,probe_records
245.006,0.033,1,probe_timetable
245.007,0.013,1,probe_payment
245.257,0.0094,1,probe_student
245.258,0.0121,1,probe_records
245.259,0.0111,1,probe_timetable
245.259,0.0096,1,probe_payment
245.508,0.0087,1,probe_student
245.508,0.0143,1,probe_records
245.509,0.0103,1,probe_timetable
245.51,0.0106,1,probe_payment
245.755,0.0104,1,probe_student
245.756,0.0116,1,probe_records
245.757,0.0104,1,probe_timetable
245.757,0.0089,1,probe_payment
246.007,0.0089,1,probe_student
246.007,0.0131,1,probe_records
246.008,0.0131,1,probe_timetable
246.008,0.0112,1,probe_payment
246.254,0.01,1,probe_student
246.255,0.0116,1,probe_records
246.256,0.0116,1,probe_timetable
246.257,0.0082,1,probe_payment
246.503,0.0088,1,probe_student
246.503,0.0115,1,probe_records
246.504,0.0116,1,probe_timetable
246.504,0.0091,1,probe_payment
246.75,0.0097,1,probe_student
246.751,0.0116,1,probe_records
246.752,0.0102,1,probe_timetable
246.752,0.0088,1,probe_payment
247.013,0.0101,1,probe_student
247.014,0.0488,1,probe_records
247.014,0.0114,1,probe_timetable
247.015,0.0117,1,probe_payment
247.26,0.0091,1,probe_student
247.261,0.0126,1,probe_records
247.262,0.0102,1,probe_timetable
247.262,0.009,1,probe_payment
247.509,0.014,1,probe_student
247.51,0.0213,1,probe_records
247.51,0.0151,1,probe_timetable
247.511,0.0191,1,probe_payment
247.754,0.011,1,probe_student
247.755,0.0123,1,probe_records
247.756,0.012,1,probe_timetable
247.757,0.0093,1,probe_payment
248.003,0.01,1,probe_student
248.003,0.0142,1,probe_records
248.004,0.0132,1,probe_timetable
248.004,0.0108,1,probe_payment
248.265,0.0094,1,probe_student
248.266,0.0126,1,probe_records
248.267,0.0117,1,probe_timetable
248.268,0.0084,1,probe_payment
248.515,0.0112,1,probe_student
248.516,0.0123,1,probe_records
248.517,0.0109,1,probe_timetable
248.517,0.0098,1,probe_payment
248.762,0.0192,1,probe_student
248.763,0.0128,1,probe_records
248.763,0.0209,1,probe_timetable
248.764,0.0095,1,probe_payment
249.01,0.0095,1,probe_student
249.011,0.015,1,probe_records
249.011,0.015,1,probe_timetable
249.012,0.0128,1,probe_payment
249.257,0.0101,1,probe_student
249.258,0.0106,1,probe_records
249.259,0.0102,1,probe_timetable
249.259,0.0085,1,probe_payment
249.508,0.0092,1,probe_student
249.509,0.011,1,probe_records
249.509,0.011,1,probe_timetable
249.509,0.009,1,probe_payment
249.759,0.0098,1,probe_student
249.76,0.0125,1,probe_records
249.761,0.0109,1,probe_timetable
249.762,0.0081,1,probe_payment
250.01,0.0099,1,probe_student
250.01,0.0116,1,probe_records
250.011,0.0116,1,probe_timetable
250.011,0.0099,1,probe_payment
250.256,0.0099,1,probe_student
250.257,0.0117,1,probe_records
250.258,0.0114,1,probe_timetable
250.259,0.0079,1,probe_payment
250.507,0.0095,1,probe_student
250.508,0.0135,1,probe_records
250.508,0.0125,1,probe_timetable
250.509,0.0109,1,probe_payment
250.756,0.0092,1,probe_student
250.757,0.0112,1,probe_records
250.758,0.01,1,probe_timetable
250.758,0.0079,1,probe_payment
251.006,0.0096,1,probe_student
251.007,0.0144,1,probe_records
251.007,0.0106,1,probe_timetable
251.008,0.0107,1,probe_payment
251.257,0.0099,1,probe_student
251.258,0.0122,1,probe_records
251.259,0.0113,1,probe_timetable
251.259,0.0089,1,probe_payment
251.509,0.0086,1,probe_student
251.51,0.011,1,probe_records
251.51,0.0099,1,probe_timetable
251.511,0.0086,1,probe_payment
251.762,0.0105,1,probe_student
251.763,0.0123,1,probe_records
251.764,0.0104,1,probe_timetable
251.765,0.0082,1,probe_payment
252.011,0.0095,1,probe_student
252.012,0.0128,1,probe_records
252.013,0.0106,1,probe_timetable
252.013,0.0107,1,probe_payment
252.264,0.0104,1,probe_student
252.265,0.012,1,probe_records
252.266,0.0105,1,probe_timetable
252.267,0.0088,1,probe_payment
252.516,0.0094,1,probe_student
252.517,0.0118,1,probe_records
252.518,0.0107,1,probe_timetable
252.518,0.0087,1,probe_payment
252.762,0.0103,1,probe_student
252.763,0.0122,1,probe_records
252.764,0.0107,1,probe_timetable
252.764,0.0084,1,probe_payment
253.013,0.0106,1,probe_student
253.014,0.0121,1,probe_records
253.015,0.012,1,probe_timetable
253.015,0.0096,1,probe_payment
253.262,0.0093,1,probe_student
253.263,0.0108,1,probe_records
253.264,0.0106,1,probe_timetable
253.264,0.0079,1,probe_payment
253.515,0.0082,1,probe_student
253.516,0.0126,1,probe_records
253.516,0.0116,1,probe_timetable
253.517,0.0104,1,probe_payment
253.752,0.0085,1,probe_student
253.753,0.0102,1,probe_records
253.753,0.0091,1,probe_timetable
253.754,0.0078,1,probe_payment
254.003,0.3808,1,probe_student
254.003,0.3659,1,probe_records
254.004,0.3955,1,probe_timetable
254.004,0.01,1,probe_payment
254.253,0.0169,1,probe_student
254.254,0.015,1,probe_records
254.255,0.0191,1,probe_timetable
254.256,0.0105,1,probe_payment
254.505,0.0091,1,probe_student
254.505,0.0356,1,probe_records
254.506,0.0097,1,probe_timetable
254.506,0.0085,1,probe_payment
254.754,0.0098,1,probe_student
254.755,0.0113,1,probe_records
254.756,0.0146,1,probe_timetable
254.756,0.0088,1,probe_payment
255.007,0.0108,1,probe_student
255.008,0.0157,1,probe_records
255.009,0.0152,1,probe_timetable
255.009,0.0128,1,probe_payment
255.257,0.0095,1,probe_student
255.258,0.0102,1,probe_records
255.259,0.0103,1,probe_timetable
255.26,0.0082,1,probe_payment
255.51,0.0097,1,probe_student
255.511,0.5442,1,probe_records
255.512,0.0098,1,probe_timetable
255.512,0.5418,1,probe_payment
255.755,0.0123,1,probe_student
255.756,0.5127,1,probe_records
255.757,0.011,1,probe_timetable
255.758,0.5103,1,probe_payment
256.004,0.517,1,probe_student
256.005,0.016,1,probe_records
256.005,0.5182,1,probe_timetable
256.006,0.0109,1,probe_payment
256.255,0.5156,1,probe_student
256.256,0.0111,1,probe_records
256.256,0.5149,1,probe_timetable
256.257,0.008,1,probe_payment
256.508,0.0097,1,probe_student
256.508,0.0186,1,probe_records
256.509,0.0111,1,probe_timetable
256.509,0.0169,1,probe_payment
256.755,0.0096,1,probe_student
256.756,0.0128,1,probe_records
256.757,0.013,1,probe_timetable
256.757,0.011,1,probe_payment
257.011,0.0098,1,probe_student
257.012,0.0152,1,probe_records
257.012,0.0143,1,probe_timetable
257.013,0.0122,1,probe_payment
257.26,0.0118,1,probe_student
257.261,0.0128,1,probe_records
257.261,0.0129,1,probe_timetable
257.262,0.0106,1,probe_payment
257.511,0.0088,1,probe_student
257.511,0.0111,1,probe_records
257.512,0.0101,1,probe_timetable
257.512,0.0089,1,probe_payment
257.762,0.0103,1,probe_student
257.763,0.0117,1,probe_records
257.764,0.0115,1,probe_timetable
257.765,0.3585,1,probe_payment
258.009,0.0098,1,probe_student
258.01,0.0136,1,probe_records
258.01,0.011,1,probe_timetable
258.011,0.359,1,probe_payment
258.257,0.0101,1,probe_student
258.258,0.0108,1,probe_records
258.259,0.011,1,probe_timetable
258.259,0.0085,1,probe_payment
258.507,0.0093,1,probe_student
258.508,0.0138,1,probe_records
258.508,0.0138,1,probe_timetable
258.509,0.012,1,probe_payment
258.757,0.0088,1,probe_student
258.758,0.0105,1,probe_records
258.758,0.0094,1,probe_timetable
258.759,0.0081,1,probe_payment
259.01,0.0078,1,probe_student
259.011,0.0148,1,probe_records
259.011,0.0148,1,probe_timetable
259.012,0.0129,1,probe_payment
259.26,0.0103,1,probe_student
259.261,0.0127,1,probe_records
259.262,0.0106,1,probe_timetable
259.262,0.0088,1,probe_payment
259.513,0.0092,1,probe_student
259.513,0.0111,1,probe_records
259.514,0.01,1,probe_timetable
259.514,0.0089,1,probe_payment
259.765,0.0113,1,probe_student
259.766,0.0136,1,probe_records
259.767,0.0121,1,probe_timetable
259.768,0.01,1,probe_payment
260.004,0.01,1,probe_student
260.005,0.013,1,probe_records
260.006,0.0107,1,probe_timetable
260.007,0.0106,1,probe_payment
260.256,0.0198,1,probe_student
260.257,0.0169,1,probe_records
260.258,0.0183,1,probe_timetable
260.258,0.0152,1,probe_payment
260.508,0.0088,1,probe_student
260.509,0.0124,1,probe_records
260.509,0.0112,1,probe_timetable
260.51,0.0095,1,probe_payment
260.76,0.0093,1,probe_student
260.761,0.0099,1,probe_records
260.761,0.0099,1,probe_timetable
260.762,0.0079,1,probe_payment
261.014,0.0091,1,probe_student
261.015,0.0135,1,probe_records
261.016,0.0135,1,probe_timetable
261.017,0.0113,1,probe_payment
261.261,0.0089,1,probe_student
261.262,0.0113,1,probe_records
261.263,0.0103,1,probe_timetable
261.264,0.0079,1,probe_payment
261.512,0.0092,1,probe_student
261.513,0.0121,1,probe_records
261.514,0.0111,1,probe_timetable
261.514,0.0086,1,probe_payment
261.76,0.0094,1,probe_student
261.761,0.0117,1,probe_records
261.762,0.0105,1,probe_timetable
261.763,0.0079,1,probe_payment
262.013,0.0085,1,probe_student
262.013,0.0114,1,probe_records
262.013,0.0116,1,probe_timetable
262.014,0.009,1,probe_payment
262.263,0.0091,1,probe_student
262.264,0.0102,1,probe_records
262.264,0.0104,1,probe_timetable
262.265,0.0079,1,probe_payment
262.516,0.01,1,probe_student
262.517,0.014,1,probe_records
262.518,0.0115,1,probe_timetable
262.519,0.0101,1,probe_payment
262.751,0.0089,1,probe_student
262.753,0.0108,1,probe_records
262.753,0.0097,1,probe_timetable
262.754,0.0086,1,probe_payment
263.002,0.0078,1,probe_student
263.002,0.0118,1,probe_records
263.003,0.0107,1,probe_timetable
263.003,0.0096,1,probe_payment
263.251,0.0093,1,probe_student
263.252,0.0106,1,probe_records
263.253,0.0104,1,probe_timetable
263.254,0.0083,1,probe_payment
263.502,0.009,1,probe_student
263.503,0.0113,1,probe_records
263.503,0.0102,1,probe_timetable
263.504,0.009,1,probe_payment
263.754,0.0097,1,probe_student
263.755,0.0115,1,probe_records
263.756,0.0113,1,probe_timetable
263.756,0.008,1,probe_payment
264.006,0.0089,1,probe_student
264.006,0.0109,1,probe_records
264.007,0.0098,1,probe_timetable
264.007,0.0082,1,probe_payment
264.255,0.0088,1,probe_student
264.255,0.0107,1,probe_records
264.256,0.0095,1,probe_timetable
264.257,0.0078,1,probe_payment
264.505,0.0091,1,probe_student
264.506,0.0144,1,probe_records
264.506,0.0141,1,probe_timetable
264.507,0.012,1,probe_payment
264.755,0.0104,1,probe_student
264.756,0.0115,1,probe_records
264.757,0.0101,1,probe_timetable
264.757,0.0089,1,probe_payment
265.006,0.0092,1,probe_student
265.007,0.0105,1,probe_records
265.007,0.0107,1,probe_timetable
265.008,0.0089,1,probe_payment
265.254,0.0103,1,probe_student
265.255,0.0112,1,probe_records
265.256,0.0101,1,probe_timetable
265.256,0.0088,1,probe_payment
265.507,0.0093,1,probe_student
265.507,0.0145,1,probe_records
265.508,0.0143,1,probe_timetable
265.508,0.0124,1,probe_payment
265.757,0.0099,1,probe_student
265.758,0.012,1,probe_records
265.759,0.0108,1,probe_timetable
265.76,0.0082,1,probe_payment
266.006,0.0085,1,probe_student
266.006,0.0113,1,probe_records
266.007,0.0099,1,probe_timetable
266.007,0.0096,1,probe_payment
266.254,0.0097,1,probe_student
266.255,0.0117,1,probe_records
266.256,0.0104,1,probe_timetable
266.257,0.0085,1,probe_payment
266.505,0.0085,1,probe_student
266.506,0.0122,1,probe_records
266.506,0.0104,1,probe_timetable
266.507,0.0104,1,probe_payment
266.753,0.0094,1,probe_student
266.754,0.0106,1,probe_records
266.754,0.0107,1,probe_timetable
266.755,0.0082,1,probe_payment
267.002,0.0105,1,probe_student
267.003,0.0171,1,probe_records
267.003,0.0132,1,probe_timetable
267.004,0.014,1,probe_payment
267.252,0.0095,1,probe_student
267.253,0.0118,1,probe_records
267.254,0.0115,1,probe_timetable
267.255,0.0082,1,probe_payment
267.505,0.0159,1,probe_student
267.506,0.0203,1,probe_records
267.506,0.0188,1,probe_timetable
267.507,0.0169,1,probe_payment
267.753,0.0103,1,probe_student
267.754,0.0123,1,probe_records
267.755,0.012,1,probe_timetable
267.755,0.0086,1,probe_payment
268.001,0.0096,1,probe_student
268.002,0.0121,1,probe_records
268.003,0.01,1,probe_timetable
268.003,0.0086,1,probe_payment
268.263,0.0091,1,probe_student
268.265,0.0105,1,probe_records
268.265,0.0104,1,probe_timetable
268.266,0.0077,1,probe_payment
268.516,0.008,1,probe_student
268.516,0.013,1,probe_records
268.516,0.0117,1,probe_timetable
268.517,0.0126,1,probe_payment
268.751,0.009,1,probe_student
268.752,0.0111,1,probe_records
268.753,0.0097,1,probe_timetable
268.753,0.0076,1,probe_payment
269.003,0.0093,1,probe_student
269.003,0.0139,1,probe_records
269.004,0.0124,1,probe_timetable
269.004,0.404,1,probe_payment
269.263,0.0092,1,probe_student
269.264,0.0352,1,probe_records
269.265,0.0099,1,probe_timetable
269.265,0.0075,1,probe_payment
269.513,0.0108,1,probe_student
269.513,0.0178,1,probe_records
269.514,0.0159,1,probe_timetable
269.514,0.0157,1,probe_payment
269.76,0.0126,1,probe_student
269.761,0.0161,1,probe_records
269.762,0.0146,1,probe_timetable
269.762,0.0143,1,probe_payment
270.008,0.0095,1,probe_student
270.009,0.0133,1,probe_records
270.01,0.0117,1,probe_timetable
270.01,0.0118,1,probe_payment
270.255,0.0093,1,probe_student
270.257,0.0129,1,probe_records
270.257,0.0097,1,probe_timetable
270.258,0.0112,1,probe_payment
270.506,0.0151,1,probe_student
270.507,0.0202,1,probe_records
270.508,0.0473,1,probe_timetable
270.509,0.0172,1,probe_payment
270.758,0.0145,1,probe_student
270.759,0.0193,1,probe_records
270.76,0.018,1,probe_timetable
270.761,0.0149,1,probe_payment
271.009,0.0162,1,probe_student
271.01,0.0223,1,probe_records
271.011,0.0191,1,probe_timetable
271.012,0.0203,1,probe_payment
271.256,0.0135,1,probe_student
271.258,0.0274,1,probe_records
271.259,0.0159,1,probe_timetable
271.259,0.0244,1,probe_payment
271.51,0.0192,1,probe_student
271.511,0.0284,1,probe_records
271.514,0.0279,1,probe_timetable
271.515,0.0174,1,probe_payment
271.755,0.0133,1,probe_student
271.756,0.0429,1,probe_records
271.757,0.0195,1,probe_timetable
271.757,0.0436,1,probe_payment
272.004,0.0157,1,probe_student
272.005,0.0228,1,probe_records
272.006,0.0188,1,probe_timetable
272.007,0.0217,1,probe_payment
272.252,0.0152,1,probe_student
272.253,0.0182,1,probe_records
272.254,0.0187,1,probe_timetable
272.255,0.0136,1,probe_payment
272.505,0.0194,1,probe_student
272.506,0.0262,1,probe_records
272.507,0.0225,1,probe_timetable
272.508,0.0234,1,probe_payment
272.752,0.0141,1,probe_student
272.753,0.0168,1,probe_records
272.754,0.0172,1,probe_timetable
272.755,0.0138,1,probe_payment
273.004,0.0163,1,probe_student
273.005,0.0228,1,probe_records
273.006,0.0188,1,probe_timetable
273.007,0.0194,1,probe_payment
273.25,0.0148,1,probe_student
273.251,0.0184,1,probe_records
273.252,0.018,1,probe_timetable
273.253,0.0134,1,probe_payment
273.514,0.0162,1,probe_student
273.515,0.0223,1,probe_records
273.516,0.0188,1,probe_timetable
273.517,0.0216,1,probe_payment
273.763,0.0149,1,probe_student
273.765,0.0168,1,probe_records
273.765,0.0179,1,probe_timetable
273.766,0.0135,1,probe_payment
274.014,0.0151,1,probe_student
274.015,0.0202,1,probe_records
274.016,0.0202,1,probe_timetable
274.016,0.016,1,probe_payment
274.26,0.014,1,probe_student
274.262,0.0158,1,probe_records
274.263,0.0157,1,probe_timetable
274.264,0.0128,1,probe_payment
274.51,0.0152,1,probe_student
274.512,0.0234,1,probe_records
274.512,0.018,1,probe_timetable
274.513,0.0203,1,probe_payment
274.757,0.0139,1,probe_student
274.758,0.016,1,probe_records
274.759,0.0166,1,probe_timetable
274.759,0.013,1,probe_payment
275.007,0.0173,1,probe_student
275.008,0.0226,1,probe_records
275.009,0.023,1,probe_timetable
275.01,0.0183,1,probe_payment
275.255,0.0149,1,probe_student
275.256,0.0176,1,probe_records
275.257,0.0184,1,probe_timetable
275.258,0.0146,1,probe_payment
275.505,0.0198,1,probe_student
275.506,0.0246,1,probe_records
275.507,0.0232,1,probe_timetable
275.508,0.0195,1,probe_payment
275.752,0.013,1,probe_student
275.753,0.0165,1,probe_records
275.754,0.0164,1,probe_timetable
275.755,0.0133,1,probe_payment
276.002,0.0336,1,probe_student
276.003,0.0388,1,probe_records
276.004,0.037,1,probe_timetable
276.005,0.0345,1,probe_payment
276.264,0.0139,1,probe_student
276.265,0.0155,1,probe_records
276.266,0.0161,1,probe_timetable
276.267,0.0125,1,probe_payment
276.515,0.0153,1,probe_student
276.517,0.0278,1,probe_records
276.518,0.018,1,probe_timetable
276.519,0.0278,1,probe_payment
276.76,0.016,1,probe_student
276.762,0.0179,1,probe_records
276.763,0.0178,1,probe_timetable
276.764,0.0143,1,probe_payment
277.014,0.0142,1,probe_student
277.014,0.02,1,probe_records
277.015,0.0165,1,probe_timetable
277.016,0.0175,1,probe_payment
277.262,0.0167,1,probe_student
277.264,0.0188,1,probe_records
277.265,0.0189,1,probe_timetable
277.266,0.015,1,probe_payment
277.512,0.0151,1,probe_student
277.513,0.02,1,probe_records
277.515,0.0168,1,probe_timetable
277.516,0.0162,1,probe_payment
277.761,0.0141,1,probe_student
277.762,0.019,1,probe_records
277.763,0.0187,1,probe_timetable
277.763,0.0147,1,probe_payment
278.012,0.0148,1,probe_student
278.013,0.0195,1,probe_records
278.014,0.0172,1,probe_timetable
278.014,0.0153,1,probe_payment
278.258,0.013,1,probe_student
278.259,0.0156,1,probe_records
278.26,0.0159,1,probe_timetable
278.261,0.0118,1,probe_payment
278.51,0.0138,1,probe_student
278.511,0.02,1,probe_records
278.511,0.0181,1,probe_timetable
278.512,0.0162,1,probe_payment
278.757,0.0143,1,probe_student
278.758,0.0167,1,probe_records
278.76,0.0163,1,probe_timetable
278.761,0.0125,1,probe_payment
279.007,0.0129,1,probe_student
279.008,0.0204,1,probe_records
279.009,0.0202,1,probe_timetable
279.009,0.0159,1,probe_payment
279.254,0.015,1,probe_student
279.256,0.0201,1,probe_records
279.257,0.0176,1,probe_timetable
279.258,0.015,1,probe_payment
279.506,0.013,1,probe_student
279.507,0.0197,1,probe_records
279.508,0.0169,1,probe_timetable
279.509,0.0189,1,probe_payment
279.754,0.0133,1,probe_student
279.755,0.0171,1,probe_records
279.756,0.015,1,probe_timetable
279.757,0.0121,1,probe_payment
280.002,0.0132,1,probe_student
280.003,0.0199,1,probe_records
280.004,0.0172,1,probe_timetable
280.005,0.018,1,probe_payment
280.265,0.0132,1,probe_student
280.267,0.0175,1,probe_records
280.268,0.0151,1,probe_timetable
280.269,0.0123,1,probe_payment
280.514,0.0166,1,probe_student
280.516,0.021,1,probe_records
280.517,0.0187,1,probe_timetable
280.518,0.0167,1,probe_payment
280.763,0.0267,1,probe_student
280.764,0.0169,1,probe_records
280.765,0.0328,1,probe_timetable
280.766,0.0132,1,probe_payment
281.014,0.0135,1,probe_student
281.015,0.0201,1,probe_records
281.016,0.0191,1,probe_timetable
281.016,0.0162,1,probe_payment
281.263,0.033,1,probe_student
281.265,0.0187,1,probe_records
281.266,0.034,1,probe_timetable
281.267,0.0138,1,probe_payment
281.513,0.0134,1,probe_student
281.514,0.0195,1,probe_records
281.515,0.0169,1,probe_timetable
281.516,0.017,1,probe_payment
281.763,0.0141,1,probe_student
281.764,0.0169,1,probe_records
281.765,0.0191,1,probe_timetable
281.766,0.0131,1,probe_payment
282.013,0.0143,1,probe_student
282.014,0.0203,1,probe_records
282.014,0.0176,1,probe_timetable
282.015,0.0173,1,probe_payment
282.259,0.0137,1,probe_student
282.261,0.0155,1,probe_records
282.261,0.016,1,probe_timetable
282.262,0.0123,1,probe_payment
282.509,0.0138,1,probe_student
282.51,0.0184,1,probe_records
282.511,0.0155,1,probe_timetable
282.512,0.0176,1,probe_payment
282.759,0.014,1,probe_student
282.76,0.0154,1,probe_records
282.761,0.0153,1,probe_timetable
282.762,0.0123,1,probe_payment
283.012,0.0136,1,probe_student
283.013,0.0199,1,probe_records
283.013,0.0157,1,probe_timetable
283.014,0.0188,1,probe_payment
283.263,0.3509,1,probe_student
283.264,0.014,1,probe_records
283.265,0.0161,1,probe_timetable
283.266,0.0108,1,probe_payment
283.515,0.0146,1,probe_student
283.516,0.4206,1,probe_records
283.517,0.0192,1,probe_timetable
283.518,0.0151,1,probe_payment
283.756,0.0186,1,probe_student
283.757,0.0208,1,probe_records
283.758,0.0192,1,probe_timetable
283.758,0.0151,1,probe_payment
284.012,0.0125,1,probe_student
284.013,0.0375,1,probe_records
284.014,0.0157,1,probe_timetable
284.014,0.0164,1,probe_payment
284.262,0.0186,1,probe_student
284.264,0.0163,1,probe_records
284.265,0.0172,1,probe_timetable
284.266,0.0116,1,probe_payment
284.514,0.0135,1,probe_student
284.515,0.0198,1,probe_records
284.516,0.0179,1,probe_timetable
284.517,0.0158,1,probe_payment
284.755,0.0125,1,probe_student
284.756,0.0157,1,probe_records
284.756,0.0262,1,probe_timetable
284.757,0.0128,1,probe_payment
285.013,0.0149,1,probe_student
285.014,0.0209,1,probe_records
285.015,0.0189,1,probe_timetable
285.016,0.0154,1,probe_payment
285.261,0.0275,1,probe_student
285.262,0.0165,1,probe_records
285.263,0.026,1,probe_timetable
285.264,0.0131,1,probe_payment
285.512,0.0166,1,probe_student
285.514,0.0227,1,probe_records
285.515,0.0194,1,probe_timetable
285.516,0.0197,1,probe_payment
285.76,0.0135,1,probe_student
285.762,0.0161,1,probe_records
285.763,0.016,1,probe_timetable
285.763,0.0126,1,probe_payment
286.009,0.0153,1,probe_student
286.011,0.0193,1,probe_records
286.012,0.0172,1,probe_timetable
286.013,0.0188,1,probe_payment
286.256,0.0131,1,probe_student
286.257,0.0167,1,probe_records
286.258,0.0141,1,probe_timetable
286.259,0.0116,1,probe_payment
286.508,0.015,1,probe_student
286.509,0.0214,1,probe_records
286.51,0.0189,1,probe_timetable
286.511,0.0169,1,probe_payment
286.757,0.0153,1,probe_student
286.759,0.0194,1,probe_records
286.76,0.0177,1,probe_timetable
286.761,0.0143,1,probe_payment
287.006,0.0177,1,probe_student
287.006,0.0522,1,probe_records
287.007,0.0497,1,probe_timetable
287.008,0.0181,1,probe_payment
287.256,0.0145,1,probe_student
287.257,0.0193,1,probe_records
287.258,0.0173,1,probe_timetable
287.26,0.014,1,probe_payment
287.504,0.0162,1,probe_student
287.505,0.0511,1,probe_records
287.506,0.0212,1,probe_timetable
287.507,0.0182,1,probe_payment
287.751,0.0146,1,probe_student
287.753,0.0175,1,probe_records
287.754,0.0176,1,probe_timetable
287.754,0.0147,1,probe_payment
288.016,0.0148,1,probe_student
288.017,0.0197,1,probe_records
288.018,0.0162,1,probe_timetable
288.019,0.017,1,probe_payment
288.263,0.0142,1,probe_student
288.264,0.0171,1,probe_records
288.264,0.0175,1,probe_timetable
288.265,0.0136,1,probe_payment
288.514,0.0141,1,probe_student
288.515,0.0208,1,probe_records
288.516,0.018,1,probe_timetable
288.517,0.0179,1,probe_payment
288.763,0.0131,1,probe_student
288.764,0.0177,1,probe_records
288.765,0.0163,1,probe_timetable
288.766,0.0137,1,probe_payment
289.015,0.0143,1,probe_student
289.016,0.0193,1,probe_records
289.017,0.0177,1,probe_timetable
289.018,0.015,1,probe_payment
289.25,0.013,1,probe_student
289.251,0.0163,1,probe_records
289.252,0.0165,1,probe_timetable
289.253,0.0129,1,probe_payment
289.503,0.0304,1,probe_student
289.504,0.0181,1,probe_records
289.505,0.0329,1,probe_timetable
289.505,0.0177,1,probe_payment
289.754,0.0127,1,probe_student
289.755,0.0166,1,probe_records
289.756,0.0148,1,probe_timetable
289.757,0.0136,1,probe_payment
290.006,0.0132,1,probe_student
290.007,0.0198,1,probe_records
290.007,0.0166,1,probe_timetable
290.008,0.0174,1,probe_payment
290.251,0.0135,1,probe_student
290.252,0.0167,1,probe_records
290.253,0.0169,1,probe_timetable
290.254,0.0136,1,probe_payment
290.503,0.0146,1,probe_student
290.504,0.029,1,probe_records
290.505,0.0165,1,probe_timetable
290.506,0.0253,1,probe_payment
290.751,0.0104,1,probe_student
290.753,0.0124,1,probe_records
290.753,0.0112,1,probe_timetable
290.754,0.0098,1,probe_payment
291.014,0.0113,1,probe_student
291.015,0.0136,1,probe_records
291.016,0.0115,1,probe_timetable
291.016,0.0096,1,probe_payment
291.261,0.0097,1,probe_student
291.262,0.011,1,probe_records
291.263,0.0096,1,probe_timetable
291.264,0.0081,1,probe_payment
291.513,0.0085,1,probe_student
291.513,0.0117,1,probe_records
291.514,0.0101,1,probe_timetable
291.514,0.008,1,probe_payment
291.76,0.01,1,probe_student
291.761,0.011,1,probe_records
291.762,0.0109,1,probe_timetable
291.763,0.0081,1,probe_payment
292.012,0.0083,1,probe_student
292.012,0.0126,1,probe_records
292.013,0.0108,1,probe_timetable
292.013,0.0111,1,probe_payment
292.259,0.0104,1,probe_student
292.261,0.0124,1,probe_records
292.261,0.0111,1,probe_timetable
292.262,0.0103,1,probe_payment
292.509,0.0102,1,probe_student
292.51,0.0118,1,probe_records
292.511,0.0105,1,probe_timetable
292.511,0.0088,1,probe_payment
292.76,0.009,1,probe_student
292.761,0.0124,1,probe_records
292.762,0.01,1,probe_timetable
292.762,0.0101,1,probe_payment
293.011,0.0084,1,probe_student
293.011,0.0146,1,probe_records
293.012,0.0137,1,probe_timetable
293.012,0.0122,1,probe_payment
293.261,0.0096,1,probe_student
293.262,0.0105,1,probe_records
293.263,0.0093,1,probe_timetable
293.263,0.008,1,probe_payment
293.511,0.0097,1,probe_student
293.512,0.0111,1,probe_records
293.513,0.0113,1,probe_timetable
293.513,0.0093,1,probe_payment
293.76,0.0105,1,probe_student
293.761,0.012,1,probe_records
293.762,0.0107,1,probe_timetable
293.763,0.0091,1,probe_payment
294.01,0.01,1,probe_student
294.011,0.0127,1,probe_records
294.012,0.0107,1,probe_timetable
294.012,0.0094,1,probe_payment
294.257,0.0086,1,probe_student
294.258,0.011,1,probe_records
294.259,0.01,1,probe_timetable
294.26,0.0073,1,probe_payment
294.51,0.0086,1,probe_student
294.511,0.0117,1,probe_records
294.511,0.01,1,probe_timetable
294.511,0.0089,1,probe_payment
294.758,0.0101,1,probe_student
294.76,0.0111,1,probe_records
294.76,0.0111,1,probe_timetable
294.761,0.0084,1,probe_payment
295.007,0.0092,1,probe_student
295.008,0.0121,1,probe_records
295.009,0.0099,1,probe_timetable
295.009,0.01,1,probe_payment
295.258,0.0096,1,probe_student
295.259,0.0101,1,probe_records
295.26,0.0109,1,probe_timetable
295.26,0.0079,1,probe_payment
295.511,0.0093,1,probe_student
295.512,0.0116,1,probe_records
295.513,0.0102,1,probe_timetable
295.514,0.0089,1,probe_payment
295.76,0.0171,1,probe_student
295.761,0.0104,1,probe_records
295.762,0.0161,1,probe_timetable
295.762,0.0083,1,probe_payment
296.01,0.0103,1,probe_student
296.011,0.0111,1,probe_records
296.011,0.0109,1,probe_timetable
296.012,0.009,1,probe_payment
296.263,0.0094,1,probe_student
296.264,0.0112,1,probe_records
296.265,0.0113,1,probe_timetable
296.266,0.0084,1,probe_payment
296.501,0.009,1,probe_student
296.502,0.0114,1,probe_records
296.503,0.0115,1,probe_timetable
296.503,0.0088,1,probe_payment
296.765,0.0099,1,probe_student
296.766,0.0119,1,probe_records
296.767,0.0101,1,probe_timetable
296.767,0.0087,1,probe_payment
297.004,0.0086,1,probe_student
297.004,0.0118,1,probe_records
297.005,0.0108,1,probe_timetable
297.005,0.0089,1,probe_payment
297.252,0.016,1,probe_student
297.253,0.0119,1,probe_records
297.254,0.0147,1,probe_timetable
297.255,0.0084,1,probe_payment
297.505,0.0491,1,probe_student
297.506,0.0502,1,probe_records
297.506,0.0486,1,probe_timetable
297.506,0.0467,1,probe_payment
297.755,0.5137,1,probe_student
297.757,0.0172,1,probe_records
297.757,0.515,1,probe_timetable
297.758,0.0092,1,probe_payment
298.004,0.0096,1,probe_student
298.004,0.5223,1,probe_records
298.005,0.0112,1,probe_timetable
298.006,0.5194,1,probe_payment
298.252,0.01,1,probe_student
298.253,0.5133,1,probe_records
298.254,0.011,1,probe_timetable
298.254,0.5112,1,probe_payment
298.503,0.0202,1,probe_student
298.503,0.0148,1,probe_records
298.504,0.0219,1,probe_timetable
298.505,0.0174,1,probe_payment
298.751,0.0092,1,probe_student
298.752,0.0128,1,probe_records
298.753,0.0111,1,probe_timetable
298.754,0.009,1,probe_payment
299.016,0.0086,1,probe_student
299.017,0.0235,1,probe_records
299.017,0.0113,1,probe_timetable
299.018,0.0217,1,probe_payment
299.267,0.0103,1,probe_student
299.268,0.0128,1,probe_records
299.269,0.0099,1,probe_timetable
299.27,0.0084,1,probe_payment
299.502,0.0088,1,probe_student
299.502,0.0116,1,probe_records
299.503,0.0092,1,probe_timetable
299.504,0.0092,1,probe_payment
299.75,0.0097,1,probe_student
299.751,0.0118,1,probe_records
299.752,0.0106,1,probe_timetable
299.753,0.0081,1,probe_payment
300.016,0.0092,1,probe_student
300.017,0.0118,1,probe_records
300.017,0.0105,1,probe_timetable
300.018,0.0094,1,probe_payment
