t_rel,latency_s,ok,status,op,kind,degraded,queued,attempt,gw_attempts
-0.0004,0.0185,1,200,probe_student,probe,0,0,1,1
0.0007,0.0235,1,200,probe_records,probe,0,0,1,1
0.0015,0.0304,1,200,probe_timetable,probe,0,0,1,1
0.0024,0.0281,1,200,probe_payment,probe,0,0,1,1
0.0045,0.0241,1,200,transcript,load,0,0,1,1
0.064,0.0094,1,200,student_read,load,0,0,1,1
0.1103,0.0132,1,200,timetable,load,0,0,1,1
0.1564,0.0098,1,200,student_read,load,0,0,1,1
0.2177,0.0208,1,200,enroll,load,0,0,1,1
0.2647,0.0181,1,200,probe_student,probe,0,0,1,1
0.2659,0.0207,1,200,probe_records,probe,0,0,1,1
0.2671,0.0238,1,200,probe_timetable,probe,0,0,1,1
0.2683,0.024,1,200,probe_payment,probe,0,0,1,1
0.2693,0.0242,1,200,transcript,load,0,0,1,1
0.3123,0.0127,1,200,timetable,load,0,0,1,1
0.3586,0.0196,1,200,timetable,load,0,0,1,1
0.4063,0.0122,1,200,transcript,load,0,0,1,1
0.4685,0.0236,1,200,grade,load,0,0,1,1
0.5153,0.0176,1,200,probe_student,probe,0,0,1,1
0.5168,0.0208,1,200,probe_records,probe,0,0,1,1
0.518,0.023,1,200,probe_timetable,probe,0,0,1,1
0.5191,0.0258,1,200,probe_payment,probe,0,0,1,1
0.5202,0.0235,1,200,balance,load,0,0,1,1
0.5611,0.0414,1,200,payment,load,0,0,1,1
0.6072,0.0115,1,200,transcript,load,0,0,1,1
0.6686,0.0437,1,200,payment,load,0,0,1,1
0.7088,0.0134,1,200,balance,load,0,0,1,1
0.7605,0.0189,1,200,probe_student,probe,0,0,1,1
0.7618,0.0268,1,200,probe_records,probe,0,0,1,1
0.7632,0.0301,1,200,probe_timetable,probe,0,0,1,1
0.7644,0.0251,1,200,probe_payment,probe,0,0,1,1
0.766,0.0552,1,200,payment,load,0,0,1,1
0.8063,0.0495,1,200,payment,load,0,0,1,1
0.8558,0.0313,1,200,enroll,load,0,0,1,1
0.9163,0.0174,1,200,student_read,load,0,0,1,1
0.9629,0.0138,1,200,timetable,load,0,0,1,1
1.0102,0.0214,1,200,probe_student,probe,0,0,1,1
1.0113,0.0222,1,200,probe_records,probe,0,0,1,1
1.0126,0.0291,1,200,probe_timetable,probe,0,0,1,1
1.0136,0.0215,1,200,probe_payment,probe,0,0,1,1
1.0147,0.0331,1,200,enroll,load,0,0,1,1
1.0563,0.0217,1,200,grade,load,0,0,1,1
1.1184,0.0124,1,200,transcript,load,0,0,1,1
1.1649,0.013,1,200,timetable,load,0,0,1,1
1.2108,0.0186,1,200,enroll,load,0,0,1,1
1.2584,0.0179,1,200,probe_student,probe,0,0,1,1
1.2596,0.0227,1,200,probe_records,probe,0,0,1,1
1.2608,0.0276,1,200,probe_timetable,probe,0,0,1,1
1.2618,0.0228,1,200,probe_payment,probe,0,0,1,1
1.2631,0.0326,1,200,enroll,load,0,0,1,1
1.3199,0.0193,1,200,enroll,load,0,0,1,1
1.3675,0.0552,1,200,payment,load,0,0,1,1
1.4149,0.0515,1,200,payment,load,0,0,1,1
1.4621,0.0158,1,200,transcript,load,0,0,1,1
1.5085,0.0209,1,200,probe_student,probe,0,0,1,1
1.5099,0.0213,1,200,probe_records,probe,0,0,1,1
1.5111,0.0284,1,200,probe_timetable,probe,0,0,1,1
1.5123,0.0212,1,200,probe_payment,probe,0,0,1,1
1.5134,0.0283,1,200,timetable,load,0,0,1,1
1.5549,0.011,1,200,student_read,load,0,0,1,1
1.6163,0.0134,1,200,timetable,load,0,0,1,1
1.6629,0.0099,1,200,student_read,load,0,0,1,1
1.7093,0.0412,1,200,payment,load,0,0,1,1
1.7506,0.018,1,200,probe_student,probe,0,0,1,1
1.7516,0.0191,1,200,probe_records,probe,0,0,1,1
1.7524,0.0227,1,200,probe_timetable,probe,0,0,1,1
1.7536,0.0185,1,200,probe_payment,probe,0,0,1,1
1.7574,0.0161,1,200,balance,load,0,0,1,1
1.8195,0.0401,1,200,payment,load,0,0,1,1
1.8576,0.0204,1,200,grade,load,0,0,1,1
1.9122,0.013,1,200,transcript,load,0,0,1,1
1.9585,0.0162,1,200,student_read,load,0,0,1,1
2.0053,0.0177,1,200,probe_student,probe,0,0,1,1
2.0069,0.021,1,200,probe_records,probe,0,0,1,1
2.0079,0.0262,1,200,probe_timetable,probe,0,0,1,1
2.0093,0.0201,1,200,probe_payment,probe,0,0,1,1
2.0106,0.0207,1,200,student_read,load,0,0,1,1
2.0677,0.0198,1,200,enroll,load,0,0,1,1
2.1141,0.0099,1,200,student_read,load,0,0,1,1
2.1604,0.0195,1,200,enroll,load,0,0,1,1
2.2066,0.0204,1,200,enroll,load,0,0,1,1
2.2522,0.0177,1,200,probe_student,probe,0,0,1,1
2.2533,0.0245,1,200,probe_records,probe,0,0,1,1
2.2544,0.0296,1,200,probe_timetable,probe,0,0,1,1
2.256,0.0186,1,200,probe_payment,probe,0,0,1,1
2.2624,0.0275,1,200,grade,load,0,0,1,1
2.3129,0.0088,1,200,balance,load,0,0,1,1
2.3584,0.0128,1,200,timetable,load,0,0,1,1
2.4209,0.0109,1,200,balance,load,0,0,1,1
2.4687,0.0293,1,200,transcript,load,0,0,1,1
2.5153,0.0357,1,200,probe_student,probe,0,0,1,1
2.5164,0.0228,1,200,probe_records,probe,0,0,1,1
2.5174,0.0447,1,200,probe_timetable,probe,0,0,1,1
2.5182,0.0247,1,200,probe_payment,probe,0,0,1,1
2.5196,0.0431,1,200,timetable,load,0,0,1,1
2.5581,0.0153,1,200,transcript,load,0,0,1,1
2.6085,0.0223,1,200,enroll,load,0,0,1,1
2.6564,0.0094,1,200,balance,load,0,0,1,1
2.7199,0.0099,1,200,balance,load,0,0,1,1
2.7504,0.0178,1,200,probe_student,probe,0,0,1,1
2.7522,0.0196,1,200,probe_records,probe,0,0,1,1
2.7537,0.0272,1,200,probe_timetable,probe,0,0,1,1
2.7548,0.0196,1,200,probe_payment,probe,0,0,1,1
2.7597,0.022,1,200,transcript,load,0,0,1,1
2.8115,0.0094,1,200,balance,load,0,0,1,1
2.8583,0.012,1,200,timetable,load,0,0,1,1
2.9054,0.009,1,200,student_read,load,0,0,1,1
2.9671,0.0241,1,200,enroll,load,0,0,1,1
3.0139,0.0232,1,200,probe_student,probe,0,0,1,1
3.0154,0.0248,1,200,probe_records,probe,0,0,1,1
3.0169,0.0247,1,200,probe_timetable,probe,0,0,1,1
3.0184,0.0213,1,200,probe_payment,probe,0,0,1,1
3.0199,0.023,1,200,transcript,load,0,0,1,1
3.0613,0.0129,1,200,transcript,load,0,0,1,1
3.1076,0.0085,1,200,student_read,load,0,0,1,1
3.1548,0.0408,1,200,payment,load,0,0,1,1
3.2176,0.0455,1,200,payment,load,0,0,1,1
3.2562,0.0218,1,200,probe_student,probe,0,0,1,1
3.2574,0.0244,1,200,probe_records,probe,0,0,1,1
3.2583,0.0259,1,200,probe_timetable,probe,0,0,1,1
3.2592,0.0204,1,200,probe_payment,probe,0,0,1,1
3.2606,0.0504,1,200,payment,load,0,0,1,1
3.3093,0.0409,1,200,payment,load,0,0,1,1
3.3569,0.0158,1,200,transcript,load,0,0,1,1
3.4187,0.0126,1,200,transcript,load,0,0,1,1
3.4649,0.01,1,200,balance,load,0,0,1,1
3.5112,0.0176,1,200,probe_student,probe,0,0,1,1
3.5121,0.0352,1,200,probe_records,probe,0,0,1,1
3.513,0.0302,1,200,probe_timetable,probe,0,0,1,1
3.5139,0.046,1,200,probe_payment,probe,0,0,1,1
3.516,0.0235,1,200,balance,load,0,0,1,1
3.5563,0.0426,1,200,payment,load,0,0,1,1
3.6185,0.0199,1,200,grade,load,0,0,1,1
3.6657,0.0103,1,200,balance,load,0,0,1,1
3.712,0.0116,1,200,transcript,load,0,0,1,1
3.7596,0.0169,1,200,probe_student,probe,0,0,1,1
3.7609,0.0222,1,200,probe_records,probe,0,0,1,1
3.7619,0.0258,1,200,probe_timetable,probe,0,0,1,1
3.7627,0.0212,1,200,probe_payment,probe,0,0,1,1
3.7636,0.0217,1,200,student_read,load,0,0,1,1
3.8058,0.0121,1,200,transcript,load,0,0,1,1
3.8664,0.0104,1,200,student_read,load,0,0,1,1
3.9135,0.0124,1,200,transcript,load,0,0,1,1
3.9602,0.0767,1,200,payment,load,0,0,1,1
4.0069,0.0248,1,200,probe_student,probe,0,0,1,1
4.0083,0.0269,1,200,probe_records,probe,0,0,1,1
4.01,0.0333,1,200,probe_timetable,probe,0,0,1,1
4.0118,0.0222,1,200,probe_payment,probe,0,0,1,1
4.0135,0.0265,1,200,student_read,load,0,0,1,1
4.0688,0.0351,1,200,timetable,load,0,0,1,1
4.1157,0.0282,1,200,timetable,load,0,0,1,1
4.1615,0.0138,1,200,transcript,load,0,0,1,1
4.2097,0.0123,1,200,timetable,load,0,0,1,1
4.2584,0.0186,1,200,probe_student,probe,0,0,1,1
4.2594,0.0203,1,200,probe_records,probe,0,0,1,1
4.2609,0.0274,1,200,probe_timetable,probe,0,0,1,1
4.2622,0.0197,1,200,probe_payment,probe,0,0,1,1
4.2632,0.0219,1,200,student_read,load,0,0,1,1
4.3052,0.0121,1,200,timetable,load,0,0,1,1
4.3666,0.0231,1,200,enroll,load,0,0,1,1
4.4136,0.0125,1,200,transcript,load,0,0,1,1
4.4601,0.0386,1,200,payment,load,0,0,1,1
4.5064,0.0188,1,200,probe_student,probe,0,0,1,1
4.5076,0.0199,1,200,probe_records,probe,0,0,1,1
4.509,0.0316,1,200,probe_timetable,probe,0,0,1,1
4.5103,0.0192,1,200,probe_payment,probe,0,0,1,1
4.5115,0.0284,1,200,timetable,load,0,0,1,1
4.5696,0.0206,1,200,grade,load,0,0,1,1
4.616,0.0098,1,200,student_read,load,0,0,1,1
4.6629,0.0219,1,200,enroll,load,0,0,1,1
4.7086,0.01,1,200,student_read,load,0,0,1,1
4.7561,0.0182,1,200,probe_student,probe,0,0,1,1
4.7572,0.0246,1,200,probe_records,probe,0,0,1,1
4.7583,0.0274,1,200,probe_timetable,probe,0,0,1,1
4.7592,0.0203,1,200,probe_payment,probe,0,0,1,1
4.7609,0.0229,1,200,student_read,load,0,0,1,1
4.819,0.0133,1,200,transcript,load,0,0,1,1
4.8648,0.013,1,200,timetable,load,0,0,1,1
4.9122,0.0101,1,200,student_read,load,0,0,1,1
4.9583,0.0094,1,200,student_read,load,0,0,1,1
5.0044,0.0208,1,200,probe_student,probe,0,0,1,1
5.0057,0.0218,1,200,probe_records,probe,0,0,1,1
5.0067,0.0297,1,200,probe_timetable,probe,0,0,1,1
5.0076,0.0221,1,200,probe_payment,probe,0,0,1,1
5.0091,0.026,1,200,transcript,load,0,0,1,1
5.0702,0.0124,1,200,timetable,load,0,0,1,1
5.1146,0.0132,1,200,transcript,load,0,0,1,1
5.1607,0.0094,1,200,student_read,load,0,0,1,1
5.2066,0.009,1,200,student_read,load,0,0,1,1
5.2542,0.0218,1,200,probe_student,probe,0,0,1,1
5.2557,0.0195,1,200,probe_records,probe,0,0,1,1
5.2567,0.0232,1,200,probe_timetable,probe,0,0,1,1
5.2575,0.021,1,200,probe_payment,probe,0,0,1,1
5.2613,0.0258,1,200,enroll,load,0,0,1,1
5.3171,0.0124,1,200,timetable,load,0,0,1,1
5.3641,0.0199,1,200,grade,load,0,0,1,1
5.4105,0.0133,1,200,transcript,load,0,0,1,1
5.4574,0.0126,1,200,timetable,load,0,0,1,1
5.504,0.0156,1,200,probe_student,probe,0,0,1,1
5.5052,0.0171,1,200,probe_records,probe,0,0,1,1
5.5063,0.0256,1,200,probe_timetable,probe,0,0,1,1
5.5071,0.0173,1,200,probe_payment,probe,0,0,1,1
5.5108,0.0216,1,200,timetable,load,0,0,1,1
5.5662,0.0223,1,200,grade,load,0,0,1,1
5.612,0.0101,1,200,student_read,load,0,0,1,1
5.6592,0.0359,1,200,grade,load,0,0,1,1
5.7055,0.0292,1,200,transcript,load,0,0,1,1
5.7516,0.0159,1,200,probe_student,probe,0,0,1,1
5.753,0.0175,1,200,probe_records,probe,0,0,1,1
5.7544,0.024,1,200,probe_timetable,probe,0,0,1,1
5.7557,0.0175,1,200,probe_payment,probe,0,0,1,1
5.7593,0.0178,1,200,student_read,load,0,0,1,1
5.8131,0.0096,1,200,balance,load,0,0,1,1
5.8606,0.014,1,200,transcript,load,0,0,1,1
5.9072,0.0231,1,200,enroll,load,0,0,1,1
5.9698,0.0096,1,200,balance,load,0,0,1,1
6.0005,0.0244,1,200,probe_student,probe,0,0,1,1
6.0021,0.0265,1,200,probe_records,probe,0,0,1,1
6.0035,0.0304,1,200,probe_timetable,probe,0,0,1,1
6.0052,0.0225,1,200,probe_payment,probe,0,0,1,1
6.0105,0.0221,1,200,student_read,load,0,0,1,1
6.0632,0.0111,1,200,student_read,load,0,0,1,1
6.1097,0.0104,1,200,balance,load,0,0,1,1
6.1564,0.0098,1,200,balance,load,0,0,1,1
6.2174,0.0446,1,200,grade,load,0,0,1,1
6.2511,0.0265,1,200,probe_student,probe,0,0,1,1
6.2528,0.021,1,200,probe_records,probe,0,0,1,1
6.2539,0.0271,1,200,probe_timetable,probe,0,0,1,1
6.2557,0.0204,1,200,probe_payment,probe,0,0,1,1
6.262,0.0492,1,200,payment,load,0,0,1,1
6.3089,0.0215,1,200,enroll,load,0,0,1,1
6.3575,0.0127,1,200,transcript,load,0,0,1,1
6.4183,0.0136,1,200,transcript,load,0,0,1,1
6.4651,0.524,1,200,payment,load,0,0,1,1
6.4651,0.0124,1,200,student_read,load,0,0,1,1
6.4906,0.2008,1,200,payment,load,0,0,1,1
6.4916,0.1629,1,200,timetable,load,0,0,1,1
6.4923,0.1461,1,200,timetable,load,0,0,1,1
6.4929,0.1626,1,200,timetable,load,0,0,1,1
6.4935,0.1512,1,200,timetable,load,0,0,1,1
6.4941,0.1767,1,200,transcript,load,0,0,1,1
6.495,1.5096,1,202,grade,load,0,1,1,1
6.4961,0.3164,1,200,timetable,load,0,0,1,1
6.497,0.154,1,200,student_read,load,0,0,1,1
6.4978,0.1651,1,200,balance,load,0,0,1,1
6.4986,0.1597,1,200,transcript,load,0,0,1,1
6.4994,0.1683,1,200,transcript,load,0,0,1,1
6.5001,1.5058,1,202,enroll,load,0,1,1,1
6.5008,0.3147,1,200,timetable,load,0,0,1,1
6.5014,0.2319,1,200,student_read,load,0,0,1,1
6.5017,0.5386,1,200,payment,load,0,0,1,1
6.502,0.3008,1,200,transcript,load,0,0,1,1
6.5026,0.2086,1,200,timetable,load,0,0,1,1
6.5035,0.3099,1,200,transcript,load,0,0,1,1
6.5046,0.2305,1,200,student_read,load,0,0,1,1
6.5054,0.1664,1,200,student_read,load,0,0,1,1
6.5055,1.7447,1,202,payment,load,0,1,1,1
6.5062,0.2119,1,200,timetable,load,0,0,1,1
6.5068,0.166,1,200,student_read,load,0,0,1,1
6.5075,0.2093,1,200,timetable,load,0,0,1,1
6.5081,1.6176,1,202,payment,load,0,1,1,1
6.5087,0.2724,1,200,transcript,load,0,0,1,1
6.5093,0.2981,1,200,student_read,load,0,0,1,1
6.5101,0.2665,1,200,student_read,load,0,0,1,1
6.5109,0.3035,1,200,timetable,load,0,0,1,1
6.5115,0.0246,1,200,probe_student,probe,0,0,1,1
6.5121,0.1481,1,200,balance,load,0,0,1,1
6.5128,0.0291,1,200,probe_records,probe,0,0,1,1
6.513,1.0737,1,200,enroll,load,0,0,1,1
6.5137,1.6131,1,202,payment,load,0,1,1,1
6.5139,0.037,1,200,probe_timetable,probe,0,0,1,1
6.5144,0.2947,1,200,transcript,load,0,0,1,1
6.5152,0.0288,1,200,probe_payment,probe,0,0,1,1
6.5152,0.355,1,200,enroll,load,0,0,1,1
6.5162,0.4084,1,200,payment,load,0,0,1,1
6.5171,1.6112,1,202,payment,load,0,1,1,1
6.5173,0.0343,1,200,transcript,load,0,0,1,1
6.518,0.293,1,200,timetable,load,0,0,1,1
6.5192,0.2595,1,200,student_read,load,0,0,1,1
6.5215,2.1952,1,202,payment,load,0,1,1,1
6.5291,0.3285,1,200,payment,load,0,0,1,1
6.5306,0.2451,1,200,timetable,load,0,0,1,1
6.532,0.2737,1,200,timetable,load,0,0,1,1
6.5321,0.6235,1,200,payment,load,0,0,1,1
6.5333,0.2462,1,200,timetable,load,0,0,1,1
6.5336,0.4562,1,200,timetable,load,0,0,1,1
6.5346,0.2723,1,200,timetable,load,0,0,1,1
6.5347,0.4522,1,200,timetable,load,0,0,1,1
6.5356,0.2451,1,200,transcript,load,0,0,1,1
6.5356,0.4557,1,200,timetable,load,0,0,1,1
6.5365,0.4566,1,200,timetable,load,0,0,1,1
6.5371,0.2764,1,200,grade,load,0,0,1,1
6.5373,0.4826,1,200,transcript,load,0,0,1,1
6.5383,0.3217,1,200,timetable,load,0,0,1,1
6.5391,0.5013,1,200,grade,load,0,0,1,1
6.5394,0.2442,1,200,student_read,load,0,0,1,1
6.5403,0.5317,1,200,timetable,load,0,0,1,1
6.5406,0.2376,1,200,balance,load,0,0,1,1
6.5416,0.6291,1,200,student_read,load,0,0,1,1
6.5416,0.2607,1,200,transcript,load,0,0,1,1
6.5424,0.3279,1,200,transcript,load,0,0,1,1
6.5425,0.6482,1,200,balance,load,0,0,1,1
6.5432,1.6311,1,202,enroll,load,0,1,1,1
6.5433,0.5615,1,200,transcript,load,0,0,1,1
6.5439,0.2658,1,200,timetable,load,0,0,1,1
6.544,0.6319,1,200,transcript,load,0,0,1,1
6.5446,0.3617,1,200,student_read,load,0,0,1,1
6.5449,2.0009,1,202,enroll,load,0,1,1,1
6.5458,0.3938,1,200,transcript,load,0,0,1,1
6.5461,0.6285,1,200,timetable,load,0,0,1,1
6.5469,0.3793,1,200,timetable,load,0,0,1,1
6.547,0.5761,1,200,student_read,load,0,0,1,1
6.5477,0.3908,1,200,transcript,load,0,0,1,1
6.5482,0.7321,1,200,transcript,load,0,0,1,1
6.5484,0.4097,1,200,student_read,load,0,0,1,1
6.549,0.5904,1,200,timetable,load,0,0,1,1
6.5492,0.299,1,200,student_read,load,0,0,1,1
6.5497,0.855,1,200,payment,load,0,0,1,1
6.5498,0.6095,1,200,transcript,load,0,0,1,1
6.55,0.4386,1,200,timetable,load,0,0,1,1
6.5506,0.8403,1,200,timetable,load,0,0,1,1
6.5506,0.7257,1,200,student_read,load,0,0,1,1
6.5508,0.311,1,200,student_read,load,0,0,1,1
6.5513,0.9813,1,200,timetable,load,0,0,1,1
6.5514,0.6216,1,200,student_read,load,0,0,1,1
6.5515,0.4351,1,200,timetable,load,0,0,1,1
6.552,0.843,1,200,timetable,load,0,0,1,1
6.5521,0.6165,1,200,timetable,load,0,0,1,1
6.5523,1.7541,1,202,payment,load,0,1,1,1
6.5528,0.6361,1,200,student_read,load,0,0,1,1
6.5529,0.8934,1,200,timetable,load,0,0,1,1
6.553,0.4621,1,200,transcript,load,0,0,1,1
6.5535,0.63,1,200,timetable,load,0,0,1,1
6.554,0.8386,1,200,transcript,load,0,0,1,1
6.5541,0.3494,1,200,student_read,load,0,0,1,1
6.5546,0.7246,1,200,payment,load,0,0,1,1
6.5549,0.4017,1,200,student_read,load,0,0,1,1
6.5552,2.1111,1,202,grade,load,0,1,1,1
6.5554,0.7513,1,200,transcript,load,0,0,1,1
6.5555,0.3811,1,200,timetable,load,0,0,1,1
6.5559,0.8514,1,200,timetable,load,0,0,1,1
6.556,0.6914,1,200,student_read,load,0,0,1,1
6.5561,0.4828,1,200,balance,load,0,0,1,1
6.5565,0.8634,1,200,student_read,load,0,0,1,1
6.5567,0.8338,1,200,student_read,load,0,0,1,1
6.5567,1.0129,1,200,enroll,load,0,0,1,1
6.5573,0.6923,1,200,timetable,load,0,0,1,1
6.5573,1.9903,1,202,payment,load,0,1,1,1
6.5574,0.9194,1,200,balance,load,0,0,1,1
6.5577,0.236,1,200,grade,load,0,0,1,1
6.5583,0.6763,1,200,balance,load,0,0,1,1
6.5586,0.4488,1,200,transcript,load,0,0,1,1
6.559,1.0338,1,200,transcript,load,0,0,1,1
6.5597,1.9617,1,202,enroll,load,0,1,1,1
6.5598,2.0438,1,202,enroll,load,0,1,1,1
6.5598,0.8815,1,200,transcript,load,0,0,1,1
6.5606,1.0536,1,200,enroll,load,0,0,1,1
6.5609,0.6601,1,200,payment,load,0,0,1,1
6.561,1.5135,1,200,payment,load,0,0,1,1
6.5614,0.9758,1,200,timetable,load,0,0,1,1
6.5618,0.5271,1,200,payment,load,0,0,1,1
6.5618,0.8583,1,200,transcript,load,0,0,1,1
6.562,0.9308,1,200,student_read,load,0,0,1,1
6.5625,1.054,1,200,enroll,load,0,0,1,1
6.5626,0.5459,1,200,timetable,load,0,0,1,1
6.5627,0.9576,1,200,transcript,load,0,0,1,1
6.5634,1.0316,1,200,timetable,load,0,0,1,1
6.5634,0.5268,1,200,student_read,load,0,0,1,1
6.5638,2.026,1,202,payment,load,0,1,1,1
6.564,1.0038,1,200,transcript,load,0,0,1,1
6.5646,0.9339,1,200,payment,load,0,0,1,1
6.5647,0.9694,1,200,student_read,load,0,0,1,1
6.5655,0.9707,1,200,student_read,load,0,0,1,1
6.5656,0.8188,1,200,timetable,load,0,0,1,1
6.5661,1.0039,1,200,timetable,load,0,0,1,1
6.5667,0.7381,1,200,student_read,load,0,0,1,1
6.5668,0.9993,1,200,student_read,load,0,0,1,1
6.5674,1.0923,1,200,timetable,load,0,0,1,1
6.5679,1.0735,1,200,payment,load,0,0,1,1
6.5686,1.0476,1,200,transcript,load,0,0,1,1
6.5696,1.2304,1,200,student_read,load,0,0,1,1
6.5704,1.119,1,200,student_read,load,0,0,1,1
6.5713,0.8139,0,503,timetable,load,0,0,1,1
6.572,1.0858,1,200,balance,load,0,0,1,1
6.573,1.1747,1,200,enroll,load,0,0,1,1
6.5741,2.3389,1,202,payment,load,0,1,1,1
6.5749,1.1121,1,200,transcript,load,0,0,1,1
6.5756,2.5845,1,202,enroll,load,0,1,1,1
6.5765,1.2625,1,200,payment,load,0,0,1,1
6.5773,2.5808,1,202,payment,load,0,1,1,1
6.5779,1.1718,1,200,timetable,load,0,0,1,1
6.5786,1.3319,1,200,student_read,load,0,0,1,1
6.6194,0.4048,1,200,grade,load,0,0,1,1
6.6384,1.1635,1,200,transcript,load,0,0,1,1
6.6447,0.205,1,200,timetable,load,0,0,1,1
6.651,2.5696,1,202,enroll,load,0,1,1,1
6.6545,1.5948,1,202,grade,load,0,1,1,1
6.6555,0.301,1,200,timetable,load,0,0,1,1
6.6583,0.1899,1,200,timetable,load,0,0,1,1
6.6602,0.3234,1,200,student_read,load,0,0,1,1
6.6629,0.2175,1,200,student_read,load,0,0,1,1
6.6658,1.6964,1,202,enroll,load,0,1,1,1
6.6678,0.3227,1,200,timetable,load,0,0,1,1
6.6708,0.335,1,200,timetable,load,0,0,1,1
6.6719,1.5498,1,202,payment,load,0,1,1,1
6.6728,1.141,1,200,transcript,load,0,0,1,1
6.6914,1.6661,1,202,payment,load,0,1,1,1
6.7112,0.2587,1,200,student_read,load,0,0,1,1
6.7141,0.3585,1,200,balance,load,0,0,1,1
6.7168,0.2985,1,200,timetable,load,0,0,1,1
6.7181,0.3541,1,200,balance,load,0,0,1,1
6.7333,0.3737,1,200,grade,load,0,0,1,1
6.7351,0.2515,1,200,student_read,load,0,0,1,1
6.7608,0.2693,1,200,probe_student,probe,0,0,1,1
6.7624,0.2749,1,200,probe_records,probe,0,0,1,1
6.7638,1.0732,1,200,probe_timetable,probe,0,0,1,1
6.7652,1.1917,1,200,probe_payment,probe,0,0,1,1
6.7669,1.0717,1,200,timetable,load,0,0,1,1
6.7758,1.6774,1,202,grade,load,0,1,1,1
6.7766,1.0815,1,200,timetable,load,0,0,1,1
6.7782,1.1573,1,200,student_read,load,0,0,1,1
6.7787,0.395,1,200,balance,load,0,0,1,1
6.7795,0.321,1,200,timetable,load,0,0,1,1
6.7807,0.8827,0,503,timetable,load,0,0,1,1
6.7811,1.1329,1,200,transcript,load,0,0,1,1
6.7837,1.6709,1,202,enroll,load,0,1,1,1
6.8022,0.3041,1,200,timetable,load,0,0,1,1
6.8028,0.3225,1,200,timetable,load,0,0,1,1
6.8057,0.3039,1,200,transcript,load,0,0,1,1
6.8069,0.298,1,200,timetable,load,0,0,1,1
6.8074,0.2978,1,200,transcript,load,0,0,1,1
6.8084,1.4892,1,200,payment,load,0,0,1,1
6.8092,0.3471,1,200,timetable,load,0,0,1,1
6.8097,0.4391,1,200,transcript,load,0,0,1,1
6.811,1.8716,1,202,payment,load,0,1,1,1
6.8125,0.4375,1,200,transcript,load,0,0,1,1
6.8134,0.908,1,200,payment,load,0,0,1,1
6.8135,1.7323,1,202,payment,load,0,1,1,1
6.8144,1.7326,1,202,grade,load,0,1,1,1
6.8155,0.3243,1,200,transcript,load,0,0,1,1
6.8482,1.7123,1,202,payment,load,0,1,1,1
6.8483,0.3438,1,200,transcript,load,0,0,1,1
6.8497,0.2737,1,200,balance,load,0,0,1,1
6.8552,0.2849,1,200,transcript,load,0,0,1,1
6.8577,1.1567,1,200,payment,load,0,0,1,1
6.86,0.5865,1,200,transcript,load,0,0,1,1
6.8618,0.4431,1,200,transcript,load,0,0,1,1
6.8702,0.5333,1,200,timetable,load,0,0,1,1
6.8703,0.3769,1,200,timetable,load,0,0,1,1
6.8804,0.2909,1,200,timetable,load,0,0,1,1
6.9035,0.2833,1,200,transcript,load,0,0,1,1
6.9063,1.6525,1,202,grade,load,0,1,1,1
6.9165,0.9442,1,200,student_read,load,0,0,1,1
6.9245,0.3228,1,200,student_read,load,0,0,1,1
6.9262,0.2704,1,200,student_read,load,0,0,1,1
6.9366,1.6532,1,202,grade,load,0,1,1,1
6.9385,0.41,1,200,payment,load,0,0,1,1
6.9397,0.3403,1,200,timetable,load,0,0,1,1
6.9566,0.4337,1,200,balance,load,0,0,1,1
6.9566,0.2778,1,200,timetable,load,0,0,1,1
6.9581,0.3191,1,200,student_read,load,0,0,1,1
6.963,1.0658,1,200,balance,load,0,0,1,1
6.9699,0.4351,1,200,transcript,load,0,0,1,1
6.9836,0.2691,1,200,balance,load,0,0,1,1
6.9866,0.3314,1,200,timetable,load,0,0,1,1
6.9866,0.2982,1,200,timetable,load,0,0,1,1
6.9869,0.6281,0,503,transcript,load,0,0,1,1
6.9886,0.2905,1,200,balance,load,0,0,1,1
6.9891,0.2957,1,200,transcript,load,0,0,1,1
6.9898,0.4548,1,200,grade,load,0,0,1,1
6.9905,0.3976,1,200,student_read,load,0,0,1,1
6.9913,0.2903,1,200,timetable,load,0,0,1,1
6.9932,0.2922,1,200,timetable,load,0,0,1,1
7.0059,1.8207,1,202,enroll,load,0,1,1,1
7.0075,0.3848,1,200,timetable,load,0,0,1,1
7.0077,0.9012,1,200,probe_student,probe,0,0,1,1
7.01,0.6991,0,503,probe_records,probe,0,0,1,1
7.0118,0.6466,0,503,probe_timetable,probe,0,0,1,1
7.0136,1.1078,1,200,probe_payment,probe,0,0,1,1
7.0151,0.3473,1,200,transcript,load,0,0,1,1
7.0153,0.347,1,200,timetable,load,0,0,1,1
7.0156,2.4345,1,202,payment,load,0,1,1,1
7.0199,0.3845,1,200,timetable,load,0,0,1,1
7.0389,0.352,1,200,student_read,load,0,0,1,1
7.0403,0.3633,1,200,transcript,load,0,0,1,1
7.0404,1.885,1,202,payment,load,0,1,1,1
7.0549,0.3744,1,200,grade,load,0,0,1,1
7.0721,0.4609,1,200,transcript,load,0,0,1,1
7.0723,0.3348,1,200,timetable,load,0,0,1,1
7.0889,0.3053,1,200,transcript,load,0,0,1,1
7.0902,0.9073,1,200,balance,load,0,0,1,1
7.1006,0.3057,1,200,balance,load,0,0,1,1
7.1048,0.3721,1,200,timetable,load,0,0,1,1
7.1049,0.3147,1,200,balance,load,0,0,1,1
7.1052,0.3147,1,200,transcript,load,0,0,1,1
7.1064,0.3351,1,200,transcript,load,0,0,1,1
7.107,0.4303,1,200,balance,load,0,0,1,1
7.1085,1.6252,1,200,payment,load,0,0,1,1
7.1096,0.3674,1,200,timetable,load,0,0,1,1
7.116,0.3317,1,200,timetable,load,0,0,1,1
7.1232,0.3951,1,200,grade,load,0,0,1,1
7.1234,0.3903,1,200,timetable,load,0,0,1,1
7.1253,0.3164,1,200,student_read,load,0,0,1,1
7.1394,0.3023,1,200,student_read,load,0,0,1,1
7.1398,0.3756,1,200,timetable,load,0,0,1,1
7.1557,2.2978,1,202,payment,load,0,1,1,1
7.1563,0.4118,1,200,transcript,load,0,0,1,1
7.1593,0.6367,1,200,payment,load,0,0,1,1
7.1629,0.3728,1,200,balance,load,0,0,1,1
7.1686,0.3446,1,200,balance,load,0,0,1,1
7.1707,1.7574,1,202,enroll,load,0,1,1,1
7.1713,0.4632,1,200,timetable,load,0,0,1,1
7.1731,1.5974,1,202,payment,load,0,1,1,1
7.1737,0.361,1,200,transcript,load,0,0,1,1
7.1746,0.4959,1,200,transcript,load,0,0,1,1
7.1759,0.5602,1,200,timetable,load,0,0,1,1
7.1836,0.3369,1,200,timetable,load,0,0,1,1
7.1868,0.5256,1,200,transcript,load,0,0,1,1
7.1889,0.3471,1,200,transcript,load,0,0,1,1
7.1906,0.4783,1,200,student_read,load,0,0,1,1
7.1921,1.7201,1,202,enroll,load,0,1,1,1
7.1966,0.5252,1,200,transcript,load,0,0,1,1
7.2084,1.2917,1,200,enroll,load,0,0,1,1
7.221,0.5157,1,200,student_read,load,0,0,1,1
7.2344,0.5671,1,200,transcript,load,0,0,1,1
7.2346,0.5515,1,200,student_read,load,0,0,1,1
7.2471,0.3683,1,200,student_read,load,0,0,1,1
7.2474,0.3656,1,200,transcript,load,0,0,1,1
7.2475,0.3653,1,200,transcript,load,0,0,1,1
7.2488,0.3641,1,200,timetable,load,0,0,1,1
7.2496,1.5576,1,202,grade,load,0,1,1,1
7.2499,0.5619,1,200,student_read,load,0,0,1,1
7.2527,0.1157,0,503,timetable,load,0,0,1,1
7.2552,0.8962,1,200,probe_student,probe,0,0,1,1
7.2573,0.4558,1,200,probe_records,probe,0,0,1,1
7.259,0.537,0,503,probe_timetable,probe,0,0,1,1
7.2613,0.9042,1,200,probe_payment,probe,0,0,1,1
7.263,0.8858,1,200,payment,load,0,0,1,1
7.2764,0.3891,1,200,student_read,load,0,0,1,1
7.2772,0.4371,1,200,timetable,load,0,0,1,1
7.2791,0.3873,1,200,timetable,load,0,0,1,1
7.2793,0.4057,1,200,transcript,load,0,0,1,1
7.28,0.5524,1,200,student_read,load,0,0,1,1
7.2803,0.5561,0,503,timetable,load,0,0,1,1
7.2816,0.4528,1,200,balance,load,0,0,1,1
7.2848,0.6272,1,200,student_read,load,0,0,1,1
7.2849,0.3833,1,200,timetable,load,0,0,1,1
7.2853,0.3779,1,200,balance,load,0,0,1,1
7.3048,0.6052,1,200,balance,load,0,0,1,1
7.3048,0.5075,1,200,timetable,load,0,0,1,1
7.3067,0.4149,1,200,transcript,load,0,0,1,1
7.3163,2.1294,1,202,payment,load,0,1,1,1
7.3181,1.7505,1,202,enroll,load,0,1,1,1
7.3485,0.3993,1,200,balance,load,0,0,1,1
7.3618,0.9981,1,200,balance,load,0,0,1,1
7.3623,0.5482,1,200,balance,load,0,0,1,1
7.3624,0.8404,1,200,balance,load,0,0,1,1
7.3684,1.8555,1,202,payment,load,0,1,1,1
7.3844,1.8147,1,202,payment,load,0,1,1,1
7.3852,0.6351,1,200,grade,load,0,0,1,1
7.3882,0.4024,1,200,balance,load,0,0,1,1
7.3902,0.4097,1,200,balance,load,0,0,1,1
7.3905,0.4097,1,200,timetable,load,0,0,1,1
7.3909,0.4476,1,200,balance,load,0,0,1,1
7.3909,1.9341,1,202,grade,load,0,1,1,1
7.3923,0.4419,1,200,transcript,load,0,0,1,1
7.3925,0.4091,1,200,timetable,load,0,0,1,1
7.3942,0.4059,1,200,student_read,load,0,0,1,1
7.395,0.4371,0,503,timetable,load,0,0,1,1
7.4036,0.5249,1,200,balance,load,0,0,1,1
7.4037,0.4325,1,200,student_read,load,0,0,1,1
7.4044,1.6099,1,202,enroll,load,0,1,1,1
7.4048,0.7937,1,200,payment,load,0,0,1,1
7.405,0.4316,1,200,transcript,load,0,0,1,1
7.4063,0.6095,1,200,balance,load,0,0,1,1
7.4064,1.9165,1,202,payment,load,0,1,1,1
7.4071,0.5488,1,200,balance,load,0,0,1,1
7.4074,0.1324,0,503,transcript,load,0,0,1,1
7.4196,0.4207,1,200,timetable,load,0,0,1,1
7.4199,1.8036,1,202,enroll,load,0,1,1,1
7.42,0.5158,1,200,timetable,load,0,0,1,1
7.4201,0.5977,1,200,timetable,load,0,0,1,1
7.4413,0.4203,1,200,timetable,load,0,0,1,1
7.4415,1.9412,1,202,enroll,load,0,1,1,1
7.4417,0.1523,0,503,transcript,load,0,0,1,1
7.4417,0.1521,0,503,transcript,load,0,0,1,1
7.4446,0.4672,1,200,student_read,load,0,0,1,1
7.4463,0.4097,1,200,timetable,load,0,0,1,1
7.4464,0.5527,1,200,student_read,load,0,0,1,1
7.4545,0.4833,1,200,balance,load,0,0,1,1
7.4768,0.4518,1,200,student_read,load,0,0,1,1
7.4769,0.4112,1,200,transcript,load,0,0,1,1
7.477,0.5408,1,200,timetable,load,0,0,1,1
7.4928,1.8901,1,202,grade,load,0,1,1,1
7.4985,0.1444,0,503,transcript,load,0,0,1,1
7.501,0.4956,1,200,probe_student,probe,0,0,1,1
7.5027,0.3756,0,503,probe_records,probe,0,0,1,1
7.5058,0.3835,0,503,probe_timetable,probe,0,0,1,1
7.5075,0.9091,1,200,probe_payment,probe,0,0,1,1
7.5132,0.4157,1,200,timetable,load,0,0,1,1
7.5137,0.4249,1,200,timetable,load,0,0,1,1
7.5139,2.0093,1,202,payment,load,0,1,1,1
7.5154,0.5656,1,200,balance,load,0,0,1,1
7.5183,0.604,1,200,balance,load,0,0,1,1
7.5203,0.1436,0,503,timetable,load,0,0,1,1
7.5205,0.1385,0,503,timetable,load,0,0,1,1
7.5327,0.4821,1,200,transcript,load,0,0,1,1
7.533,0.587,1,200,student_read,load,0,0,1,1
7.5341,0.422,1,200,student_read,load,0,0,1,1
7.5347,0.5856,1,200,balance,load,0,0,1,1
7.536,0.1515,0,503,timetable,load,0,0,1,1
7.5362,0.9574,1,200,payment,load,0,0,1,1
7.5372,0.1542,0,503,transcript,load,0,0,1,1
7.5373,0.5693,1,200,balance,load,0,0,1,1
7.5397,0.4776,1,200,student_read,load,0,0,1,1
7.5639,0.4702,1,200,transcript,load,0,0,1,1
7.5661,0.1473,0,503,transcript,load,0,0,1,1
7.5679,0.5334,1,200,payment,load,0,0,1,1
7.5681,0.1547,0,503,transcript,load,0,0,1,1
7.5697,0.4263,1,200,student_read,load,0,0,1,1
7.5701,0.5766,1,200,balance,load,0,0,1,1
7.5868,0.5586,1,200,student_read,load,0,0,1,1
7.5928,0.1594,0,503,timetable,load,0,0,1,1
7.5938,0.4269,1,200,transcript,load,0,0,1,1
7.5939,0.4236,1,200,student_read,load,0,0,1,1
7.595,0.4829,1,200,student_read,load,0,0,1,1
7.6095,1.8426,1,202,enroll,load,0,1,1,1
7.6128,0.1558,0,503,transcript,load,0,0,1,1
7.613,0.431,1,200,balance,load,0,0,1,1
7.613,0.6153,1,200,payment,load,0,0,1,1
7.6142,2.1607,1,202,payment,load,0,1,1,1
7.6151,0.1639,0,503,timetable,load,0,0,1,1
7.6155,0.5493,1,200,balance,load,0,0,1,1
7.6162,0.152,0,503,transcript,load,0,0,1,1
7.6165,0.1533,0,503,timetable,load,0,0,1,1
7.6346,0.5892,1,200,student_read,load,0,0,1,1
7.6414,0.4316,1,200,transcript,load,0,0,1,1
7.6429,0.4299,1,200,student_read,load,0,0,1,1
7.6578,0.5673,1,200,student_read,load,0,0,1,1
7.6585,0.2787,0,503,transcript,load,0,0,1,1
7.659,0.5665,1,200,balance,load,0,0,1,1
7.6597,0.3117,0,503,timetable,load,0,0,1,1
7.6632,0.1551,0,503,timetable,load,0,0,1,1
7.6635,2.1112,1,202,enroll,load,0,1,1,1
7.6639,0.4811,1,200,student_read,load,0,0,1,1
7.6655,0.1478,0,503,timetable,load,0,0,1,1
7.6664,0.7541,1,200,balance,load,0,0,1,1
7.6682,0.6895,1,200,balance,load,0,0,1,1
7.669,0.1507,0,503,timetable,load,0,0,1,1
7.6705,0.1442,0,503,timetable,load,0,0,1,1
7.685,0.5844,1,200,student_read,load,0,0,1,1
7.6871,0.4327,1,200,timetable,load,0,0,1,1
7.6876,1.7717,1,202,payment,load,0,1,1,1
7.6895,0.1518,0,503,timetable,load,0,0,1,1
7.6914,0.2999,0,503,timetable,load,0,0,1,1
7.7091,1.6164,1,202,enroll,load,0,1,1,1
7.7125,0.1497,0,503,timetable,load,0,0,1,1
7.7134,0.1495,0,503,timetable,load,0,0,1,1
7.7143,1.8951,1,202,enroll,load,0,1,1,1
7.7214,0.4084,1,200,balance,load,0,0,1,1
7.7216,0.5003,1,200,balance,load,0,0,1,1
7.7218,0.1419,0,503,transcript,load,0,0,1,1
7.7228,0.5025,1,200,student_read,load,0,0,1,1
7.7344,0.5122,1,200,balance,load,0,0,1,1
7.7361,0.4875,1,200,student_read,load,0,0,1,1
7.7367,0.1218,0,503,transcript,load,0,0,1,1
7.7477,0.5692,1,200,student_read,load,0,0,1,1
7.7478,1.7023,1,202,payment,load,0,1,1,1
7.7498,1.8657,1,202,payment,load,0,1,1,1
7.7522,0.1333,0,503,transcript,load,0,0,1,1
7.7651,0.6502,1,200,probe_student,probe,0,0,1,1
7.7666,0.1501,0,503,probe_records,probe,0,0,1,1
7.7681,0.2478,0,503,probe_timetable,probe,0,0,1,1
7.7683,0.3965,1,200,balance,load,0,0,1,1
7.7686,0.1476,0,503,timetable,load,0,0,1,1
7.7698,0.5377,1,200,probe_payment,probe,0,0,1,1
7.7698,0.6444,1,200,balance,load,0,0,1,1
7.7709,0.7474,1,200,enroll,load,0,0,1,1
7.779,0.1524,0,503,timetable,load,0,0,1,1
7.7861,0.6311,1,200,balance,load,0,0,1,1
7.7906,0.6298,1,200,balance,load,0,0,1,1
7.796,0.9087,1,200,balance,load,0,0,1,1
7.7999,0.7197,1,200,balance,load,0,0,1,1
7.8,0.1433,0,503,transcript,load,0,0,1,1
7.8001,0.1435,0,503,timetable,load,0,0,1,1
7.8002,0.1432,0,503,transcript,load,0,0,1,1
7.8015,1.0606,1,200,payment,load,0,0,1,1
7.8016,1.6484,1,202,enroll,load,0,1,1,1
7.8019,0.1304,0,503,timetable,load,0,0,1,1
7.8119,1.9633,1,202,grade,load,0,1,1,1
7.8122,1.636,1,202,payment,load,0,1,1,1
7.8124,0.5709,1,200,payment,load,0,0,1,1
7.8133,1.637,1,202,enroll,load,0,1,1,1
7.8138,0.152,0,503,timetable,load,0,0,1,1
7.8148,0.6995,1,200,balance,load,0,0,1,1
7.8184,0.148,0,503,timetable,load,0,0,1,1
7.8197,0.1544,0,503,timetable,load,0,0,1,1
7.8322,0.7987,1,200,balance,load,0,0,1,1
7.8324,0.1486,0,503,transcript,load,0,0,1,1
7.8342,0.1675,0,503,transcript,load,0,0,1,1
7.8362,0.4131,1,200,student_read,load,0,0,1,1
7.8364,0.4121,1,200,student_read,load,0,0,1,1
7.8366,0.6778,1,200,balance,load,0,0,1,1
7.8386,0.1642,0,503,timetable,load,0,0,1,1
7.839,0.4695,1,200,student_read,load,0,0,1,1
7.8403,0.142,0,503,timetable,load,0,0,1,1
7.8414,0.158,0,503,transcript,load,0,0,1,1
7.856,0.7239,1,200,balance,load,0,0,1,1
7.8578,0.5,1,200,timetable,load,0,0,1,1
7.8581,0.1491,0,503,transcript,load,0,0,1,1
7.8586,1.9199,1,202,payment,load,0,1,1,1
7.8616,0.5494,1,200,student_read,load,0,0,1,1
7.8622,0.143,0,503,transcript,load,0,0,1,1
7.8629,1.9239,1,202,payment,load,0,1,1,1
7.8637,0.6559,1,200,balance,load,0,0,1,1
7.8855,0.6608,1,202,enroll,load,0,1,1,1
7.888,2.2374,1,202,enroll,load,0,1,1,1
7.9062,1.616,1,202,grade,load,0,1,1,1
7.91,0.1467,0,503,transcript,load,0,0,1,1
7.9105,1.7222,1,200,payment,load,0,0,1,1
7.9105,0.3996,1,200,balance,load,0,0,1,1
7.9118,0.5044,1,200,balance,load,0,0,1,1
7.912,0.3947,1,200,student_read,load,0,0,1,1
7.9141,0.5762,1,200,balance,load,0,0,1,1
7.9162,0.142,0,503,transcript,load,0,0,1,1
7.9285,0.1588,0,503,transcript,load,0,0,1,1
7.9287,0.1746,0,503,timetable,load,0,0,1,1
7.9289,0.4826,1,200,balance,load,0,0,1,1
7.9313,0.4886,1,200,student_read,load,0,0,1,1
7.9324,0.1694,0,503,timetable,load,0,0,1,1
7.9355,0.1515,0,503,timetable,load,0,0,1,1
7.9357,0.1526,0,503,transcript,load,0,0,1,1
7.9386,1.9776,1,202,grade,load,0,1,1,1
7.9433,0.1435,0,503,transcript,load,0,0,1,1
7.9435,2.3393,1,202,payment,load,0,1,1,1
7.9436,0.159,0,503,transcript,load,0,0,1,1
7.9559,0.3982,1,200,student_read,load,0,0,1,1
7.9561,0.1485,0,503,timetable,load,0,0,1,1
7.9569,2.1117,1,202,payment,load,0,1,1,1
7.9658,1.9559,1,202,payment,load,0,1,1,1
7.9664,1.5759,1,202,grade,load,0,1,1,1
7.9714,0.1588,0,503,timetable,load,0,0,1,1
7.9741,1.0242,1,200,student_read,load,1,0,1,1
7.981,0.5943,1,200,student_read,load,1,0,1,1
7.9823,1.6299,1,200,grade,load,0,0,1,1
7.9913,1.229,1,200,balance,load,0,0,1,1
7.996,1.6291,1,202,enroll,load,0,1,1,1
7.9976,0.1542,0,503,transcript,load,0,0,1,1
7.9992,1.618,1,202,grade,load,0,1,1,1
7.9994,1.784,1,202,payment,load,0,1,1,1
8.0017,0.4886,1,200,student_read,load,0,0,1,1
8.0028,1.6182,1,202,payment,load,0,1,1,1
8.0046,1.8443,1,202,payment,load,0,1,1,1
8.0052,1.0634,1,200,payment,load,0,0,1,1
8.006,2.1195,1,202,payment,load,0,1,1,1
8.0072,1.7823,1,202,payment,load,0,1,1,1
8.0144,1.7688,1,202,enroll,load,0,1,1,1
8.0148,0.1676,0,503,timetable,load,0,0,1,1
8.0158,0.7306,1,200,balance,load,0,0,1,1
8.016,0.4599,1,200,probe_student,probe,1,0,1,1
8.0174,1.7625,1,202,grade,load,0,1,1,1
8.0176,0.6236,1,202,enroll,load,0,1,1,1
8.0178,0.1615,0,503,transcript,load,0,0,1,1
8.0178,0.1882,0,503,probe_records,probe,0,0,1,1
8.0178,0.4049,1,200,student_read,load,0,0,1,1
8.0197,0.1605,0,503,probe_timetable,probe,0,0,1,1
8.0203,0.1641,0,503,transcript,load,0,0,1,1
8.0207,1.2393,1,200,balance,load,0,0,1,1
8.0216,0.5277,1,200,probe_payment,probe,0,0,1,1
8.0238,0.3996,1,200,balance,load,0,0,1,1
8.044,0.1614,0,503,timetable,load,0,0,1,1
8.0567,0.3807,1,200,balance,load,0,0,1,1
8.0582,4.1464,1,200,payment,load,0,0,1,2
8.0601,0.1475,0,503,transcript,load,0,0,1,1
8.0728,0.1569,0,503,timetable,load,0,0,1,1
8.073,0.5221,1,200,student_read,load,0,0,1,1
8.0745,0.5356,1,200,enroll,load,0,0,1,1
8.0779,0.1492,0,503,transcript,load,0,0,1,1
8.081,0.1494,0,503,timetable,load,0,0,1,1
8.0868,0.1438,0,503,timetable,load,0,0,1,1
8.0871,0.1435,0,503,timetable,load,0,0,1,1
8.0873,0.6334,1,200,student_read,load,1,0,1,1
8.0883,1.6994,1,202,payment,load,0,1,1,1
8.1013,0.6134,1,200,balance,load,0,0,1,1
8.1018,0.6128,1,200,student_read,load,0,0,1,1
8.1025,0.1412,0,503,transcript,load,0,0,1,1
8.1033,0.1479,0,503,timetable,load,0,0,1,1
8.1046,0.7547,1,202,enroll,load,0,1,1,1
8.106,0.4227,1,200,student_read,load,1,0,1,1
8.1066,1.6761,1,202,payment,load,0,1,1,1
8.1198,0.1859,0,503,transcript,load,0,0,1,1
8.12,1.6598,1,202,grade,load,0,1,1,1
8.1203,0.6826,1,200,balance,load,0,0,1,1
8.1223,1.0981,1,200,balance,load,0,0,1,1
8.1257,0.1517,0,503,transcript,load,0,0,1,1
8.1268,0.7984,1,200,enroll,load,0,0,1,1
8.1283,0.1508,0,503,transcript,load,0,0,1,1
8.1298,2.3259,1,202,payment,load,0,1,1,1
8.1302,0.8802,1,200,balance,load,0,0,1,1
8.1451,0.1526,0,503,transcript,load,0,0,1,1
8.1454,0.3825,1,200,enroll,load,0,0,1,1
8.1467,0.1845,0,503,timetable,load,0,0,1,1
8.1518,0.359,1,200,balance,load,0,0,1,1
8.1648,1.6407,1,202,payment,load,0,1,1,1
8.1648,0.6945,1,200,balance,load,0,0,1,1
8.1655,0.1973,0,503,transcript,load,0,0,1,1
8.1743,1.7352,1,202,payment,load,0,1,1,1
8.1793,0.1338,0,503,transcript,load,0,0,1,1
8.1823,0.1755,0,503,timetable,load,0,0,1,1
8.1844,1.6645,1,202,payment,load,0,1,1,1
8.1985,0.758,1,202,enroll,load,0,1,1,1
8.2028,1.0212,1,200,payment,load,0,0,1,1
8.2054,0.3444,1,200,balance,load,0,0,1,1
8.2076,1.6269,1,202,grade,load,0,1,1,1
8.2217,0.5683,1,200,transcript,load,0,0,1,1
8.2219,0.9539,1,200,payment,load,0,0,1,1
8.2237,0.3567,1,200,balance,load,0,0,1,1
8.2238,0.3927,1,200,balance,load,0,0,1,1
8.225,0.5451,1,200,balance,load,0,0,1,1
8.2254,0.5631,1,200,student_read,load,0,0,1,1
8.2255,2.221,1,202,payment,load,0,1,1,1
8.2272,0.1897,0,503,transcript,load,0,0,1,1
8.2283,0.1314,0,503,transcript,load,0,0,1,1
8.2297,0.1293,0,503,transcript,load,0,0,1,1
8.2305,2.052,1,200,balance,load,0,0,1,1
8.2305,0.5582,1,200,student_read,load,1,0,1,1
8.2306,0.1291,0,503,transcript,load,0,0,1,1
8.2438,1.7414,1,202,payment,load,0,1,1,1
8.2466,0.6127,1,200,balance,load,0,0,1,1
8.2485,0.1366,0,503,transcript,load,0,0,1,1
8.2493,0.2118,0,503,transcript,load,0,0,1,1
8.2493,0.3995,1,200,student_read,load,1,0,1,1
8.2503,0.2112,0,503,transcript,load,0,0,1,1
8.2512,0.6341,1,200,student_read,load,0,0,1,1
8.2605,0.96,1,200,probe_student,probe,1,0,1,1
8.2616,0.1468,0,503,probe_records,probe,0,0,1,1
8.263,0.235,0,503,probe_timetable,probe,0,0,1,1
8.2644,0.3847,1,200,probe_payment,probe,0,0,1,1
8.2661,1.7039,1,200,payment,load,0,0,1,1
8.2694,0.1379,0,503,transcript,load,0,0,1,1
8.2774,0.866,1,200,student_read,load,1,0,1,1
8.2792,0.3251,1,200,student_read,load,0,0,1,1
8.2977,0.3157,1,200,student_read,load,1,0,1,1
8.3057,0.2147,0,503,transcript,load,0,0,1,1
8.3064,0.1339,0,503,transcript,load,0,0,1,1
8.3067,0.2648,0,503,transcript,load,0,0,1,1
8.3076,1.602,1,202,grade,load,0,1,1,1
8.3085,0.1321,0,503,transcript,load,0,0,1,1
8.3101,0.2114,0,503,transcript,load,0,0,1,1
8.3132,0.6874,1,200,student_read,load,0,0,1,1
8.317,1.5925,1,202,enroll,load,0,1,1,1
8.3312,1.5349,1,200,balance,load,1,0,1,1
8.3542,0.12,0,503,transcript,load,0,0,1,1
8.3576,2.2084,1,202,enroll,load,0,1,1,1
8.3577,1.9891,1,202,payment,load,0,1,1,1
8.3578,0.7119,1,200,student_read,load,1,0,1,1
8.3578,0.3358,1,200,student_read,load,1,0,1,1
8.359,0.1152,0,503,transcript,load,0,0,1,1
8.3597,1.1639,1,200,payment,load,0,0,1,1
8.3597,0.3445,1,200,student_read,load,0,0,1,1
8.3834,0.1187,0,503,timetable,load,0,0,1,1
8.3851,1.0035,1,200,student_read,load,1,0,1,1
8.4073,0.1043,0,503,transcript,load,0,0,1,1
8.4083,1.6533,1,202,payment,load,0,1,1,1
8.411,0.3617,1,200,balance,load,0,0,1,1
8.4116,0.8972,1,200,student_read,load,0,0,1,1
8.4142,0.1176,0,503,transcript,load,0,0,1,1
8.4162,1.1451,1,200,student_read,load,1,0,1,1
8.4168,0.9845,1,200,balance,load,0,0,1,1
8.4172,0.1163,0,503,timetable,load,0,0,1,1
8.4199,0.1922,0,503,timetable,load,0,0,1,1
8.4204,0.2609,0,503,timetable,load,0,0,1,1
8.4205,1.6013,1,200,student_read,load,1,0,1,1
8.4228,0.1096,0,503,timetable,load,0,0,1,1
8.4375,0.3635,1,200,balance,load,0,0,1,1
8.4403,0.7804,1,200,student_read,load,0,0,1,1
8.4406,1.5444,1,202,payment,load,0,1,1,1
8.4531,0.2695,1,200,student_read,load,1,0,1,1
8.4546,0.1967,0,503,timetable,load,0,0,1,1
8.4561,1.2465,1,200,balance,load,0,0,1,1
8.4611,1.5988,1,202,enroll,load,0,1,1,1
8.4614,1.0134,1,200,student_read,load,1,0,1,1
8.4742,1.6133,1,202,grade,load,0,1,1,1
8.4743,1.6134,1,202,payment,load,0,1,1,1
8.4902,2.0722,1,200,payment,load,0,0,1,1
8.4903,0.5814,1,200,student_read,load,0,0,1,1
8.4936,0.1976,0,503,transcript,load,0,0,1,1
8.5002,0.2696,1,200,probe_student,probe,1,0,1,1
8.502,0.0935,0,503,timetable,load,0,0,1,1
8.5023,0.2192,0,503,probe_records,probe,0,0,1,1
8.5046,0.1011,0,503,probe_timetable,probe,0,0,1,1
8.5064,0.954,1,200,probe_payment,probe,0,0,1,1
8.5108,0.5887,1,200,balance,load,0,0,1,1
8.5116,2.4915,1,202,payment,load,0,1,1,1
8.5122,0.0957,0,503,timetable,load,0,0,1,1
8.5143,0.0908,0,503,timetable,load,0,0,1,1
8.5144,1.5769,1,202,grade,load,0,1,1,1
8.5197,0.2025,0,503,transcript,load,0,0,1,1
8.5197,1.5718,1,202,grade,load,0,1,1,1
8.5204,0.2535,1,200,student_read,load,0,0,1,1
8.5214,0.1995,0,503,timetable,load,0,0,1,1
8.5216,1.6949,1,200,balance,load,0,0,1,1
8.5279,0.2732,1,202,enroll,load,0,1,1,1
8.5319,0.8598,1,200,student_read,load,1,0,1,1
8.5324,1.5549,1,202,grade,load,0,1,1,1
8.5335,1.558,1,202,payment,load,0,1,1,1
8.5458,2.7945,1,202,payment,load,0,1,1,1
8.5459,0.2144,0,503,timetable,load,0,0,1,1
8.5463,0.0938,0,503,timetable,load,0,0,1,1
8.5471,0.2131,0,503,transcript,load,0,0,1,1
8.5476,1.5467,1,202,enroll,load,0,1,1,1
8.5498,2.0173,1,202,grade,load,0,1,1,1
8.5588,0.2665,1,200,balance,load,0,0,1,1
8.5604,0.2342,0,503,transcript,load,0,0,1,1
8.5687,0.2264,0,503,timetable,load,0,0,1,1
8.5715,0.2656,1,202,enroll,load,0,1,1,1
8.5753,1.5957,1,202,enroll,load,0,1,1,1
8.58,0.2149,0,503,timetable,load,0,0,1,1
8.5803,0.2225,1,200,balance,load,0,0,1,1
8.5899,0.8047,1,200,student_read,load,1,0,1,1
8.5899,0.2072,0,503,transcript,load,0,0,1,1
8.5951,0.0925,0,503,transcript,load,0,0,1,1
8.5956,0.3484,1,200,payment,load,0,0,1,1
8.6036,0.2587,1,200,student_read,load,1,0,1,1
8.6042,0.2244,0,503,timetable,load,0,0,1,1
8.6051,0.7073,1,200,balance,load,0,0,1,1
8.608,1.5617,1,202,payment,load,0,1,1,1
8.6102,1.5594,1,202,grade,load,0,1,1,1
8.6121,2.0571,1,202,grade,load,0,1,1,1
8.6134,2.2889,1,202,enroll,load,0,1,1,1
8.6165,0.3954,1,200,balance,load,0,0,1,1
8.6308,0.2629,1,200,balance,load,0,0,1,1
8.6401,3.7861,1,200,payment,load,0,0,1,1
8.6412,0.2238,0,503,transcript,load,0,0,1,1
8.6488,0.2659,1,200,balance,load,0,0,1,1
8.6513,0.2139,0,503,transcript,load,0,0,1,1
8.6615,1.0716,1,200,balance,load,0,0,1,1
8.6663,0.5445,1,200,payment,load,0,0,1,1
8.6813,0.208,0,503,timetable,load,0,0,1,1
8.6826,0.0809,0,503,transcript,load,0,0,1,1
8.6876,0.2016,0,503,transcript,load,0,0,1,1
8.6913,0.2621,1,200,balance,load,0,0,1,1
8.6937,0.1973,0,503,timetable,load,0,0,1,1
8.7042,2.8578,1,200,balance,load,0,0,1,1
8.7048,1.6674,1,202,payment,load,0,1,1,1
8.7084,0.0881,0,503,timetable,load,0,0,1,1
8.7146,0.0808,0,503,timetable,load,0,0,1,1
8.7147,1.6221,1,202,payment,load,0,1,1,1
8.7167,0.2092,0,503,transcript,load,0,0,1,1
8.7207,0.792,1,200,student_read,load,0,0,1,1
8.7209,0.2325,1,200,balance,load,0,0,1,1
8.7222,0.2118,1,200,student_read,load,0,0,1,1
8.7226,1.5597,1,200,balance,load,0,0,1,1
8.7338,0.0736,0,503,transcript,load,0,0,1,1
8.7464,0.2176,0,503,transcript,load,0,0,1,1
8.7534,4.0282,1,200,probe_student,probe,0,0,1,1
8.7549,0.0881,0,503,probe_records,probe,0,0,1,1
8.7569,0.2582,0,503,probe_timetable,probe,0,0,1,1
8.7591,0.2253,1,200,probe_payment,probe,0,0,1,1
8.7602,2.1838,1,202,payment,load,0,1,1,1
8.7603,0.2516,1,200,balance,load,0,0,1,1
8.7635,0.1901,1,200,student_read,load,1,0,1,1
8.7698,1.0609,1,200,grade,load,0,0,1,1
8.7702,0.072,0,503,timetable,load,0,0,1,1
8.7705,0.2355,0,503,transcript,load,0,0,1,1
8.7727,2.2301,1,200,balance,load,0,0,1,1
8.7739,0.2457,1,200,student_read,load,0,0,1,1
8.7885,0.2156,0,503,transcript,load,0,0,1,1
8.7887,2.1382,1,200,balance,load,0,0,1,1
8.79,0.2236,1,200,balance,load,0,0,1,1
8.7947,0.264,1,200,balance,load,0,0,1,1
8.7949,0.2097,0,503,timetable,load,0,0,1,1
8.7955,1.9935,1,202,grade,load,0,1,1,1
8.7971,1.3905,1,200,payment,load,0,0,1,1
8.801,0.2022,1,200,student_read,load,1,0,1,1
8.801,0.0788,0,503,timetable,load,0,0,1,1
8.8029,0.2965,0,503,timetable,load,0,0,1,1
8.803,0.8049,1,200,student_read,load,0,0,1,1
8.8072,0.073,0,503,transcript,load,0,0,1,1
8.8074,0.2409,1,200,student_read,load,0,0,1,1
8.8142,0.0835,0,503,timetable,load,0,0,1,1
8.8253,4.1958,1,200,balance,load,0,0,1,1
8.8266,1.6404,1,202,payment,load,0,1,1,1
8.8286,0.2147,0,503,transcript,load,0,0,1,1
8.8371,0.1914,1,200,student_read,load,1,0,1,1
8.8422,1.432,1,200,payment,load,0,0,1,1
8.8593,2.8386,1,202,payment,load,0,1,1,1
8.8593,0.0748,0,503,timetable,load,0,0,1,1
8.8594,0.2123,0,503,transcript,load,0,0,1,1
8.8602,0.9202,1,200,grade,load,0,0,1,1
8.8621,1.3542,1,200,balance,load,0,0,1,1
8.8623,1.6085,1,202,enroll,load,0,1,1,1
8.865,1.609,1,200,balance,load,0,0,1,1
8.8651,0.2965,1,200,student_read,load,1,0,1,1
8.8799,1.5795,1,202,payment,load,0,1,1,1
8.8802,1.2307,1,200,payment,load,0,0,1,1
8.8853,0.1625,1,200,balance,load,0,0,1,1
8.8893,2.4507,1,202,payment,load,0,1,1,1
8.8893,0.2215,0,503,timetable,load,0,0,1,1
8.891,1.5682,1,202,grade,load,0,1,1,1
8.8938,1.2196,1,200,balance,load,0,0,1,1
8.9074,1.6157,1,202,grade,load,0,1,1,1
8.9122,0.0631,0,503,timetable,load,0,0,1,1
8.913,1.6061,1,202,enroll,load,0,1,1,1
8.9147,0.8637,1,200,student_read,load,1,0,1,1
8.9253,1.595,1,200,grade,load,0,0,1,1
8.9254,0.062,0,503,timetable,load,0,0,1,1
8.926,2.8574,1,200,student_read,load,1,0,1,1
8.9281,0.2219,0,503,timetable,load,0,0,1,1
8.934,0.7907,1,200,student_read,load,1,0,1,1
8.9341,0.2479,0,503,timetable,load,0,0,1,1
8.944,0.2143,1,200,student_read,load,1,0,1,1
8.9534,0.0611,0,503,timetable,load,0,0,1,1
8.9535,0.2343,0,503,transcript,load,0,0,1,1
8.9536,0.1392,1,200,balance,load,0,0,1,1
8.9566,0.2264,0,503,transcript,load,0,0,1,1
8.9635,2.0399,1,200,payment,load,0,0,1,1
8.964,0.1443,1,200,student_read,load,0,0,1,1
8.9754,4.3063,1,202,payment,load,0,1,1,1
8.9873,0.126,1,200,balance,load,0,0,1,1
8.9983,0.7599,1,200,balance,load,0,0,1,1
9.0006,0.1582,1,200,student_read,load,1,0,1,1
9.0008,0.1269,1,200,probe_student,probe,0,0,1,1
9.0021,0.2775,0,503,probe_records,probe,0,0,1,1
9.0032,0.7256,1,200,student_read,load,0,0,1,1
9.0034,0.0645,0,503,probe_timetable,probe,0,0,1,1
9.0041,0.0487,0,503,timetable,load,0,0,1,1
9.0047,1.5845,1,202,grade,load,0,1,1,1
9.0054,1.6615,1,200,probe_payment,probe,0,0,1,1
9.006,0.1177,1,200,balance,load,0,0,1,1
9.0104,1.0144,1,200,payment,load,0,0,1,1
9.0119,0.2551,0,503,timetable,load,0,0,1,1
9.012,0.2556,0,503,timetable,load,0,0,1,1
9.0137,0.047,0,503,timetable,load,0,0,1,1
9.0143,2.6836,1,202,payment,load,0,1,1,1
9.0146,0.1618,1,202,enroll,load,0,1,1,1
9.0153,1.6019,1,202,enroll,load,0,1,1,1
9.0196,0.2478,0,503,transcript,load,0,0,1,1
9.0286,2.9532,1,200,student_read,load,0,0,1,1
9.0433,0.035,0,503,transcript,load,0,0,1,1
9.0478,0.1419,1,200,balance,load,0,0,1,1
9.0483,0.1472,1,200,balance,load,0,0,1,1
9.0529,0.8136,1,202,enroll,load,0,1,1,1
9.0587,0.3199,0,503,timetable,load,0,0,1,1
9.0607,0.1157,1,202,enroll,load,0,1,1,1
9.0608,0.2506,0,503,transcript,load,0,0,1,1
9.0686,0.0449,0,503,timetable,load,0,0,1,1
9.0687,0.8323,1,202,payment,load,0,1,1,1
9.0717,0.1189,1,200,student_read,load,0,0,1,1
9.0717,0.2399,0,503,transcript,load,0,0,1,1
9.0784,0.4917,1,200,payment,load,0,0,1,1
9.0928,0.3222,0,503,timetable,load,0,0,1,1
9.0995,0.2483,0,503,timetable,load,0,0,1,1
9.0995,0.0911,1,200,student_read,load,1,0,1,1
9.1075,0.1096,1,200,student_read,load,0,0,1,1
9.1083,0.8053,1,200,student_read,load,1,0,1,1
9.1108,0.0926,1,202,enroll,load,0,1,1,1
9.1133,0.0289,0,503,timetable,load,0,0,1,1
9.1136,0.0283,0,503,transcript,load,0,0,1,1
9.1238,0.2288,0,503,timetable,load,0,0,1,1
9.1419,2.6765,1,200,payment,load,0,0,1,1
9.1423,0.8427,1,200,payment,load,0,0,1,1
9.1434,0.2406,0,503,transcript,load,0,0,1,1
9.15,0.2468,0,503,transcript,load,0,0,1,1
9.1544,0.7593,1,200,student_read,load,1,0,1,1
9.1581,0.2645,0,503,transcript,load,0,0,1,1
9.1583,0.0749,1,200,balance,load,0,0,1,1
9.1588,0.0352,0,503,transcript,load,0,0,1,1
9.1601,0.0327,0,503,timetable,load,0,0,1,1
9.1616,2.0533,1,200,balance,load,0,0,1,1
9.1758,0.2478,0,503,transcript,load,0,0,1,1
9.1764,0.062,1,200,student_read,load,0,0,1,1
9.1764,0.7915,1,200,student_read,load,1,0,1,1
9.182,0.032,0,503,timetable,load,0,0,1,1
9.1831,0.1705,1,200,payment,load,0,0,1,1
9.1878,1.0039,1,200,student_read,load,1,0,1,1
9.1898,0.2377,0,503,timetable,load,0,0,1,1
9.1905,0.1264,1,200,student_read,load,0,0,1,1
9.1906,0.0611,1,200,student_read,load,1,0,1,1
9.1928,0.0789,1,200,balance,load,0,0,1,1
9.194,0.2872,0,503,timetable,load,0,0,1,1
9.1955,0.2702,0,503,timetable,load,0,0,1,1
9.1992,0.0265,0,503,transcript,load,0,0,1,1
9.2034,1.665,1,200,payment,load,0,0,1,1
9.2108,0.2546,0,503,timetable,load,0,0,1,1
9.2128,1.5351,1,202,payment,load,0,1,1,1
9.214,0.0576,1,202,enroll,load,0,1,1,1
9.2203,0.0245,0,503,timetable,load,0,0,1,1
9.2205,2.5298,1,202,payment,load,0,1,1,1
9.2206,0.0243,0,503,timetable,load,0,0,1,1
9.2206,0.2481,0,503,transcript,load,0,0,1,1
9.2236,0.2456,0,503,timetable,load,0,0,1,1
9.224,1.014,1,202,enroll,load,0,1,1,1
9.224,0.0236,0,503,transcript,load,0,0,1,1
9.2257,0.0961,1,200,student_read,load,0,0,1,1
9.2332,1.3295,1,200,student_read,load,1,0,1,1
9.2384,1.5096,1,202,payment,load,0,1,1,1
9.2448,0.0387,1,200,balance,load,0,0,1,1
9.2449,0.2788,0,503,transcript,load,0,0,1,1
9.2476,1.4433,1,202,payment,load,0,1,1,1
9.2517,0.3529,0,503,transcript,load,0,0,1,1
9.2601,1.1927,1,200,grade,load,0,0,1,1
9.264,0.8471,1,200,probe_student,probe,1,0,1,1
9.2658,0.0196,0,503,probe_records,probe,0,0,1,1
9.2671,1.427,1,202,payment,load,0,1,1,1
9.2675,0.2598,0,503,timetable,load,0,0,1,1
9.2676,0.0135,0,503,timetable,load,0,0,1,1
9.2678,0.3029,0,503,probe_timetable,probe,0,0,1,1
9.2693,0.0363,1,200,probe_payment,probe,0,0,1,1
9.2713,0.3026,0,503,transcript,load,0,0,1,1
9.2716,1.9956,1,200,payment,load,0,0,1,1
9.2717,0.0166,0,503,transcript,load,0,0,1,1
9.2812,0.293,0,503,timetable,load,0,0,1,1
9.2836,2.1669,1,202,grade,load,0,1,1,1
9.2883,0.0312,1,200,student_read,load,1,0,1,1
9.3058,0.9233,1,200,payment,load,0,0,1,1
9.3088,0.0203,0,503,transcript,load,0,0,1,1
9.3117,0.017,0,503,timetable,load,0,0,1,1
9.3124,2.3409,1,202,grade,load,0,1,1,1
9.317,1.5264,1,202,payment,load,0,1,1,1
9.3195,0.963,1,200,student_read,load,1,0,1,1
9.3218,1.2333,1,200,balance,load,0,0,1,1
9.325,0.0208,1,200,student_read,load,0,0,1,1
9.3287,1.6157,1,202,enroll,load,0,1,1,1
9.3292,0.0517,1,200,grade,load,0,0,1,1
9.3458,2.2656,1,200,balance,load,0,0,1,1
9.3478,0.2631,0,503,timetable,load,0,0,1,1
9.3526,0.0193,1,202,enroll,load,0,1,1,1
9.3536,0.1202,1,200,grade,load,0,0,1,1
9.3564,1.0205,1,200,student_read,load,1,0,1,1
9.3719,0.8661,1,200,student_read,load,1,0,1,1
9.3786,1.464,1,202,enroll,load,0,1,1,1
9.3809,0.0903,1,200,student_read,load,1,0,1,1
9.3827,0.278,0,503,timetable,load,0,0,1,1
9.383,1.1724,1,200,balance,load,0,0,1,1
9.384,0.009,0,503,transcript,load,0,0,1,1
9.3886,1.1283,1,202,enroll,load,0,1,1,1
9.3917,0.0647,1,200,student_read,load,1,0,1,1
9.3931,2.3052,1,202,payment,load,0,1,1,1
9.3946,0.3387,0,503,transcript,load,0,0,1,1
9.3969,0.0716,1,200,student_read,load,1,0,1,1
9.4013,1.5218,1,202,grade,load,0,1,1,1
9.415,0.0413,0,503,transcript,load,0,0,1,1
9.4184,0.0383,0,503,timetable,load,0,0,1,1
9.4226,1.0236,1,200,student_read,load,1,0,1,1
9.4237,2.2257,1,200,payment,load,0,0,1,1
9.4275,0.0509,1,200,timetable,load,0,0,1,1
9.4501,3.4718,1,202,payment,load,0,1,1,1
9.4502,1.4732,1,202,payment,load,0,1,1,1
9.4504,0.0691,1,202,payment,load,0,1,1,1
9.4535,1.3815,1,200,enroll,load,0,0,1,1
9.4563,3.2666,1,202,payment,load,0,1,1,1
9.4564,0.0719,1,200,balance,load,1,0,1,1
9.4567,0.8875,1,200,student_read,load,1,0,1,1
9.4593,0.3254,0,503,timetable,load,0,0,1,1
9.4654,0.0651,1,200,balance,load,1,0,1,1
9.4656,0.32,0,503,transcript,load,0,0,1,1
9.4685,0.0839,1,200,balance,load,0,0,1,1
9.4687,0.0157,0,503,transcript,load,0,0,1,1
9.4692,0.3219,0,503,transcript,load,0,0,1,1
9.4712,0.36,0,503,timetable,load,0,0,1,1
9.4738,0.0609,1,202,enroll,load,0,1,1,1
9.4748,0.0907,1,200,student_read,load,1,0,1,1
9.4784,0.3152,0,503,timetable,load,0,0,1,1
9.4812,1.7152,1,202,enroll,load,0,1,1,1
9.4845,1.9657,1,200,payment,load,0,0,1,1
9.506,0.0693,1,200,probe_student,probe,1,0,1,1
9.5075,0.3249,0,503,probe_records,probe,0,0,1,1
9.509,0.0366,0,503,probe_timetable,probe,0,0,1,1
9.511,1.1189,1,200,probe_payment,probe,0,0,1,1
9.5127,0.0654,1,200,balance,load,0,0,1,1
9.5136,1.4525,1,200,payment,load,0,0,1,1
9.5195,0.0281,0,503,transcript,load,0,0,1,1
9.5236,0.0275,0,503,timetable,load,0,0,1,1
9.5238,2.0657,1,200,student_read,load,0,0,1,1
9.5273,1.4795,1,202,enroll,load,0,1,1,1
9.5284,0.3842,0,503,timetable,load,0,0,1,1
9.5305,0.0248,0,503,timetable,load,0,0,1,1
9.5347,1.6807,1,200,enroll,load,0,0,1,1
9.5423,0.1169,1,200,balance,load,0,0,1,1
9.5477,1.015,1,200,student_read,load,1,0,1,1
9.5511,0.0451,1,200,transcript,load,0,0,1,1
9.5524,0.1026,1,200,timetable,load,0,0,1,1
9.5553,2.1453,1,200,payment,load,0,0,1,1
9.5587,1.7158,1,200,student_read,load,0,0,1,1
9.5613,1.1557,1,202,enroll,load,0,1,1,1
9.5655,0.0866,1,200,transcript,load,0,0,1,1
9.5701,0.082,1,200,balance,load,0,0,1,1
9.5743,4.4181,1,200,payment,load,0,0,1,1
9.5781,0.0131,0,503,timetable,load,0,0,1,1
9.5912,0.9605,1,200,balance,load,0,0,1,1
9.5962,1.6344,1,202,payment,load,0,1,1,1
9.6046,1.292,1,200,payment,load,0,0,1,1
9.6079,0.0548,1,200,student_read,load,1,0,1,1
9.6095,2.3389,1,202,payment,load,0,1,1,1
9.6109,2.9884,1,202,enroll,load,0,1,1,1
9.6122,0.0991,1,200,balance,load,0,0,1,1
9.6155,0.453,0,503,transcript,load,0,0,1,1
9.6172,1.2146,1,200,balance,load,0,0,1,1
9.6199,0.0855,1,200,student_read,load,1,0,1,1
9.621,0.1017,1,202,enroll,load,0,1,1,1
9.6251,1.4872,1,202,enroll,load,0,1,1,1
9.6327,0.3472,0,503,timetable,load,0,0,1,1
9.6521,0.1397,1,202,enroll,load,0,1,1,1
9.6522,0.1409,1,200,transcript,load,0,0,1,1
9.6551,1.9899,1,200,balance,load,0,0,1,1
9.6592,0.1462,1,200,student_read,load,1,0,1,1
9.6601,1.0753,1,200,student_read,load,1,0,1,1
9.6608,1.5797,1,202,payment,load,0,1,1,1
9.6627,0.3207,0,503,transcript,load,0,0,1,1
9.7056,0.1841,1,200,student_read,load,1,0,1,1
9.7113,1.5404,1,200,student_read,load,1,0,1,1
9.7228,0.2017,1,200,transcript,load,0,0,1,1
9.7247,0.2266,1,200,payment,load,0,0,1,1
9.7289,0.2967,0,503,transcript,load,0,0,1,1
9.7333,1.7714,1,202,payment,load,0,1,1,1
9.7582,2.3714,1,200,balance,load,1,0,1,1
9.7598,2.3095,1,200,probe_student,probe,0,0,1,1
9.7614,0.197,1,200,probe_records,probe,0,0,1,1
9.7633,0.3088,0,503,probe_timetable,probe,0,0,1,1
9.7652,0.2056,1,200,probe_payment,probe,0,0,1,1
9.7672,1.6829,1,202,enroll,load,0,1,1,1
9.7747,3.3838,1,202,payment,load,0,1,1,1
9.7749,0.1968,1,200,balance,load,0,0,1,1
9.7752,1.2274,1,200,balance,load,0,0,1,1
9.7785,0.2165,1,202,enroll,load,0,1,1,1
9.7785,0.2104,1,200,transcript,load,0,0,1,1
9.7798,0.2934,1,200,balance,load,0,0,1,1
9.7799,2.5229,1,200,balance,load,0,0,1,1
9.7827,1.9598,1,200,student_read,load,0,0,1,1
9.7832,0.2935,0,503,transcript,load,0,0,1,1
9.7834,0.2339,1,200,balance,load,0,0,1,1
9.7847,0.292,0,503,timetable,load,0,0,1,1
9.7857,0.2862,1,200,payment,load,0,0,1,1
9.7869,0.4482,0,503,timetable,load,0,0,1,1
9.7877,0.23,1,200,timetable,load,0,0,1,1
9.7895,1.6026,1,200,balance,load,0,0,1,1
9.7911,0.2217,1,200,student_read,load,1,0,1,1
9.7918,0.226,1,200,student_read,load,1,0,1,1
9.7931,0.22,1,200,student_read,load,1,0,1,1
9.7936,1.5499,1,200,payment,load,0,0,1,1
9.8055,0.3263,0,503,transcript,load,0,0,1,1
9.8055,0.2292,1,200,transcript,load,0,0,1,1
9.8062,0.2279,1,200,transcript,load,0,0,1,1
9.8312,0.2517,1,200,student_read,load,1,0,1,1
9.8489,0.4249,0,503,timetable,load,0,0,1,1
9.8489,3.257,1,200,student_read,load,0,0,1,1
9.8662,0.2655,1,200,student_read,load,1,0,1,1
9.8665,0.262,1,200,balance,load,0,0,1,1
9.8684,2.1139,1,200,payment,load,0,0,1,1
9.9009,0.3411,0,503,transcript,load,0,0,1,1
9.9095,3.9173,1,202,enroll,load,0,1,1,1
9.9095,0.9256,1,200,balance,load,0,0,1,1
9.9096,0.282,1,200,balance,load,0,0,1,1
9.9126,1.9281,1,200,balance,load,0,0,1,1
9.9136,0.6618,1,200,payment,load,0,0,1,1
9.9162,0.3369,1,200,balance,load,0,0,1,1
9.9217,0.3232,0,503,timetable,load,0,0,1,1
9.9245,0.3178,0,503,timetable,load,0,0,1,1
9.9513,0.3257,1,200,transcript,load,1,0,1,1
9.9584,1.2772,1,200,payment,load,0,0,1,1
9.968,1.7619,1,202,payment,load,0,1,1,1
9.9717,3.7966,1,202,enroll,load,0,1,1,1
9.9799,0.9678,1,200,enroll,load,0,0,1,1
9.9835,0.4672,1,200,payment,load,0,0,1,1
9.985,0.3481,1,200,transcript,load,0,0,1,1
9.985,0.3179,1,200,student_read,load,1,0,1,1
9.9852,0.348,1,200,balance,load,0,0,1,1
9.989,1.4966,1,200,student_read,load,1,0,1,1
9.995,4.5449,1,200,balance,load,0,0,1,1
10.01,0.3277,1,200,probe_student,probe,1,0,1,1
10.0116,0.3416,0,503,probe_records,probe,0,0,1,1
10.0129,1.4163,1,200,balance,load,0,0,1,1
10.0132,0.3591,1,200,transcript,load,1,0,1,1
10.0136,0.3259,1,200,probe_timetable,probe,0,0,1,1
10.0156,1.2576,1,200,probe_payment,probe,0,0,1,1
10.0174,1.7698,1,202,payment,load,0,1,1,1
10.0176,0.4334,1,200,balance,load,0,0,1,1
10.0177,0.3353,0,503,transcript,load,0,0,1,1
10.0178,1.1863,1,200,student_read,load,0,0,1,1
10.0218,0.3151,1,200,transcript,load,0,0,1,1
10.0248,0.3283,0,503,timetable,load,0,0,1,1
10.0256,0.4829,1,200,payment,load,0,0,1,1
10.0348,0.6561,1,200,payment,load,0,0,1,1
10.0573,3.4054,1,200,balance,load,0,0,1,1
10.0599,1.5884,1,200,student_read,load,1,0,1,1
10.0685,0.9744,1,200,student_read,load,0,0,1,1
10.0719,0.387,1,202,grade,load,0,1,1,1
10.0732,0.9808,1,202,grade,load,0,1,1,1
10.0767,3.7532,1,202,payment,load,0,1,1,1
10.0767,0.8838,1,200,payment,load,0,0,1,1
10.0829,0.3797,0,503,transcript,load,0,0,1,1
10.0872,0.4214,1,200,balance,load,0,0,1,1
10.0875,0.4274,1,200,student_read,load,1,0,1,1
10.0877,0.4337,1,200,balance,load,0,0,1,1
10.0913,0.3725,0,503,transcript,load,0,0,1,1
10.0915,1.4978,1,200,enroll,load,0,0,1,1
10.0915,0.518,0,503,transcript,load,0,0,1,1
10.0943,0.4947,1,200,grade,load,0,0,1,1
10.1109,0.4017,1,200,student_read,load,1,0,1,1
10.1111,0.4738,1,200,student_read,load,0,0,1,1
10.1134,0.4015,1,200,transcript,load,1,0,1,1
10.1254,0.3417,0,503,timetable,load,0,0,1,1
10.1255,0.4318,1,200,balance,load,0,0,1,1
10.1285,1.9675,1,200,balance,load,1,0,1,1
10.1317,0.332,0,503,transcript,load,0,0,1,1
10.1318,0.4274,1,200,transcript,load,0,0,1,1
10.1572,0.9996,1,200,balance,load,0,0,1,1
10.1696,5.0058,0,0,payment,load,0,0,1,1
10.171,0.4916,0,503,transcript,load,0,0,1,1
10.1876,0.4511,1,200,student_read,load,1,0,1,1
10.1917,1.845,1,200,student_read,load,0,0,1,1
10.207,0.4552,1,200,student_read,load,0,0,1,1
10.2164,1.9312,1,202,payment,load,0,1,1,1
10.2165,0.5009,1,200,balance,load,0,0,1,1
10.2351,0.3312,0,503,timetable,load,0,0,1,1
10.2379,0.5577,1,200,transcript,load,1,0,1,1
10.2381,0.6806,1,200,payment,load,0,0,1,1
10.242,2.206,1,200,student_read,load,0,0,1,1
10.2424,0.3287,0,503,timetable,load,0,0,1,1
10.2449,0.5258,1,200,timetable,load,0,0,1,1
10.2531,1.9457,1,200,student_read,load,0,0,1,1
10.2602,1.3292,1,200,probe_student,probe,1,0,1,1
10.2625,0.5263,1,200,probe_records,probe,0,0,1,1
10.2644,0.3509,0,503,probe_timetable,probe,0,0,1,1
10.2661,0.5217,1,200,probe_payment,probe,0,0,1,1
10.2679,2.1889,1,200,student_read,load,0,0,1,1
10.2739,0.5185,1,200,balance,load,0,0,1,1
10.2742,0.5598,1,202,enroll,load,0,1,1,1
10.2771,0.3357,0,503,timetable,load,0,0,1,1
10.2824,0.506,1,200,student_read,load,0,0,1,1
10.2825,0.5517,1,202,grade,load,0,1,1,1
10.2825,2.9042,1,200,balance,load,0,0,1,1
10.2828,0.9783,1,200,balance,load,0,0,1,1
10.3028,0.5885,1,200,transcript,load,0,0,1,1
10.3056,0.5908,1,200,student_read,load,1,0,1,1
10.3331,0.5589,1,200,student_read,load,0,0,1,1
10.3332,0.342,0,503,transcript,load,0,0,1,1
10.3369,0.5749,1,202,grade,load,0,1,1,1
10.337,1.6496,1,200,payment,load,0,0,1,1
10.3468,0.3315,0,503,timetable,load,0,0,1,1
10.353,4.9367,1,202,payment,load,0,1,1,1
10.3531,0.6686,1,202,enroll,load,0,1,1,1
10.3667,0.9664,1,200,student_read,load,1,0,1,1
10.3723,1.6677,1,200,payment,load,0,0,1,1
10.3723,0.6248,1,200,student_read,load,0,0,1,1
10.4128,0.5479,1,200,balance,load,0,0,1,1
10.4462,0.342,0,503,timetable,load,0,0,1,1
10.4465,0.5829,1,200,timetable,load,0,0,1,1
10.4507,1.2609,1,200,enroll,load,0,0,1,1
10.4528,0.3365,0,503,transcript,load,0,0,1,1
10.4558,0.7268,1,200,payment,load,0,0,1,1
10.4589,0.5633,1,200,transcript,load,0,0,1,1
10.4592,0.5661,1,200,balance,load,0,0,1,1
10.4595,1.2669,1,200,balance,load,1,0,1,1
10.4614,1.9336,1,200,balance,load,0,0,1,1
10.4627,0.6036,1,202,grade,load,0,1,1,1
10.4637,1.0363,1,200,grade,load,0,0,1,1
10.4638,2.1419,1,202,payment,load,0,1,1,1
10.4671,2.0449,1,200,payment,load,0,0,1,1
10.4671,2.8146,1,200,payment,load,0,0,1,1
10.4708,0.6697,1,202,enroll,load,0,1,1,1
10.474,0.6662,1,200,balance,load,0,0,1,1
10.5084,0.5584,1,200,probe_student,probe,1,0,1,1
10.5086,1.6312,1,200,enroll,load,0,0,1,1
10.5087,0.3385,0,503,transcript,load,0,0,1,1
10.5102,0.3376,0,503,probe_records,probe,0,0,1,1
10.5118,0.5789,1,200,probe_timetable,probe,0,0,1,1
10.5127,1.723,1,200,grade,load,0,0,1,1
10.514,1.4701,1,200,probe_payment,probe,1,0,1,1
10.5149,0.5749,1,200,student_read,load,0,0,1,1
10.5149,0.3324,0,503,timetable,load,0,0,1,1
10.5161,0.5755,1,200,timetable,load,0,0,1,1
10.517,0.3929,0,503,transcript,load,0,0,1,1
10.5192,0.9866,1,202,grade,load,0,1,1,1
10.5203,0.9275,1,200,payment,load,0,0,1,1
10.5214,0.5685,1,200,transcript,load,1,0,1,1
10.5518,3.1483,1,202,payment,load,0,1,1,1
10.5552,0.3591,0,503,timetable,load,0,0,1,1
10.5554,0.7044,1,200,balance,load,0,0,1,1
10.5554,1.6891,1,200,payment,load,0,0,1,1
10.5573,1.0742,1,200,enroll,load,0,0,1,1
10.5592,0.5841,1,200,transcript,load,0,0,1,1
10.5625,0.3479,0,503,transcript,load,0,0,1,1
10.5627,0.353,0,503,timetable,load,0,0,1,1
10.5627,0.6722,1,200,student_read,load,1,0,1,1
10.566,0.5775,1,200,transcript,load,1,0,1,1
10.5664,4.0169,1,202,payment,load,0,1,1,1
10.5672,0.3842,0,503,timetable,load,0,0,1,1
10.5711,0.7878,1,200,grade,load,0,0,1,1
10.5754,0.3797,0,503,transcript,load,0,0,1,1
10.589,0.6711,1,200,payment,load,0,0,1,1
10.5892,0.8147,1,200,balance,load,0,0,1,1
10.6096,2.2643,1,200,payment,load,0,0,1,1
10.6115,0.6189,1,200,student_read,load,0,0,1,1
10.6129,2.6987,1,202,enroll,load,0,1,1,1
10.6387,0.674,1,202,grade,load,0,1,1,1
10.6622,0.3569,0,503,timetable,load,0,0,1,1
10.6626,2.5241,1,200,balance,load,0,0,1,1
10.6692,0.6398,1,200,balance,load,0,0,1,1
10.6753,0.6337,1,200,student_read,load,1,0,1,1
10.6783,4.6104,1,202,enroll,load,0,1,1,1
10.6909,1.2909,1,200,balance,load,1,0,1,1
10.6909,1.1833,1,200,balance,load,0,0,1,1
10.6941,1.667,1,200,student_read,load,0,0,1,1
10.7119,0.6921,1,200,transcript,load,0,0,1,1
10.717,2.6378,1,200,balance,load,0,0,1,1
10.7175,0.6412,1,200,student_read,load,0,0,1,1
10.748,0.7033,1,200,balance,load,0,0,1,1
10.7587,1.363,1,200,probe_student,probe,0,0,1,1
10.7608,0.6472,1,200,probe_records,probe,1,0,1,1
10.7624,0.3504,0,503,probe_timetable,probe,0,0,1,1
10.7635,0.7885,1,200,probe_payment,probe,0,0,1,1
10.7651,0.3514,0,503,transcript,load,0,0,1,1
10.7707,4.5235,1,202,payment,load,0,1,1,1
10.7882,0.3238,0,503,transcript,load,0,0,1,1
10.7883,0.7082,1,202,enroll,load,0,1,1,1
10.789,0.8386,1,200,balance,load,0,0,1,1
10.7893,0.8385,1,202,payment,load,0,1,1,1
10.7924,0.3197,0,503,timetable,load,0,0,1,1
10.7956,0.6918,1,200,timetable,load,0,0,1,1
10.8055,1.0198,1,200,grade,load,0,0,1,1
10.8318,1.0966,1,200,grade,load,0,0,1,1
10.834,0.6625,1,200,transcript,load,1,0,1,1
10.8342,0.3315,0,503,timetable,load,0,0,1,1
10.835,0.3309,0,503,transcript,load,0,0,1,1
10.8351,0.755,1,200,enroll,load,0,0,1,1
10.8427,1.0155,1,200,student_read,load,0,0,1,1
10.8434,0.6566,1,200,transcript,load,0,0,1,1
10.8472,0.6526,1,200,timetable,load,0,0,1,1
10.8474,0.7348,1,200,student_read,load,1,0,1,1
10.8672,0.3559,0,503,transcript,load,0,0,1,1
10.8685,0.3535,0,503,transcript,load,0,0,1,1
10.8914,0.9754,1,200,student_read,load,1,0,1,1
10.892,1.9145,1,200,balance,load,0,0,1,1
10.8966,3.6856,1,202,enroll,load,0,1,1,1
10.9023,0.6799,1,200,transcript,load,1,0,1,1
10.9099,0.8748,1,200,balance,load,0,0,1,1
10.9104,0.8654,1,202,payment,load,0,1,1,1
10.9118,0.7164,1,200,student_read,load,0,0,1,1
10.9143,0.36,0,503,transcript,load,0,0,1,1
10.9143,0.9614,1,200,transcript,load,0,0,1,1
10.9158,0.9823,1,202,payment,load,0,1,1,1
10.9187,2.4803,1,200,balance,load,0,0,1,1
10.9232,0.3512,0,503,transcript,load,0,0,1,1
10.9235,3.4942,1,202,payment,load,0,1,1,1
10.927,1.0525,1,200,balance,load,0,0,1,1
10.9441,1.8756,1,200,student_read,load,0,0,1,1
10.9444,1.3459,1,200,balance,load,1,0,1,1
10.9476,0.8378,1,200,enroll,load,0,0,1,1
10.9513,0.7513,1,200,transcript,load,1,0,1,1
10.9551,0.3198,0,503,timetable,load,0,0,1,1
10.9606,0.8288,1,200,student_read,load,0,0,1,1
10.9607,2.4062,1,202,enroll,load,0,1,1,1
10.9972,2.101,1,200,enroll,load,0,0,1,1
11.0026,1.3633,1,200,grade,load,0,0,1,1
11.0028,0.7726,1,200,timetable,load,0,0,1,1
11.0031,0.341,0,503,transcript,load,0,0,1,1
11.0034,0.8707,1,200,probe_student,probe,0,0,1,1
11.0056,0.3939,0,503,probe_records,probe,0,0,1,1
11.0068,2.8943,1,200,balance,load,0,0,1,1
11.0077,0.7679,1,200,probe_timetable,probe,0,0,1,1
11.01,2.9421,1,200,probe_payment,probe,0,0,1,1
11.0191,1.0263,1,200,transcript,load,0,0,1,1
11.0217,2.2321,1,202,enroll,load,0,1,1,1
11.0222,0.7627,1,200,transcript,load,1,0,1,1
11.0254,0.3737,0,503,transcript,load,0,0,1,1
11.0294,2.026,1,200,enroll,load,0,0,1,1
11.0429,0.95,1,200,balance,load,1,0,1,1
11.054,0.3451,0,503,timetable,load,0,0,1,1
11.0613,1.8619,1,200,student_read,load,0,0,1,1
11.0663,2.2683,1,202,enroll,load,0,1,1,1
11.0898,2.092,1,200,student_read,load,0,0,1,1
11.0899,2.0081,1,200,student_read,load,0,0,1,1
11.112,0.7624,1,200,transcript,load,1,0,1,1
11.1121,1.4486,1,200,payment,load,0,0,1,1
11.1124,0.3407,0,503,timetable,load,0,0,1,1
11.1128,0.934,1,200,student_read,load,0,0,1,1
11.1402,1.0072,1,200,transcript,load,0,0,1,1
11.1406,0.7616,1,200,timetable,load,0,0,1,1
11.1433,1.0559,1,202,grade,load,0,1,1,1
11.1436,2.0642,1,200,payment,load,0,0,1,1
11.1568,1.6147,1,200,balance,load,0,0,1,1
11.1658,0.7763,1,200,transcript,load,1,0,1,1
11.166,2.1005,1,200,payment,load,0,0,1,1
11.1826,2.2538,1,200,payment,load,0,0,1,1
11.1965,1.0345,1,200,balance,load,1,0,1,1
11.2041,0.744,1,200,balance,load,1,0,1,1
11.2065,0.8898,1,200,balance,load,0,0,1,1
11.2149,0.7389,1,200,timetable,load,0,0,1,1
11.2154,1.7853,1,200,student_read,load,0,0,1,1
11.222,0.9339,1,200,enroll,load,0,0,1,1
11.2306,0.972,1,200,enroll,load,0,0,1,1
11.235,0.4164,0,503,transcript,load,0,0,1,1
11.2405,0.9151,1,200,balance,load,1,0,1,1
11.2517,0.4034,0,503,transcript,load,0,0,1,1
11.2535,2.2713,1,200,probe_student,probe,0,0,1,1
11.2553,0.9438,1,200,probe_records,probe,0,0,1,1
11.2576,0.3951,0,503,probe_timetable,probe,0,0,1,1
11.2598,1.3835,1,200,payment,load,0,0,1,1
11.2601,2.1674,1,200,enroll,load,0,0,1,1
11.2603,1.0927,1,200,probe_payment,probe,0,0,1,1
11.2611,2.4752,1,200,payment,load,0,0,1,1
11.2666,2.8673,1,200,balance,load,0,0,1,1
11.2673,0.3904,0,503,transcript,load,0,0,1,1
11.2743,1.0415,1,202,payment,load,0,1,1,1
11.2744,2.197,1,202,payment,load,0,1,1,1
11.2749,1.4719,1,200,enroll,load,0,0,1,1
11.309,0.4027,0,503,transcript,load,0,0,1,1
11.309,0.403,0,503,transcript,load,0,0,1,1
11.3127,0.7834,1,200,balance,load,1,0,1,1
11.3142,2.1172,1,202,enroll,load,0,1,1,1
11.34,0.372,0,503,transcript,load,0,0,1,1
11.3403,0.8871,1,200,balance,load,0,0,1,1
11.3435,0.752,1,200,timetable,load,0,0,1,1
11.3442,0.9781,1,200,student_read,load,0,0,1,1
11.3587,1.2089,1,200,student_read,load,0,0,1,1
11.3588,2.404,1,202,enroll,load,0,1,1,1
11.3611,1.717,1,200,student_read,load,0,0,1,1
11.3922,3.8913,1,202,payment,load,0,1,1,1
11.3991,0.9133,1,200,student_read,load,0,0,1,1
11.3991,0.7999,1,200,timetable,load,0,0,1,1
11.4039,2.2082,1,200,student_read,load,0,0,1,1
11.408,2.8801,1,202,payment,load,0,1,1,1
11.4292,0.7984,1,200,timetable,load,0,0,1,1
11.4478,0.8195,1,200,enroll,load,0,0,1,1
11.4502,0.7807,1,200,transcript,load,1,0,1,1
11.4505,0.3709,0,503,timetable,load,0,0,1,1
11.4513,2.011,1,200,student_read,load,0,0,1,1
11.4532,2.3133,1,202,payment,load,0,1,1,1
11.4572,0.9215,1,200,student_read,load,0,0,1,1
11.4856,1.1128,1,200,balance,load,0,0,1,1
11.4874,0.7901,1,200,timetable,load,0,0,1,1
11.4965,0.7811,1,200,timetable,load,0,0,1,1
11.4965,1.9654,1,200,balance,load,0,0,1,1
11.4999,0.7779,1,200,transcript,load,0,0,1,1
11.5,1.816,1,200,student_read,load,0,0,1,1
11.5001,0.3755,0,503,timetable,load,0,0,1,1
11.5036,0.8839,1,200,probe_student,probe,0,0,1,1
11.5055,0.8566,1,200,transcript,load,0,0,1,1
11.5059,1.0469,1,200,payment,load,0,0,1,1
11.5064,0.3715,0,503,probe_records,probe,0,0,1,1
11.5085,0.8827,1,200,probe_timetable,probe,0,0,1,1
11.5104,2.0268,1,200,probe_payment,probe,0,0,1,1
11.517,0.8732,1,200,transcript,load,0,0,1,1
11.562,0.3768,0,503,timetable,load,0,0,1,1
11.5653,0.3738,0,503,transcript,load,0,0,1,1
11.5821,1.028,1,200,transcript,load,0,0,1,1
11.5823,2.061,1,200,balance,load,0,0,1,1
11.5894,0.3499,0,503,transcript,load,0,0,1,1
11.5895,1.7378,1,200,balance,load,0,0,1,1
11.5901,1.1332,1,200,student_read,load,0,0,1,1
11.6115,0.7504,1,200,student_read,load,0,0,1,1
11.6116,0.9233,1,200,student_read,load,0,0,1,1
11.6277,0.9128,1,200,transcript,load,0,0,1,1
11.6279,0.9072,1,200,student_read,load,0,0,1,1
11.6282,0.7587,1,200,timetable,load,0,0,1,1
11.6315,0.9156,1,200,student_read,load,0,0,1,1
11.645,0.3491,0,503,timetable,load,0,0,1,1
11.6483,1.7828,1,200,student_read,load,0,0,1,1
11.6494,1.003,1,200,balance,load,0,0,1,1
11.6514,1.3273,1,200,balance,load,0,0,1,1
11.6533,0.3461,0,503,timetable,load,0,0,1,1
11.6551,0.3885,0,503,transcript,load,0,0,1,1
11.6574,1.0656,1,200,grade,load,0,0,1,1
11.6577,0.9472,1,200,enroll,load,0,0,1,1
11.6979,0.3453,0,503,transcript,load,0,0,1,1
11.698,1.0061,1,200,payment,load,0,0,1,1
11.6983,0.7531,1,200,transcript,load,0,0,1,1
11.7007,0.7571,1,200,student_read,load,0,0,1,1
11.7027,0.345,0,503,timetable,load,0,0,1,1
11.7116,0.887,1,200,balance,load,0,0,1,1
11.7117,0.9362,1,200,student_read,load,0,0,1,1
11.712,2.3841,1,200,student_read,load,0,0,1,1
11.712,0.3315,0,503,timetable,load,0,0,1,1
11.7192,0.8209,1,200,transcript,load,0,0,1,1
11.7264,1.0491,1,200,payment,load,0,0,1,1
11.7299,1.0121,1,200,balance,load,0,0,1,1
11.7426,2.0841,1,202,grade,load,0,1,1,1
11.7503,0.898,1,200,student_read,load,0,0,1,1
11.7508,0.8863,1,200,probe_student,probe,0,0,1,1
11.7522,0.7964,1,200,probe_records,probe,0,0,1,1
11.7537,0.3925,0,503,probe_timetable,probe,0,0,1,1
11.7555,1.02,1,200,probe_payment,probe,0,0,1,1
11.761,3.4381,1,202,enroll,load,0,1,1,1
11.7755,0.3709,0,503,timetable,load,0,0,1,1
11.7758,0.9179,1,200,balance,load,0,0,1,1
11.7834,0.9097,1,200,student_read,load,0,0,1,1
11.7848,1.1164,1,200,balance,load,0,0,1,1
11.7849,1.029,1,200,student_read,load,0,0,1,1
11.7855,1.8009,1,200,student_read,load,0,0,1,1
11.7872,1.9754,1,200,balance,load,0,0,1,1
11.7894,0.7591,1,200,balance,load,0,0,1,1
11.813,0.7964,1,200,timetable,load,0,0,1,1
11.8184,0.9693,1,200,enroll,load,0,0,1,1
11.8214,0.7869,1,200,transcript,load,0,0,1,1
11.8407,4.4666,1,202,payment,load,0,1,1,1
11.8582,1.4819,1,200,payment,load,0,0,1,1
11.8591,1.0624,1,200,student_read,load,0,0,1,1
11.8668,2.2495,1,202,grade,load,0,1,1,1
11.8741,1.4496,1,200,balance,load,0,0,1,1
11.8744,2.3969,1,202,payment,load,0,1,1,1
11.8756,3.4011,1,202,enroll,load,0,1,1,1
11.8981,0.7957,1,200,timetable,load,0,0,1,1
11.9022,2.2285,1,202,payment,load,0,1,1,1
11.9051,0.9124,1,200,student_read,load,0,0,1,1
11.9284,0.3231,0,503,timetable,load,0,0,1,1
11.9388,1.3116,1,200,balance,load,0,0,1,1
11.9393,0.8032,1,200,timetable,load,0,0,1,1
11.9421,0.309,0,503,timetable,load,0,0,1,1
11.9481,1.0449,1,200,payment,load,0,0,1,1
11.9483,0.7945,1,200,transcript,load,0,0,1,1
11.9539,1.0931,1,200,balance,load,0,0,1,1
11.9668,0.3264,0,503,timetable,load,0,0,1,1
11.9795,0.8041,1,200,timetable,load,0,0,1,1
11.9818,0.9443,1,200,balance,load,0,0,1,1
11.9818,0.9419,1,200,balance,load,0,0,1,1
11.9866,1.6293,1,200,payment,load,0,0,1,1
11.9929,0.7828,1,200,timetable,load,0,0,1,1
11.9942,1.0571,1,200,grade,load,0,0,1,1
11.9994,0.294,0,503,transcript,load,0,0,1,1
12.014,0.8068,1,200,probe_student,probe,0,0,1,1
12.0158,0.3233,0,503,probe_records,probe,0,0,1,1
12.0174,0.9071,1,200,probe_timetable,probe,0,0,1,1
12.0192,2.6693,1,200,probe_payment,probe,0,0,1,1
12.0209,1.0309,1,200,balance,load,0,0,1,1
12.0367,2.1413,1,200,balance,load,0,0,1,1
12.04,2.1995,1,202,payment,load,0,1,1,1
12.0432,0.9945,1,200,student_read,load,0,0,1,1
12.0436,0.2958,0,503,transcript,load,0,0,1,1
12.0436,0.7753,1,200,transcript,load,0,0,1,1
12.0477,0.2919,0,503,transcript,load,0,0,1,1
12.0598,2.557,1,202,payment,load,0,1,1,1
12.0956,2.6829,1,202,enroll,load,0,1,1,1
12.096,0.7728,1,200,student_read,load,0,0,1,1
12.0961,2.2215,1,200,enroll,load,0,0,1,1
12.1069,0.9166,1,200,payment,load,0,0,1,1
12.1297,1.1248,1,200,timetable,load,0,0,1,1
12.1399,1.1232,1,200,balance,load,0,0,1,1
12.1464,0.2837,0,503,timetable,load,0,0,1,1
12.1475,1.1832,1,200,transcript,load,0,0,1,1
12.1476,1.0429,1,200,balance,load,0,0,1,1
12.1557,0.7676,1,200,transcript,load,0,0,1,1
12.1559,0.3197,0,503,transcript,load,0,0,1,1
12.156,1.261,1,200,balance,load,0,0,1,1
12.1989,0.7719,1,200,transcript,load,0,0,1,1
12.199,0.7719,1,200,transcript,load,0,0,1,1
12.1992,2.1554,1,202,enroll,load,0,1,1,1
12.2026,0.8981,1,200,grade,load,0,0,1,1
12.2047,0.3101,0,503,timetable,load,0,0,1,1
12.2162,0.8064,1,200,timetable,load,0,0,1,1
12.2274,0.9684,1,200,enroll,load,0,0,1,1
12.2276,1.0999,1,200,balance,load,0,0,1,1
12.2309,1.1134,1,200,student_read,load,0,0,1,1
12.231,1.0419,1,200,balance,load,0,0,1,1
12.2357,1.2323,1,200,balance,load,0,0,1,1
12.2505,1.0198,1,200,probe_student,probe,0,0,1,1
12.2511,0.2649,0,503,transcript,load,0,0,1,1
12.2515,0.8034,1,200,student_read,load,0,0,1,1
12.2519,0.8053,1,200,probe_records,probe,0,0,1,1
12.2534,0.2993,0,503,probe_timetable,probe,0,0,1,1
12.2546,0.8007,1,200,probe_payment,probe,0,0,1,1
12.2587,2.0101,1,200,balance,load,0,0,1,1
12.2674,1.2928,1,200,student_read,load,0,0,1,1
12.2775,1.2208,1,200,grade,load,0,0,1,1
12.2776,0.278,0,503,timetable,load,0,0,1,1
12.2778,0.7729,1,200,balance,load,0,0,1,1
12.2903,0.9053,1,200,balance,load,0,0,1,1
12.2934,0.2602,0,503,timetable,load,0,0,1,1
12.3028,1.257,1,200,grade,load,0,0,1,1
12.3085,0.9423,1,200,transcript,load,0,0,1,1
12.3124,2.3185,1,202,enroll,load,0,1,1,1
12.3158,1.9726,1,202,grade,load,0,1,1,1
12.3223,0.7796,1,200,timetable,load,0,0,1,1
12.3395,1.3747,1,200,balance,load,0,0,1,1
12.3395,0.9101,1,200,student_read,load,0,0,1,1
12.355,0.2936,0,503,timetable,load,0,0,1,1
12.3611,0.8035,1,200,transcript,load,0,0,1,1
12.3619,2.2176,1,202,enroll,load,0,1,1,1
12.3621,0.9655,1,200,student_read,load,0,0,1,1
12.3659,0.7993,1,200,timetable,load,0,0,1,1
12.3869,1.3395,1,200,student_read,load,0,0,1,1
12.4098,0.8557,1,200,timetable,load,0,0,1,1
12.4263,1.193,1,200,balance,load,0,0,1,1
12.4301,0.8815,1,200,enroll,load,0,0,1,1
12.448,0.2794,0,503,timetable,load,0,0,1,1
12.4514,0.973,1,200,student_read,load,0,0,1,1
12.4568,0.27,0,503,transcript,load,0,0,1,1
12.4578,0.8026,1,200,transcript,load,0,0,1,1
12.4757,2.0209,1,202,payment,load,0,1,1,1
12.5002,1.2496,1,200,probe_student,probe,0,0,1,1
12.5018,0.2833,0,503,probe_records,probe,0,0,1,1
12.5037,0.8272,1,200,probe_timetable,probe,0,0,1,1
12.5056,1.4869,1,200,probe_payment,probe,0,0,1,1
12.512,1.8391,1,200,student_read,load,0,0,1,1
12.512,0.8115,1,200,balance,load,0,0,1,1
12.5148,0.2704,0,503,transcript,load,0,0,1,1
12.5161,0.848,1,200,student_read,load,0,0,1,1
12.5351,0.9366,1,200,balance,load,0,0,1,1
12.5405,0.7932,1,200,timetable,load,0,0,1,1
12.5471,1.2155,1,200,student_read,load,0,0,1,1
12.5486,0.737,1,200,student_read,load,0,0,1,1
12.5528,0.9716,1,200,enroll,load,0,0,1,1
12.5536,0.7787,1,200,transcript,load,0,0,1,1
12.5556,2.2273,1,202,grade,load,0,1,1,1
12.5579,0.7864,1,200,grade,load,0,0,1,1
12.5608,1.0546,1,200,student_read,load,0,0,1,1
12.5676,0.3061,0,503,transcript,load,0,0,1,1
12.5984,0.8269,1,200,timetable,load,0,0,1,1
12.5986,0.9845,1,200,payment,load,0,0,1,1
12.5993,2.0167,1,202,payment,load,0,1,1,1
12.605,0.2733,0,503,transcript,load,0,0,1,1
12.6057,0.9076,1,200,student_read,load,0,0,1,1
12.6084,0.8597,1,200,timetable,load,0,0,1,1
12.6094,0.8153,1,200,student_read,load,0,0,1,1
12.6102,1.9694,1,202,grade,load,0,1,1,1
12.6433,0.8549,1,200,student_read,load,0,0,1,1
12.6479,2.8967,1,202,enroll,load,0,1,1,1
12.6483,1.2674,1,200,grade,load,0,0,1,1
12.6523,0.8953,1,200,balance,load,0,0,1,1
12.6653,1.362,1,200,enroll,load,0,0,1,1
12.6931,1.0302,1,200,transcript,load,0,0,1,1
12.6937,1.0254,1,200,balance,load,0,0,1,1
12.6938,0.782,1,200,student_read,load,0,0,1,1
12.7041,1.2887,1,200,student_read,load,0,0,1,1
12.7102,2.1782,1,202,grade,load,0,1,1,1
12.7229,1.8784,1,202,grade,load,0,1,1,1
12.7234,0.8244,1,200,student_read,load,0,0,1,1
12.7275,2.8167,1,202,payment,load,0,1,1,1
12.7421,0.8102,1,200,student_read,load,0,0,1,1
12.7425,0.7743,1,200,timetable,load,0,0,1,1
12.7428,0.9348,1,200,student_read,load,0,0,1,1
12.7468,1.1614,1,200,balance,load,0,0,1,1
12.756,0.858,1,200,probe_student,probe,0,0,1,1
12.7577,0.8061,1,200,probe_records,probe,0,0,1,1
12.7594,0.3014,0,503,probe_timetable,probe,0,0,1,1
12.7605,0.7996,1,200,probe_payment,probe,0,0,1,1
12.7619,0.3002,0,503,transcript,load,0,0,1,1
12.7755,2.521,1,202,payment,load,0,1,1,1
12.7757,0.9436,1,200,transcript,load,0,0,1,1
12.7836,1.133,1,200,timetable,load,0,0,1,1
12.7852,0.8808,1,200,payment,load,0,0,1,1
12.7878,0.7031,1,200,grade,load,0,0,1,1
12.8066,0.3031,0,503,timetable,load,0,0,1,1
12.8139,1.0431,1,200,transcript,load,0,0,1,1
12.8176,0.8013,1,200,timetable,load,0,0,1,1
12.8189,0.7055,1,200,grade,load,0,0,1,1
12.8196,0.8571,1,200,grade,load,0,0,1,1
12.8655,2.8484,1,202,payment,load,0,1,1,1
12.8689,0.29,0,503,transcript,load,0,0,1,1
12.8737,2.7795,1,200,payment,load,0,0,1,1
12.8739,1.1904,1,200,student_read,load,0,0,1,1
12.8784,1.0542,1,200,payment,load,0,0,1,1
12.9011,0.2644,0,503,transcript,load,0,0,1,1
12.9118,0.8078,1,200,timetable,load,0,0,1,1
12.9219,2.9932,1,202,payment,load,0,1,1,1
12.9233,0.9971,1,200,payment,load,0,0,1,1
12.9237,2.4446,1,202,payment,load,0,1,1,1
12.9261,2.6177,1,202,payment,load,0,1,1,1
12.9574,0.2661,0,503,timetable,load,0,0,1,1
12.9708,0.2501,0,503,transcript,load,0,0,1,1
12.9709,0.6967,1,200,balance,load,0,0,1,1
12.9788,0.2424,0,503,transcript,load,0,0,1,1
12.9931,1.0857,1,200,payment,load,0,0,1,1
13.0007,0.8167,1,200,balance,load,0,0,1,1
13.0033,1.0738,1,200,probe_student,probe,0,0,1,1
13.0051,0.2593,0,503,probe_records,probe,0,0,1,1
13.0069,0.8176,1,200,probe_timetable,probe,0,0,1,1
13.0086,0.6013,1,200,probe_payment,probe,0,0,1,1
13.0149,0.9028,1,200,transcript,load,0,0,1,1
13.0211,1.003,1,200,payment,load,0,0,1,1
13.0377,0.2511,0,503,timetable,load,0,0,1,1
13.047,0.2381,0,503,timetable,load,0,0,1,1
13.0507,0.9608,1,200,transcript,load,0,0,1,1
13.0513,0.9651,1,200,balance,load,0,0,1,1
13.0549,2.2305,1,202,enroll,load,0,1,1,1
13.0554,0.7991,1,200,enroll,load,0,0,1,1
13.062,0.2231,0,503,transcript,load,0,0,1,1
13.098,1.3115,1,200,transcript,load,0,0,1,1
13.0982,1.0085,1,200,enroll,load,0,0,1,1
13.1007,0.8151,1,200,student_read,load,0,0,1,1
13.1019,3.1965,1,202,payment,load,0,1,1,1
13.1059,0.5651,1,200,grade,load,0,0,1,1
13.1097,1.4077,1,200,balance,load,0,0,1,1
13.1109,0.8091,1,200,timetable,load,0,0,1,1
13.157,0.1899,0,503,timetable,load,0,0,1,1
13.1585,2.3888,1,202,payment,load,0,1,1,1
13.1589,2.0922,1,202,grade,load,0,1,1,1
13.1646,0.6619,1,200,student_read,load,0,0,1,1
13.1652,1.5596,1,200,student_read,load,0,0,1,1
13.1656,0.8466,1,200,transcript,load,0,0,1,1
13.1818,2.1069,1,202,payment,load,0,1,1,1
13.1867,1.0977,1,200,balance,load,0,0,1,1
13.1868,0.8285,1,200,timetable,load,0,0,1,1
13.1906,2.8293,1,202,enroll,load,0,1,1,1
13.1956,0.8183,1,200,student_read,load,0,0,1,1
13.1958,0.6312,1,200,student_read,load,0,0,1,1
13.2078,2.0687,1,202,grade,load,0,1,1,1
13.2186,1.0604,1,200,grade,load,0,0,1,1
13.2209,0.8923,1,200,transcript,load,0,0,1,1
13.2212,0.1844,0,503,timetable,load,0,0,1,1
13.2497,0.8236,1,200,timetable,load,0,0,1,1
13.2503,0.746,1,200,balance,load,0,0,1,1
13.2509,1.1707,1,200,probe_student,probe,0,0,1,1
13.2525,1.3772,1,200,probe_records,probe,0,0,1,1
13.2538,0.6037,1,200,student_read,load,0,0,1,1
13.2541,0.2141,0,503,probe_timetable,probe,0,0,1,1
13.2544,0.9122,1,200,timetable,load,0,0,1,1
13.2559,0.9715,1,200,probe_payment,probe,0,0,1,1
13.2604,0.9664,1,200,student_read,load,0,0,1,1
13.2631,0.9153,1,200,payment,load,0,0,1,1
13.2655,0.2038,0,503,timetable,load,0,0,1,1
13.2667,0.8448,1,200,grade,load,0,0,1,1
13.2729,0.8551,1,200,student_read,load,0,0,1,1
13.2817,0.8291,1,200,balance,load,0,0,1,1
13.2817,0.8258,1,200,balance,load,0,0,1,1
13.2852,0.7429,1,200,grade,load,0,0,1,1
13.2855,0.6227,1,200,student_read,load,0,0,1,1
13.2889,0.9146,1,200,payment,load,0,0,1,1
13.311,0.8599,1,200,timetable,load,0,0,1,1
13.3116,2.3812,1,202,payment,load,0,1,1,1
13.3116,0.5453,1,200,balance,load,0,0,1,1
13.316,0.1879,0,503,timetable,load,0,0,1,1
13.3237,1.3429,1,200,payment,load,0,0,1,1
13.3273,0.293,0,503,timetable,load,0,0,1,1
13.3275,0.9916,1,200,timetable,load,0,0,1,1
13.3276,1.2992,1,200,balance,load,0,0,1,1
13.3307,0.9064,1,200,balance,load,0,0,1,1
13.3323,1.0664,1,200,student_read,load,0,0,1,1
13.3338,0.289,0,503,transcript,load,0,0,1,1
13.3346,0.8362,1,200,student_read,load,0,0,1,1
13.34,0.8912,1,200,balance,load,0,0,1,1
13.3443,0.2744,0,503,timetable,load,0,0,1,1
13.3548,0.7664,1,200,balance,load,0,0,1,1
13.3571,1.202,1,200,payment,load,0,0,1,1
13.3641,0.1907,0,503,timetable,load,0,0,1,1
13.399,1.1225,1,200,student_read,load,0,0,1,1
13.4056,0.6906,1,200,student_read,load,0,0,1,1
13.417,0.8689,1,200,transcript,load,0,0,1,1
13.4245,0.8603,1,200,timetable,load,0,0,1,1
13.4253,0.9863,1,200,balance,load,0,0,1,1
13.4276,1.0288,1,200,student_read,load,0,0,1,1
13.4312,0.9782,1,200,balance,load,0,0,1,1
13.4365,2.037,1,202,payment,load,0,1,1,1
13.462,0.5037,1,200,balance,load,0,0,1,1
13.4623,0.9999,1,200,timetable,load,0,0,1,1
13.4627,0.1823,0,503,timetable,load,0,0,1,1
13.468,2.2465,1,202,enroll,load,0,1,1,1
13.4681,0.1808,0,503,transcript,load,0,0,1,1
13.4714,1.0502,1,200,student_read,load,0,0,1,1
13.4717,0.8491,1,200,student_read,load,0,0,1,1
13.4758,0.1949,0,503,timetable,load,0,0,1,1
13.4909,1.3907,1,200,student_read,load,0,0,1,1
13.4982,1.8748,1,202,grade,load,0,1,1,1
13.4984,1.8781,1,202,enroll,load,0,1,1,1
13.5015,1.2212,1,200,probe_student,probe,0,0,1,1
13.5033,0.2005,0,503,probe_records,probe,0,0,1,1
13.5039,1.0209,1,200,student_read,load,0,0,1,1
13.5052,0.3234,0,503,probe_timetable,probe,0,0,1,1
13.5068,0.8746,1,200,probe_payment,probe,0,0,1,1
13.5133,1.0082,1,200,balance,load,0,0,1,1
13.5134,0.3171,0,503,transcript,load,0,0,1,1
13.5168,1.2064,1,200,grade,load,0,0,1,1
13.5245,0.6284,1,200,student_read,load,0,0,1,1
13.5245,2.2772,1,202,enroll,load,0,1,1,1
13.5477,1.2069,1,200,payment,load,0,0,1,1
13.5477,2.2178,1,200,balance,load,0,0,1,1
13.5523,0.3159,0,503,timetable,load,0,0,1,1
13.5548,0.1817,0,503,transcript,load,0,0,1,1
13.5598,0.2114,0,503,timetable,load,0,0,1,1
13.5602,0.9135,1,200,balance,load,0,0,1,1
13.5602,0.8555,1,200,student_read,load,0,0,1,1
13.5832,0.8257,1,200,balance,load,0,0,1,1
13.5865,1.5733,1,200,student_read,load,0,0,1,1
13.6099,1.0175,1,200,balance,load,0,0,1,1
13.6122,0.3078,0,503,transcript,load,0,0,1,1
13.6154,0.1943,0,503,transcript,load,0,0,1,1
13.6159,1.9824,1,202,payment,load,0,1,1,1
13.6188,2.0983,1,202,payment,load,0,1,1,1
13.6193,0.3048,0,503,transcript,load,0,0,1,1
13.6203,1.222,1,200,balance,load,0,0,1,1
13.6228,1.2868,1,200,balance,load,0,0,1,1
13.6433,1.049,1,200,balance,load,0,0,1,1
13.649,1.5155,1,200,student_read,load,0,0,1,1
13.6661,1.1408,1,200,enroll,load,0,0,1,1
13.6662,0.675,1,200,balance,load,0,0,1,1
13.6676,0.1936,0,503,transcript,load,0,0,1,1
13.6707,2.2439,1,202,enroll,load,0,1,1,1
13.671,0.9957,1,200,balance,load,0,0,1,1
13.6768,1.0453,1,200,balance,load,0,0,1,1
13.6776,0.2941,0,503,timetable,load,0,0,1,1
13.7001,1.896,1,202,enroll,load,0,1,1,1
13.7127,1.4797,1,200,student_read,load,0,0,1,1
13.7142,0.3146,0,503,transcript,load,0,0,1,1
13.7191,2.722,1,202,payment,load,0,1,1,1
13.7194,2.2003,1,202,payment,load,0,1,1,1
13.7233,0.995,1,200,enroll,load,0,0,1,1
13.7264,0.1856,0,503,transcript,load,0,0,1,1
13.7363,1.2598,1,200,balance,load,0,0,1,1
13.7365,0.4652,1,200,student_read,load,0,0,1,1
13.7499,0.4928,1,200,probe_student,probe,0,0,1,1
13.7515,0.328,0,503,probe_records,probe,0,0,1,1
13.7543,0.1865,0,503,probe_timetable,probe,0,0,1,1
13.7566,1.0506,1,200,probe_payment,probe,0,0,1,1
13.7626,0.552,1,200,enroll,load,0,0,1,1
13.7627,1.0444,1,200,balance,load,0,0,1,1
13.7628,0.8682,1,200,student_read,load,0,0,1,1
13.7634,0.1791,0,503,timetable,load,0,0,1,1
13.7665,0.6047,1,200,balance,load,0,0,1,1
13.7684,1.1169,1,200,student_read,load,0,0,1,1
13.7713,0.52,1,200,student_read,load,0,0,1,1
13.8045,0.9139,1,200,timetable,load,0,0,1,1
13.8097,0.4386,1,200,student_read,load,0,0,1,1
13.8174,0.9895,1,200,student_read,load,0,0,1,1
13.8265,2.3516,1,202,grade,load,0,1,1,1
13.8268,0.2966,0,503,transcript,load,0,0,1,1
13.8268,0.1678,0,503,timetable,load,0,0,1,1
13.827,0.8939,1,200,student_read,load,0,0,1,1
13.8298,1.7661,1,202,grade,load,0,1,1,1
13.8545,0.9025,1,200,student_read,load,0,0,1,1
13.8569,0.7402,1,200,student_read,load,0,0,1,1
13.857,2.587,1,202,enroll,load,0,1,1,1
13.8575,1.3026,1,200,student_read,load,0,0,1,1
13.8612,0.1683,0,503,transcript,load,0,0,1,1
13.8661,0.1867,0,503,transcript,load,0,0,1,1
13.8682,1.0595,1,200,student_read,load,0,0,1,1
13.9011,0.5332,1,200,balance,load,0,0,1,1
13.9082,0.4323,1,200,student_read,load,0,0,1,1
13.9083,0.3353,0,503,transcript,load,0,0,1,1
13.9103,0.329,0,503,transcript,load,0,0,1,1
13.912,1.9121,1,200,grade,load,0,0,1,1
13.9157,0.3236,0,503,transcript,load,0,0,1,1
13.9158,0.1666,0,503,transcript,load,0,0,1,1
13.9166,0.1624,0,503,timetable,load,0,0,1,1
13.92,0.1805,0,503,transcript,load,0,0,1,1
13.9204,2.52,1,202,enroll,load,0,1,1,1
13.9241,2.5267,1,202,payment,load,0,1,1,1
13.9325,0.5069,1,200,grade,load,0,0,1,1
13.9586,1.8415,1,202,enroll,load,0,1,1,1
13.9657,1.5859,1,202,payment,load,0,1,1,1
13.9718,2.326,1,202,payment,load,0,1,1,1
13.9924,0.4205,0,503,timetable,load,0,0,1,1
13.9928,0.8635,1,200,timetable,load,0,0,1,1
13.9946,0.6632,1,200,payment,load,0,0,1,1
13.9963,0.1585,0,503,transcript,load,0,0,1,1
14.0045,1.4885,1,200,probe_student,probe,0,0,1,1
14.0064,0.1744,0,503,probe_records,probe,0,0,1,1
14.008,0.3137,0,503,probe_timetable,probe,0,0,1,1
14.0094,0.5426,1,200,probe_payment,probe,0,0,1,1
14.011,0.312,0,503,transcript,load,0,0,1,1
14.0116,0.8443,1,200,transcript,load,0,0,1,1
14.0122,0.6636,1,200,balance,load,0,0,1,1
14.014,0.168,0,503,transcript,load,0,0,1,1
14.0153,1.4593,1,200,balance,load,1,0,1,1
14.0164,2.4204,1,202,payment,load,0,1,1,1
14.0241,1.1711,1,200,student_read,load,0,0,1,1
14.028,0.9595,1,200,balance,load,0,0,1,1
14.0288,0.1553,0,503,transcript,load,0,0,1,1
14.0295,0.5352,1,200,student_read,load,0,0,1,1
14.0644,1.0957,1,200,balance,load,0,0,1,1
14.0662,0.4559,1,200,student_read,load,0,0,1,1
14.0733,0.1513,0,503,transcript,load,0,0,1,1
14.0788,1.4684,1,200,student_read,load,0,0,1,1
14.079,2.3579,1,202,payment,load,0,1,1,1
14.0825,2.0091,1,202,payment,load,0,1,1,1
14.0961,1.0957,1,200,timetable,load,0,0,1,1
14.0963,0.423,1,200,grade,load,0,0,1,1
14.1005,0.1474,0,503,transcript,load,0,0,1,1
14.1068,0.3148,0,503,timetable,load,0,0,1,1
14.1076,0.3139,0,503,transcript,load,0,0,1,1
14.108,1.0891,1,200,student_read,load,0,0,1,1
14.1108,0.1606,0,503,transcript,load,0,0,1,1
14.1115,1.8082,1,202,enroll,load,0,1,1,1
14.1132,2.3235,1,202,grade,load,0,1,1,1
14.1163,1.0441,1,200,balance,load,0,0,1,1
14.1213,2.1977,1,202,payment,load,0,1,1,1
14.1234,2.168,1,202,payment,load,0,1,1,1
14.1281,0.2974,0,503,transcript,load,0,0,1,1
14.1307,0.4734,1,200,balance,load,0,0,1,1
14.1528,1.1065,1,200,student_read,load,0,0,1,1
14.1544,0.8431,1,200,balance,load,0,0,1,1
14.1549,2.6887,1,200,student_read,load,1,0,1,1
14.1667,0.3097,0,503,timetable,load,0,0,1,1
14.1708,0.1461,0,503,transcript,load,0,0,1,1
14.1781,0.2984,0,503,timetable,load,0,0,1,1
14.1784,0.9865,1,200,balance,load,0,0,1,1
14.182,0.4029,1,200,grade,load,0,0,1,1
14.1842,0.3779,1,200,student_read,load,0,0,1,1
14.2017,1.0795,1,200,enroll,load,0,0,1,1
14.2035,0.1393,0,503,timetable,load,0,0,1,1
14.2053,2.8751,1,202,enroll,load,0,1,1,1
14.2246,0.967,1,200,student_read,load,0,0,1,1
14.2269,2.2177,1,202,grade,load,0,1,1,1
14.2313,0.7612,1,200,student_read,load,0,0,1,1
14.2372,1.4563,1,200,student_read,load,0,0,1,1
14.2394,2.0759,1,202,enroll,load,0,1,1,1
14.2396,1.3468,1,200,payment,load,0,0,1,1
14.2435,0.7468,1,200,balance,load,0,0,1,1
14.2479,2.2001,1,202,grade,load,0,1,1,1
14.2483,1.772,1,202,grade,load,0,1,1,1
14.252,0.7409,1,200,probe_student,probe,0,0,1,1
14.2536,0.322,0,503,probe_records,probe,0,0,1,1
14.2561,0.1473,0,503,probe_timetable,probe,0,0,1,1
14.2587,2.2635,1,200,probe_payment,probe,0,0,1,2
14.2688,0.1363,0,503,timetable,load,0,0,1,1
14.2714,0.7325,1,200,balance,load,0,0,1,1
14.2714,1.2771,1,202,payment,load,0,1,1,1
14.2845,0.2922,0,503,transcript,load,0,0,1,1
14.2849,2.0121,1,202,payment,load,0,1,1,1
14.2885,0.2872,0,503,transcript,load,0,0,1,1
14.2913,3.0082,1,202,enroll,load,0,1,1,1
14.3144,0.3177,0,503,transcript,load,0,0,1,1
14.3146,0.1272,0,503,transcript,load,0,0,1,1
14.3169,1.3214,1,200,payment,load,0,0,1,1
14.3176,0.1265,0,503,timetable,load,0,0,1,1
14.3191,2.1225,1,202,grade,load,0,1,1,1
14.3208,1.15,1,200,student_read,load,0,0,1,1
14.3405,0.3335,0,503,transcript,load,0,0,1,1
14.3429,0.6675,1,200,student_read,load,0,0,1,1
14.3511,0.3236,0,503,timetable,load,0,0,1,1
14.3546,1.9691,1,202,payment,load,0,1,1,1
14.3608,0.6271,1,200,balance,load,0,0,1,1
14.3713,1.9809,1,202,payment,load,0,1,1,1
14.3988,0.7933,1,200,timetable,load,0,0,1,1
14.4053,1.3685,1,200,student_read,load,0,0,1,1
14.4089,0.5809,1,200,balance,load,0,0,1,1
14.4094,2.0762,1,202,payment,load,0,1,1,1
14.4096,0.5917,1,200,student_read,load,0,0,1,1
14.4116,0.5966,1,200,balance,load,0,0,1,1
14.413,1.3007,1,200,enroll,load,0,0,1,1
14.4157,0.5866,1,200,student_read,load,0,0,1,1
14.4178,2.6662,1,202,payment,load,0,1,1,1
14.4215,1.1222,1,202,payment,load,0,1,1,1
14.4215,0.3067,0,503,transcript,load,0,0,1,1
14.4255,1.865,1,202,grade,load,0,1,1,1
14.4344,1.4676,1,200,student_read,load,0,0,1,1
14.4395,0.1264,0,503,timetable,load,0,0,1,1
14.4419,0.5646,1,200,balance,load,0,0,1,1
14.4441,2.4693,1,200,student_read,load,1,0,1,1
14.4545,1.838,1,202,enroll,load,0,1,1,1
14.4564,0.5495,1,200,student_read,load,0,0,1,1
14.4623,0.5314,1,200,student_read,load,0,0,1,1
14.4764,2.0468,1,202,payment,load,0,1,1,1
14.4765,1.8883,1,200,balance,load,0,0,1,1
14.4966,2.0578,1,202,grade,load,0,1,1,1
14.4999,1.9378,1,200,probe_student,probe,1,0,1,1
14.5021,0.1432,0,503,probe_records,probe,0,0,1,1
14.5045,0.3086,0,503,probe_timetable,probe,0,0,1,1
14.507,0.4895,1,200,probe_payment,probe,0,0,1,1
14.5137,1.5216,1,200,student_read,load,0,0,1,1
14.5174,1.5256,1,200,balance,load,0,0,1,1
14.5193,1.7713,1,202,enroll,load,0,1,1,1
14.5215,0.4833,1,200,student_read,load,0,0,1,1
14.5215,0.1238,0,503,timetable,load,0,0,1,1
14.5217,0.4798,1,200,balance,load,0,0,1,1
14.5249,0.2891,0,503,transcript,load,0,0,1,1
14.5399,1.3302,1,200,balance,load,0,0,1,1
14.5591,0.4422,1,200,student_read,load,0,0,1,1
14.5621,2.0419,1,202,enroll,load,0,1,1,1
14.5647,1.7317,1,202,enroll,load,0,1,1,1
14.5659,1.2039,1,200,payment,load,0,0,1,1
14.5757,0.1149,0,503,transcript,load,0,0,1,1
14.5767,0.1138,0,503,transcript,load,0,0,1,1
14.5796,0.6929,1,200,balance,load,0,0,1,1
14.5796,1.7329,1,202,enroll,load,0,1,1,1
14.5823,1.0035,1,200,balance,load,1,0,1,1
14.5833,0.4307,1,200,student_read,load,0,0,1,1
14.5849,0.1198,0,503,timetable,load,0,0,1,1
14.5972,0.2605,0,503,transcript,load,0,0,1,1
14.6014,0.1147,0,503,transcript,load,0,0,1,1
14.6042,1.1287,1,200,payment,load,0,0,1,1
14.6112,2.2298,1,200,student_read,load,1,0,1,1
14.616,0.1003,0,503,transcript,load,0,0,1,1
14.6268,0.2728,0,503,timetable,load,0,0,1,1
14.631,1.6635,1,202,grade,load,0,1,1,1
14.631,1.3802,1,200,balance,load,0,0,1,1
14.6453,0.7461,1,200,student_read,load,0,0,1,1
14.6563,0.3341,1,200,student_read,load,0,0,1,1
14.6578,1.4294,1,200,balance,load,0,0,1,1
14.6666,0.0834,0,503,timetable,load,0,0,1,1
14.6667,1.635,1,202,enroll,load,0,1,1,1
14.6741,0.7199,1,200,student_read,load,0,0,1,1
14.6747,0.2589,0,503,transcript,load,0,0,1,1
14.6758,0.3228,1,200,student_read,load,0,0,1,1
14.6906,0.3046,1,200,balance,load,0,0,1,1
14.6907,1.6478,1,200,student_read,load,0,0,1,1
14.6923,0.2734,0,503,transcript,load,0,0,1,1
14.7047,2.3762,1,202,payment,load,0,1,1,1
14.7161,0.0621,0,503,transcript,load,0,0,1,1
14.7163,1.5878,1,202,enroll,load,0,1,1,1
14.7183,0.2725,1,200,student_read,load,0,0,1,1
14.7184,0.8995,1,200,enroll,load,0,0,1,1
14.7209,3.4933,1,200,balance,load,0,0,1,1
14.7222,0.8908,1,200,enroll,load,0,0,1,1
14.7232,1.5864,1,202,enroll,load,0,1,1,1
14.7249,1.5833,1,202,enroll,load,0,1,1,1
14.7283,2.5098,1,202,enroll,load,0,1,1,1
14.7501,0.2483,1,200,balance,load,0,0,1,1
14.7546,0.2565,0,503,timetable,load,0,0,1,1
14.757,0.2474,1,200,student_read,load,0,0,1,1
14.7654,0.2345,1,200,probe_student,probe,0,0,1,1
14.7672,0.2515,0,503,probe_records,probe,0,0,1,1
14.7688,0.058,0,503,probe_timetable,probe,0,0,1,1
14.7714,1.1236,1,200,probe_payment,probe,0,0,1,1
14.7741,0.0548,0,503,transcript,load,0,0,1,1
14.7782,0.2288,1,200,student_read,load,0,0,1,1
14.7785,0.6519,1,200,student_read,load,0,0,1,1
14.7829,1.5068,1,202,enroll,load,0,1,1,1
14.8069,2.0338,1,202,grade,load,0,1,1,1
14.8069,0.2359,0,503,timetable,load,0,0,1,1
14.8071,0.2342,0,503,transcript,load,0,0,1,1
14.8072,1.351,1,200,enroll,load,0,0,1,1
14.8139,1.5051,1,202,grade,load,0,1,1,1
14.8423,0.0122,0,503,timetable,load,0,0,1,1
14.8546,0.7364,1,200,grade,load,0,0,1,1
14.8558,1.435,1,202,payment,load,0,1,1,1
14.8559,2.0918,1,200,student_read,load,1,0,1,1
14.8563,0.0078,0,503,transcript,load,0,0,1,1
14.8576,0.1401,1,200,student_read,load,0,0,1,1
14.8641,2.0498,1,200,student_read,load,1,0,1,1
14.8816,0.0043,0,503,transcript,load,0,0,1,1
14.8853,0.8802,1,200,student_read,load,0,0,1,1
14.886,2.0931,1,202,enroll,load,0,1,1,1
14.8996,0.1981,1,200,balance,load,1,0,1,1
14.9063,2.9873,1,202,enroll,load,0,1,1,1
14.9096,0.2529,0,503,transcript,load,0,0,1,1
14.9277,0.112,1,200,transcript,load,0,0,1,1
14.9336,0.0938,1,200,student_read,load,0,0,1,1
14.9608,0.0675,1,200,student_read,load,0,0,1,1
14.9657,0.2296,0,503,transcript,load,0,0,1,1
14.9875,1.3803,1,202,payment,load,0,1,1,1
14.9898,0.226,0,503,timetable,load,0,0,1,1
14.9903,0.2215,0,503,transcript,load,0,0,1,1
14.9909,0.0698,1,200,student_read,load,0,0,1,1
14.9926,0.2882,0,503,timetable,load,0,0,1,1
14.9937,0.0439,0,503,transcript,load,0,0,1,1
14.9952,0.0732,1,200,student_read,load,0,0,1,1
14.9961,1.4322,1,202,enroll,load,0,1,1,1
14.9978,1.0448,1,200,balance,load,0,0,1,1
14.9984,0.3691,0,503,transcript,load,0,0,1,1
14.9986,0.8543,1,200,student_read,load,0,0,1,1
15.0012,0.3952,1,200,enroll,load,0,0,1,1
15.0014,1.8425,1,200,probe_student,probe,1,0,1,1
15.0015,0.9606,1,200,student_read,load,0,0,1,1
15.0023,0.2089,1,200,balance,load,1,0,1,1
15.0038,0.0385,0,503,probe_records,probe,0,0,1,1
15.0039,0.0428,0,503,transcript,load,0,0,1,1
15.0045,0.247,0,503,transcript,load,0,0,1,1
15.0048,1.2206,1,200,student_read,load,0,0,1,1
15.0059,0.0882,1,200,student_read,load,0,0,1,1
15.0059,0.246,0,503,probe_timetable,probe,0,0,1,1
15.0065,1.4189,1,200,balance,load,0,0,1,1
15.007,0.0373,0,503,transcript,load,0,0,1,1
15.0079,0.2081,1,200,probe_payment,probe,1,0,1,1
15.0083,0.3902,0,503,transcript,load,0,0,1,1
15.0104,0.0439,0,503,timetable,load,0,0,1,1
15.0111,0.0829,1,200,balance,load,0,0,1,1
15.014,2.1482,1,200,balance,load,0,0,1,1
15.0188,0.2448,0,503,timetable,load,0,0,1,1
15.0274,4.6264,1,202,payment,load,0,1,1,1
15.0376,0.0697,1,200,student_read,load,0,0,1,1
15.0397,0.0699,1,200,student_read,load,0,0,1,1
15.0413,0.2141,0,503,transcript,load,0,0,1,1
15.0428,0.2093,0,503,timetable,load,0,0,1,1
15.0443,1.5377,1,202,enroll,load,0,1,1,1
15.0467,0.0683,1,200,student_read,load,0,0,1,1
15.0543,2.2961,1,202,enroll,load,0,1,1,1
15.0607,0.1514,1,200,balance,load,1,0,1,1
15.0635,0.1514,1,200,balance,load,1,0,1,1
15.0684,0.0509,1,200,student_read,load,0,0,1,1
15.094,0.2738,0,503,transcript,load,0,0,1,1
15.0941,1.7303,1,200,balance,load,0,0,1,1
15.0977,0.1171,1,200,balance,load,1,0,1,1
15.1073,1.0243,1,200,payment,load,0,0,1,1
15.1096,2.9398,1,202,payment,load,0,1,1,1
15.1106,1.1892,1,200,payment,load,0,0,1,1
15.115,0.0052,0,503,transcript,load,0,0,1,1
15.1194,0.0058,0,503,transcript,load,0,0,1,1
15.1201,1.9062,1,200,student_read,load,1,0,1,1
15.1252,0.4925,0,503,transcript,load,0,0,1,1
15.1568,1.5649,1,202,enroll,load,0,1,1,1
15.1598,0.0089,0,503,transcript,load,0,0,1,1
15.16,0.0178,1,200,student_read,load,0,0,1,1
15.1601,0.0108,0,503,transcript,load,0,0,1,1
15.1604,0.2699,0,503,transcript,load,0,0,1,1
15.1626,0.268,0,503,transcript,load,0,0,1,1
15.1645,0.2703,0,503,timetable,load,0,0,1,1
15.165,0.0519,1,200,balance,load,1,0,1,1
15.1687,0.131,1,202,payment,load,0,1,1,1
15.1709,0.1132,1,202,payment,load,0,1,1,1
15.1755,1.6404,1,202,enroll,load,0,1,1,1
15.1778,0.9575,1,200,student_read,load,0,0,1,1
15.1916,1.5296,1,202,enroll,load,0,1,1,1
15.1918,5.0024,0,0,payment,load,0,0,1,1
15.1921,0.0297,0,503,transcript,load,0,0,1,1
15.1952,0.9869,1,200,grade,load,0,0,1,1
15.1954,0.0381,1,200,balance,load,1,0,1,1
15.2101,0.2652,0,503,transcript,load,0,0,1,1
15.2113,0.9303,1,200,student_read,load,0,0,1,1
15.2119,0.3029,0,503,timetable,load,0,0,1,1
15.2121,2.2444,1,202,payment,load,0,1,1,1
15.2148,0.0428,0,503,transcript,load,0,0,1,1
15.2158,1.4888,1,202,enroll,load,0,1,1,1
15.2169,0.3013,0,503,timetable,load,0,0,1,1
15.2218,0.1096,1,200,student_read,load,0,0,1,1
15.2335,0.1177,1,200,student_read,load,0,0,1,1
15.2512,0.2654,0,503,timetable,load,0,0,1,1
15.2515,2.1011,1,202,payment,load,0,1,1,1
15.252,0.1476,1,200,probe_student,probe,0,0,1,1
15.2521,1.6615,1,200,student_read,load,1,0,1,1
15.2542,0.2954,0,503,probe_records,probe,0,0,1,1
15.2554,0.13,1,200,transcript,load,0,0,1,1
15.2566,0.2122,1,200,probe_timetable,probe,0,0,1,1
15.2576,0.1277,1,200,student_read,load,0,0,1,1
15.2588,1.0435,1,200,probe_payment,probe,0,0,1,1
15.2594,0.126,1,200,student_read,load,0,0,1,1
15.2683,0.1986,1,200,timetable,load,0,0,1,1
15.2725,0.9762,1,200,balance,load,0,0,1,1
15.2765,2.3883,1,202,enroll,load,0,1,1,1
15.2767,1.8897,1,200,balance,load,0,0,1,1
15.2807,0.1212,1,200,student_read,load,0,0,1,1
15.2813,0.1348,1,200,student_read,load,0,0,1,1
15.2836,0.8951,1,200,balance,load,0,0,1,1
15.2841,0.1158,1,200,balance,load,1,0,1,1
15.2854,0.7993,1,200,grade,load,0,0,1,1
15.2887,1.7216,1,202,enroll,load,0,1,1,1
15.2888,0.261,0,503,transcript,load,0,0,1,1
15.2898,1.7245,1,202,enroll,load,0,1,1,1
15.2942,1.3311,1,200,student_read,load,1,0,1,1
15.2965,0.1259,1,200,balance,load,0,0,1,1
15.2997,1.7734,1,200,balance,load,0,0,1,1
15.3131,2.2948,1,202,payment,load,0,1,1,1
15.3314,0.1329,1,200,enroll,load,0,0,1,1
15.3512,0.1135,1,200,student_read,load,0,0,1,1
15.3603,0.1046,1,200,transcript,load,0,0,1,1
15.3676,2.6455,1,200,balance,load,0,0,1,1
15.3678,1.3141,1,200,balance,load,0,0,1,1
15.3683,1.642,1,202,payment,load,0,1,1,1
15.373,0.2214,0,503,transcript,load,0,0,1,1
15.3764,1.3567,1,200,student_read,load,1,0,1,1
15.3853,0.2246,1,200,grade,load,0,0,1,1
15.3853,0.0924,1,200,student_read,load,0,0,1,1
15.3855,0.0922,1,200,balance,load,0,0,1,1
15.3914,0.2306,0,503,transcript,load,0,0,1,1
15.394,0.1308,1,200,balance,load,0,0,1,1
15.3965,1.6462,1,202,enroll,load,0,1,1,1
15.3985,1.6316,1,200,student_read,load,1,0,1,1
15.3999,3.9238,1,200,enroll,load,0,0,1,1
15.4019,0.127,1,200,transcript,load,0,0,1,1
15.4059,0.2163,0,503,timetable,load,0,0,1,1
15.4161,0.4497,0,503,transcript,load,0,0,1,1
15.4225,0.0739,1,200,balance,load,0,0,1,1
15.4304,1.6095,1,202,enroll,load,0,1,1,1
15.4304,2.9589,1,202,enroll,load,0,1,1,1
15.4306,1.1597,1,200,student_read,load,1,0,1,1
15.4347,0.2231,0,503,transcript,load,0,0,1,1
15.4547,1.6311,1,202,enroll,load,0,1,1,1
15.4643,0.0708,1,200,student_read,load,0,0,1,1
15.4647,0.0747,1,200,transcript,load,0,0,1,1
15.4708,0.2284,0,503,transcript,load,0,0,1,1
15.4735,0.0948,1,200,timetable,load,0,0,1,1
15.4746,2.2614,1,200,payment,load,0,0,1,1
15.4777,0.1086,1,200,student_read,load,0,0,1,1
15.4778,0.4245,0,503,transcript,load,0,0,1,1
15.4964,1.7216,1,202,payment,load,0,1,1,1
15.5136,0.9896,1,200,probe_student,probe,1,0,1,1
15.5148,0.1156,1,200,student_read,load,0,0,1,1
15.5151,0.1424,1,200,probe_records,probe,0,0,1,1
15.5166,2.3308,1,200,payment,load,0,0,1,1
15.5172,0.2597,0,503,probe_timetable,probe,0,0,1,1
15.5182,2.1464,1,202,enroll,load,0,1,1,1
15.5195,0.1419,1,200,probe_payment,probe,0,0,1,1
15.5218,1.0307,1,200,student_read,load,1,0,1,1
15.5248,2.3774,1,202,payment,load,0,1,1,1
15.5289,0.124,1,200,student_read,load,0,0,1,1
15.5352,0.1723,1,200,transcript,load,0,0,1,1
15.5394,0.2318,0,503,transcript,load,0,0,1,1
15.5437,1.6614,1,202,enroll,load,0,1,1,1
15.5438,0.164,1,200,timetable,load,0,0,1,1
15.5442,0.1645,1,200,timetable,load,0,0,1,1
15.5446,2.6689,1,202,enroll,load,0,1,1,1
15.5473,0.163,1,200,transcript,load,0,0,1,1
15.5474,0.1169,1,200,student_read,load,0,0,1,1
15.5485,1.5799,1,202,enroll,load,0,1,1,1
15.5498,0.2254,0,503,timetable,load,0,0,1,1
15.5515,2.2458,1,202,enroll,load,0,1,1,1
15.5596,0.1925,1,200,payment,load,0,0,1,1
15.5683,0.1364,1,200,student_read,load,0,0,1,1
15.5858,1.6323,1,202,payment,load,0,1,1,1
15.5864,0.0417,0,503,timetable,load,0,0,1,1
15.5864,0.2468,0,503,timetable,load,0,0,1,1
15.591,0.7115,1,200,balance,load,0,0,1,1
15.5944,2.2489,1,202,payment,load,0,1,1,1
15.5959,2.072,1,202,enroll,load,0,1,1,1
15.5961,0.1219,1,200,balance,load,0,0,1,1
15.5983,0.1564,1,200,timetable,load,0,0,1,1
15.606,1.1814,1,200,balance,load,0,0,1,1
15.61,1.6597,1,202,payment,load,0,1,1,1
15.613,0.2627,0,503,timetable,load,0,0,1,1
15.6177,0.1143,1,200,student_read,load,0,0,1,1
15.6219,1.4245,1,200,student_read,load,1,0,1,1
15.6281,0.8266,1,202,enroll,load,0,1,1,1
15.6305,0.1282,1,200,grade,load,0,0,1,1
15.6383,2.411,1,202,payment,load,0,1,1,1
15.653,2.9564,1,202,payment,load,0,1,1,1
15.6532,1.6124,1,202,enroll,load,0,1,1,1
15.6575,0.1238,1,200,transcript,load,0,0,1,1
15.6579,0.747,1,200,student_read,load,1,0,1,1
15.6643,0.1531,1,200,timetable,load,0,0,1,1
15.6928,0.1252,1,200,transcript,load,0,0,1,1
15.6935,0.1197,1,200,student_read,load,0,0,1,1
15.6992,0.1139,1,200,student_read,load,0,0,1,1
15.7047,1.3259,1,200,student_read,load,1,0,1,1
15.7072,0.821,1,202,grade,load,0,1,1,1
15.7075,3.1384,1,202,payment,load,0,1,1,1
15.7078,1.2692,1,200,balance,load,0,0,1,1
15.7087,0.1444,1,200,student_read,load,0,0,1,1
15.7103,0.1117,1,200,student_read,load,0,0,1,1
15.7137,2.1098,1,200,student_read,load,1,0,1,1
15.7146,0.2733,0,503,timetable,load,0,0,1,1
15.7171,1.3605,1,202,enroll,load,0,1,1,1
15.718,0.1295,1,200,student_read,load,0,0,1,1
15.7319,0.118,1,200,transcript,load,0,0,1,1
15.733,0.2083,1,200,payment,load,0,0,1,1
15.7521,0.1171,1,200,probe_student,probe,0,0,1,1
15.7545,0.2883,0,503,probe_records,probe,0,0,1,1
15.7547,0.1173,1,200,student_read,load,0,0,1,1
15.7567,0.1537,1,200,probe_timetable,probe,0,0,1,1
15.7586,2.5054,1,200,probe_payment,probe,0,0,1,1
15.7588,1.0858,1,202,enroll,load,0,1,1,1
15.7655,0.912,1,200,balance,load,0,0,1,1
15.7656,0.2774,0,503,transcript,load,0,0,1,1
15.7657,0.1414,1,200,balance,load,0,0,1,1
15.7698,0.5673,1,200,payment,load,0,0,1,1
15.7712,0.1353,1,200,student_read,load,0,0,1,1
15.7752,1.1417,1,202,enroll,load,0,1,1,1
15.8017,2.2176,1,200,payment,load,0,0,1,1
15.8079,1.4273,1,200,student_read,load,1,0,1,1
15.8131,0.1108,1,200,transcript,load,0,0,1,1
15.8133,0.2805,0,503,transcript,load,0,0,1,1
15.8174,0.1171,1,200,transcript,load,0,0,1,1
15.8181,0.2068,1,200,enroll,load,0,0,1,1
15.822,2.5918,1,202,payment,load,0,1,1,1
15.8242,1.0925,1,202,enroll,load,0,1,1,1
15.8333,0.1161,1,200,student_read,load,0,0,1,1
15.8475,0.18,1,200,enroll,load,0,0,1,1
15.85,0.0988,1,200,student_read,load,0,0,1,1
15.8528,0.2896,0,503,transcript,load,0,0,1,1
15.8531,0.3676,0,503,timetable,load,0,0,1,1
15.8584,0.2198,1,200,payment,load,0,0,1,1
15.8658,0.4052,1,200,payment,load,0,0,1,1
15.8701,2.2843,1,202,payment,load,0,1,1,1
15.872,2.8308,1,200,student_read,load,0,0,1,1
15.8758,0.127,1,200,student_read,load,0,0,1,1
15.902,0.1104,1,200,transcript,load,0,0,1,1
15.9023,1.1242,1,200,student_read,load,1,0,1,1
15.9065,0.2759,0,503,transcript,load,0,0,1,1
15.9071,1.1151,1,200,balance,load,0,0,1,1
15.9146,0.093,1,200,timetable,load,0,0,1,1
15.9151,0.0864,1,200,student_read,load,0,0,1,1
15.9197,1.4385,1,202,enroll,load,0,1,1,1
15.9198,0.7623,1,202,grade,load,0,1,1,1
15.9239,0.0777,1,200,student_read,load,0,0,1,1
15.9345,1.1391,1,200,student_read,load,1,0,1,1
15.9413,1.3435,1,200,balance,load,0,0,1,1
15.9488,0.078,1,200,timetable,load,0,0,1,1
15.9494,0.0774,1,200,student_read,load,0,0,1,1
15.9622,0.0968,1,200,student_read,load,0,0,1,1
15.963,0.0982,1,200,student_read,load,0,0,1,1
15.9879,1.393,1,200,student_read,load,1,0,1,1
16.0015,0.308,0,503,timetable,load,0,0,1,1
16.0017,0.1229,1,200,transcript,load,0,0,1,1
16.0028,0.1168,1,200,student_read,load,0,0,1,1
16.0076,0.3969,0,503,timetable,load,0,0,1,1
16.0098,1.0202,1,200,probe_student,probe,1,0,1,1
16.0113,0.2922,0,503,transcript,load,0,0,1,1
16.0119,0.272,1,200,probe_records,probe,1,0,1,1
16.0125,1.718,1,202,grade,load,0,1,1,1
16.0147,0.29,0,503,probe_timetable,probe,0,0,1,1
16.017,0.266,1,200,probe_payment,probe,1,0,1,1
16.0199,0.1335,1,200,transcript,load,0,0,1,1
16.0204,1.5908,1,200,balance,load,0,0,1,1
16.0212,0.5055,0,503,transcript,load,0,0,1,1
16.0249,0.4095,0,503,transcript,load,0,0,1,1
16.0268,2.2283,1,200,balance,load,0,0,1,1
16.0268,0.2996,1,202,enroll,load,0,1,1,1
16.0276,0.2486,1,200,transcript,load,1,0,1,1
16.0426,1.8009,1,200,payment,load,0,0,1,1
16.043,0.2523,1,200,transcript,load,1,0,1,1
16.0431,0.2837,1,200,transcript,load,1,0,1,1
16.0565,0.2969,1,202,enroll,load,0,1,1,1
16.059,0.3093,0,503,transcript,load,0,0,1,1
16.0848,0.2872,0,503,transcript,load,0,0,1,1
16.0874,1.8553,1,202,payment,load,0,1,1,1
16.0916,0.4617,0,503,transcript,load,0,0,1,1
16.0938,0.3995,1,200,transcript,load,1,0,1,1
16.11,1.3752,1,200,student_read,load,1,0,1,1
16.1196,0.2855,0,503,timetable,load,0,0,1,1
16.1246,0.3686,1,200,balance,load,0,0,1,1
16.1316,0.3787,1,200,transcript,load,1,0,1,1
16.1353,0.3975,1,200,transcript,load,1,0,1,1
16.1416,0.2684,0,503,timetable,load,0,0,1,1
16.1425,0.2663,0,503,transcript,load,0,0,1,1
16.1535,1.115,1,200,balance,load,0,0,1,1
16.1582,0.44,1,202,enroll,load,0,1,1,1
16.1781,0.4199,1,200,balance,load,0,0,1,1
16.1786,0.4424,1,202,enroll,load,0,1,1,1
16.1822,0.2674,0,503,transcript,load,0,0,1,1
16.1824,0.9463,1,200,student_read,load,1,0,1,1
16.2103,0.277,0,503,timetable,load,0,0,1,1
16.2208,1.3868,1,202,enroll,load,0,1,1,1
16.2254,0.4059,1,200,transcript,load,1,0,1,1
16.2487,1.8719,1,202,payment,load,0,1,1,1
16.2569,0.4009,1,200,probe_student,probe,1,0,1,1
16.2587,0.2722,0,503,probe_records,probe,0,0,1,1
16.2609,0.4015,1,200,probe_timetable,probe,0,0,1,1
16.263,2.3439,1,200,probe_payment,probe,0,0,1,1
16.2649,1.8558,1,202,payment,load,0,1,1,1
16.271,0.2883,0,503,transcript,load,0,0,1,1
16.2762,0.3814,1,200,timetable,load,0,0,1,1
16.2898,1.015,1,200,student_read,load,1,0,1,1
16.2904,0.4309,1,200,timetable,load,0,0,1,1
16.2906,0.4055,1,200,student_read,load,1,0,1,1
16.2913,0.2724,0,503,transcript,load,0,0,1,1
16.2945,0.3452,0,503,transcript,load,0,0,1,1
16.2953,0.2593,0,503,transcript,load,0,0,1,1
16.2964,0.7193,1,202,enroll,load,0,1,1,1
16.297,0.6187,1,202,enroll,load,0,1,1,1
16.2978,0.7414,1,200,timetable,load,0,0,1,1
16.2984,0.5066,1,202,enroll,load,0,1,1,1
16.3018,0.2535,0,503,timetable,load,0,0,1,1
16.3025,2.4147,1,202,payment,load,0,1,1,1
16.3036,0.8738,1,202,grade,load,0,1,1,1
16.3041,0.3735,0,503,transcript,load,0,0,1,1
16.3049,3.1651,1,200,payment,load,0,0,1,1
16.3073,0.6636,1,202,enroll,load,0,1,1,1
16.3082,0.4964,1,202,grade,load,0,1,1,1
16.3095,0.4956,1,200,transcript,load,1,0,1,1
16.3097,1.3995,1,200,student_read,load,1,0,1,1
16.3125,1.9188,1,200,student_read,load,1,0,1,1
16.3153,0.2447,0,503,transcript,load,0,0,1,1
16.319,0.6573,1,202,enroll,load,0,1,1,1
16.319,0.5269,1,202,enroll,load,0,1,1,1
16.3237,1.3293,1,202,enroll,load,0,1,1,1
16.3264,0.5227,1,200,transcript,load,1,0,1,1
16.3268,3.8124,1,200,student_read,load,0,0,1,1
16.3372,0.6377,1,200,payment,load,0,0,1,1
16.3385,0.2699,0,503,transcript,load,0,0,1,1
16.3523,1.6087,1,200,payment,load,0,0,1,1
16.3648,1.1298,1,200,payment,load,0,0,1,1
16.3674,0.6717,1,200,student_read,load,1,0,1,1
16.3679,1.9409,1,200,payment,load,0,0,1,1
16.3682,0.7173,1,200,student_read,load,1,0,1,1
16.372,0.9244,1,202,enroll,load,0,1,1,1
16.4044,0.9834,1,200,student_read,load,1,0,1,1
16.4049,1.2065,1,202,enroll,load,0,1,1,1
16.405,1.6485,1,200,balance,load,0,0,1,1
16.4051,0.6306,1,200,balance,load,0,0,1,1
16.4088,2.104,1,200,student_read,load,0,0,1,1
16.41,1.2053,1,202,enroll,load,0,1,1,1
16.4255,0.7926,1,200,payment,load,0,0,1,1
16.4283,0.6106,1,200,transcript,load,1,0,1,1
16.4344,2.6348,1,200,payment,load,0,0,1,1
16.4368,0.9091,1,202,enroll,load,0,1,1,1
16.4369,2.6735,1,200,payment,load,0,0,1,1
16.4369,0.2544,0,503,timetable,load,0,0,1,1
16.4405,0.6501,1,200,timetable,load,0,0,1,1
16.4411,0.2502,0,503,timetable,load,0,0,1,1
16.4417,0.7365,1,200,balance,load,0,0,1,1
16.4441,2.534,1,202,payment,load,0,1,1,1
16.4445,1.1975,1,200,balance,load,0,0,1,1
16.4481,0.81,1,202,enroll,load,0,1,1,1
16.4496,1.985,1,202,payment,load,0,1,1,1
16.4509,1.2883,1,202,enroll,load,0,1,1,1
16.4548,0.6354,1,200,transcript,load,1,0,1,1
16.4599,2.1839,1,202,payment,load,0,1,1,1
16.4857,3.1682,1,202,payment,load,0,1,1,1
16.4932,1.2407,1,200,student_read,load,1,0,1,1
16.4933,0.681,1,200,student_read,load,1,0,1,1
16.5031,0.9491,1,200,probe_student,probe,1,0,1,1
16.5055,0.6731,1,200,probe_records,probe,1,0,1,1
16.5078,0.2842,0,503,probe_timetable,probe,0,0,1,1
16.51,0.883,1,200,probe_payment,probe,0,0,1,1
16.5104,0.2803,0,503,timetable,load,0,0,1,1
16.5154,0.9387,1,202,grade,load,0,1,1,1
16.5232,0.2678,0,503,timetable,load,0,0,1,1
16.5328,0.7217,1,200,student_read,load,1,0,1,1
16.5533,0.7932,1,200,balance,load,0,0,1,1
16.5544,0.7003,1,200,timetable,load,0,0,1,1
16.5547,1.8621,1,200,student_read,load,1,0,1,1
16.5553,2.2903,1,200,student_read,load,0,0,1,1
16.5594,1.3469,1,200,payment,load,0,0,1,1
16.5601,0.7946,1,200,student_read,load,1,0,1,1
16.5638,0.6953,1,200,balance,load,0,0,1,1
16.5696,0.8223,1,200,student_read,load,1,0,1,1
16.5821,2.7419,1,202,payment,load,0,1,1,1
16.5904,0.895,1,202,enroll,load,0,1,1,1
16.598,0.7553,1,200,transcript,load,1,0,1,1
16.604,0.96,1,202,enroll,load,0,1,1,1
16.6084,0.8769,1,202,enroll,load,0,1,1,1
16.6162,0.3642,0,503,transcript,load,0,0,1,1
16.621,0.3592,0,503,transcript,load,0,0,1,1
16.6254,0.9261,1,200,balance,load,0,0,1,1
16.6313,1.36,1,200,student_read,load,1,0,1,1
16.6397,3.5557,1,202,enroll,load,0,1,1,1
16.6576,0.7832,1,200,transcript,load,1,0,1,1
16.6578,0.8652,1,200,student_read,load,1,0,1,1
16.6775,0.3558,0,503,transcript,load,0,0,1,1
16.6777,0.9009,1,200,payment,load,0,0,1,1
16.682,0.3518,0,503,transcript,load,0,0,1,1
16.6821,0.7595,1,200,transcript,load,1,0,1,1
16.6913,1.5101,1,200,balance,load,0,0,1,1
16.6914,3.501,1,202,enroll,load,0,1,1,1
16.6962,0.8543,1,200,payment,load,0,0,1,1
16.7047,1.3093,1,200,payment,load,0,0,1,1
16.7104,2.833,1,202,payment,load,0,1,1,1
16.7212,1.1851,1,200,student_read,load,1,0,1,1
16.7214,0.9651,1,200,payment,load,0,0,1,1
16.7332,1.7863,1,200,balance,load,0,0,1,1
16.7573,0.9021,1,200,probe_student,probe,1,0,1,1
16.7589,0.3698,0,503,probe_records,probe,0,0,1,1
16.7611,0.7631,1,200,probe_timetable,probe,0,0,1,1
16.7631,1.4541,1,200,probe_payment,probe,0,0,1,1
16.7653,0.7219,1,200,balance,load,0,0,1,1
16.7907,2.0829,1,202,payment,load,0,1,1,1
16.791,1.5728,1,202,enroll,load,0,1,1,1
16.8046,0.3286,0,503,transcript,load,0,0,1,1
16.805,1.2445,1,200,student_read,load,1,0,1,1
16.8051,0.9207,1,202,enroll,load,0,1,1,1
16.8052,2.7422,1,200,student_read,load,0,0,1,1
16.8159,1.2223,1,200,student_read,load,1,0,1,1
16.8244,0.6942,1,200,student_read,load,1,0,1,1
16.8407,0.9271,1,200,student_read,load,1,0,1,1
16.8436,0.7792,1,202,grade,load,0,1,1,1
16.8446,3.49,1,200,student_read,load,1,0,1,1
16.8459,0.8796,1,200,student_read,load,1,0,1,1
16.8491,0.7099,1,200,transcript,load,1,0,1,1
16.866,0.7575,1,200,timetable,load,0,0,1,1
16.9123,0.3264,0,503,transcript,load,0,0,1,1
16.9134,0.9363,1,200,student_read,load,1,0,1,1
16.9136,1.4311,1,200,student_read,load,1,0,1,1
16.914,1.6929,1,200,payment,load,0,0,1,1
16.9157,2.2252,1,200,enroll,load,0,0,1,1
16.9166,1.7265,1,200,student_read,load,0,0,1,1
16.917,0.7406,1,200,balance,load,0,0,1,1
16.9477,1.1622,1,202,enroll,load,0,1,1,1
16.9585,0.8891,1,200,student_read,load,1,0,1,1
16.9709,0.7588,1,200,balance,load,0,0,1,1
16.9749,0.8682,1,200,student_read,load,1,0,1,1
16.9763,2.9656,1,200,enroll,load,0,0,1,1
16.9771,0.3308,0,503,transcript,load,0,0,1,1
16.9791,0.3222,0,503,transcript,load,0,0,1,1
16.9803,0.8306,1,200,balance,load,0,0,1,1
17.0046,1.2114,1,200,probe_student,probe,1,0,1,1
17.0067,0.7696,1,200,probe_records,probe,1,0,1,1
17.0094,0.3409,0,503,probe_timetable,probe,0,0,1,1
17.0103,1.2447,1,200,student_read,load,1,0,1,1
17.0103,1.2813,1,200,student_read,load,1,0,1,1
17.0115,0.7995,1,200,probe_payment,probe,0,0,1,1
17.0132,2.6409,1,202,payment,load,0,1,1,1
17.0143,0.7997,1,202,grade,load,0,1,1,1
17.0157,0.7963,1,200,timetable,load,0,0,1,1
17.0263,2.8614,1,200,enroll,load,0,0,1,1
17.0265,0.3243,0,503,timetable,load,0,0,1,1
17.0301,0.9874,1,202,grade,load,0,1,1,1
17.0306,0.9649,1,202,enroll,load,0,1,1,1
17.0333,0.7825,1,200,transcript,load,1,0,1,1
17.0338,0.9014,1,200,balance,load,0,0,1,1
17.0357,0.3189,0,503,transcript,load,0,0,1,1
17.0389,0.9745,1,200,balance,load,0,0,1,1
17.0392,0.814,1,200,student_read,load,1,0,1,1
17.0399,1.6478,1,200,student_read,load,1,0,1,1
17.0427,0.7685,1,200,timetable,load,0,0,1,1
17.0465,1.3706,1,200,payment,load,0,0,1,1
17.0661,0.8406,1,200,transcript,load,1,0,1,1
17.0731,1.1615,1,202,enroll,load,0,1,1,1
17.0736,2.8678,1,200,payment,load,0,0,1,1
17.0777,1.1058,1,202,enroll,load,0,1,1,1
17.0809,0.318,0,503,timetable,load,0,0,1,1
17.084,1.149,1,200,timetable,load,0,0,1,1
17.0856,0.8615,1,200,transcript,load,1,0,1,1
17.0901,2.4253,1,200,student_read,load,0,0,1,1
17.0906,0.3664,0,503,timetable,load,0,0,1,1
17.1113,2.055,1,200,payment,load,0,0,1,1
17.1285,0.3286,0,503,timetable,load,0,0,1,1
17.1288,1.1246,1,200,timetable,load,0,0,1,1
17.1332,1.0416,1,202,enroll,load,0,1,1,1
17.1585,0.8357,1,200,payment,load,0,0,1,1
17.1622,0.9475,1,200,student_read,load,1,0,1,1
17.1664,0.7757,1,200,student_read,load,1,0,1,1
17.1743,0.3441,0,503,transcript,load,0,0,1,1
17.1774,1.1638,1,202,enroll,load,0,1,1,1
17.1782,1.2973,1,200,payment,load,0,0,1,1
17.2051,0.3629,0,503,timetable,load,0,0,1,1
17.2058,3.3899,1,200,balance,load,0,0,1,1
17.218,0.9015,1,200,payment,load,0,0,1,1
17.2181,1.4528,1,200,balance,load,0,0,1,1
17.2181,0.3475,0,503,transcript,load,0,0,1,1
17.2381,0.3283,0,503,transcript,load,0,0,1,1
17.2523,0.8155,1,200,probe_student,probe,1,0,1,1
17.2542,0.3586,0,503,probe_records,probe,0,0,1,1
17.2545,0.8133,1,200,transcript,load,1,0,1,1
17.2548,0.9413,1,200,payment,load,0,0,1,1
17.2563,0.8132,1,200,probe_timetable,probe,0,0,1,1
17.2581,1.0346,1,200,payment,load,0,0,1,1
17.2584,1.2833,1,200,probe_payment,probe,0,0,1,1
17.2591,0.3591,0,503,timetable,load,0,0,1,1
17.265,0.8569,1,200,transcript,load,1,0,1,1
17.2656,1.8527,1,200,balance,load,0,0,1,1
17.2685,1.4987,1,200,balance,load,0,0,1,1
17.2697,0.9632,1,200,balance,load,0,0,1,1
17.2847,1.199,1,200,balance,load,0,0,1,1
17.2964,0.9404,1,200,timetable,load,0,0,1,1
17.2995,0.8844,1,202,grade,load,0,1,1,1
17.3013,1.9314,1,200,student_read,load,0,0,1,1
17.3048,1.9139,1,200,balance,load,0,0,1,1
17.3079,0.8163,1,200,balance,load,0,0,1,1
17.3138,1.3892,1,200,payment,load,0,0,1,1
17.3459,2.2617,1,202,payment,load,0,1,1,1
17.3465,1.1837,1,200,timetable,load,0,0,1,1
17.3504,0.3223,0,503,timetable,load,0,0,1,1
17.3508,1.5666,1,200,student_read,load,0,0,1,1
17.3526,1.4971,1,200,balance,load,0,0,1,1
17.3532,2.6974,1,202,enroll,load,0,1,1,1
17.3547,1.047,1,200,payment,load,0,0,1,1
17.3547,2.8736,1,200,student_read,load,0,0,1,1
17.356,0.8236,1,200,transcript,load,1,0,1,1
17.3582,1.0481,1,200,student_read,load,1,0,1,1
17.3809,2.3256,1,200,student_read,load,0,0,1,1
17.3879,0.9048,1,202,grade,load,0,1,1,1
17.3989,1.2047,1,200,student_read,load,1,0,1,1
17.4067,2.6665,1,200,student_read,load,0,0,1,1
17.4408,0.3649,0,503,transcript,load,0,0,1,1
17.4416,0.3644,0,503,transcript,load,0,0,1,1
17.4548,0.8378,1,200,transcript,load,1,0,1,1
17.4566,1.3077,1,200,payment,load,0,0,1,1
17.457,1.0739,1,202,enroll,load,0,1,1,1
17.4571,0.8358,1,200,timetable,load,0,0,1,1
17.4854,1.2733,1,200,enroll,load,0,0,1,1
17.4854,2.109,1,200,payment,load,0,0,1,1
17.4946,2.2581,1,202,enroll,load,0,1,1,1
17.5008,1.2714,1,200,probe_student,probe,0,0,1,1
17.5023,0.8998,1,200,probe_records,probe,1,0,1,1
17.5044,0.3412,0,503,probe_timetable,probe,0,0,1,1
17.5064,0.9,1,200,probe_payment,probe,0,0,1,1
17.514,2.7306,1,202,payment,load,0,1,1,1
17.5185,1.6044,1,200,student_read,load,0,0,1,1
17.5186,0.8831,1,200,timetable,load,0,0,1,1
17.5505,1.1168,1,200,balance,load,0,0,1,1
17.5515,2.7479,1,200,student_read,load,1,0,1,1
17.559,1.2043,1,200,balance,load,0,0,1,1
17.5614,1.1514,1,202,enroll,load,0,1,1,1
17.564,0.3467,0,503,timetable,load,0,0,1,1
17.5656,0.3449,0,503,transcript,load,0,0,1,1
17.5665,2.3304,1,202,payment,load,0,1,1,1
17.568,1.2534,1,200,timetable,load,0,0,1,1
17.5786,2.2659,1,202,grade,load,0,1,1,1
17.6076,0.3544,0,503,timetable,load,0,0,1,1
17.6079,0.3566,0,503,transcript,load,0,0,1,1
17.6111,0.9227,1,200,transcript,load,0,0,1,1
17.6114,0.919,1,200,student_read,load,0,0,1,1
17.6153,0.3501,0,503,transcript,load,0,0,1,1
17.6182,0.912,1,200,timetable,load,0,0,1,1
17.6229,2.3186,1,202,payment,load,0,1,1,1
17.6421,0.3721,0,503,transcript,load,0,0,1,1
17.653,1.296,1,200,timetable,load,0,0,1,1
17.6551,0.9906,1,202,enroll,load,0,1,1,1
17.6576,2.5452,1,200,student_read,load,0,0,1,1
17.6647,2.2811,1,202,payment,load,0,1,1,1
17.6649,2.4312,1,202,enroll,load,0,1,1,1
17.6679,1.8829,1,200,enroll,load,0,0,1,1
17.6728,0.3447,0,503,timetable,load,0,0,1,1
17.6865,1.024,1,200,timetable,load,0,0,1,1
17.7091,1.4562,1,200,balance,load,0,0,1,1
17.7157,0.34,0,503,timetable,load,0,0,1,1
17.7255,0.9225,1,200,transcript,load,0,0,1,1
17.7257,1.2048,1,200,balance,load,0,0,1,1
17.7297,1.4862,1,200,student_read,load,0,0,1,1
17.7305,0.3247,0,503,timetable,load,0,0,1,1
17.7339,1.3312,1,200,student_read,load,0,0,1,1
17.736,2.4696,1,202,enroll,load,0,1,1,1
17.7392,0.3198,0,503,timetable,load,0,0,1,1
17.7621,1.1684,1,200,probe_student,probe,0,0,1,1
17.7637,0.3496,0,503,probe_records,probe,0,0,1,1
17.765,0.9487,1,200,probe_timetable,probe,0,0,1,1
17.7665,1.0336,1,200,probe_payment,probe,0,0,1,1
17.7678,0.345,0,503,transcript,load,0,0,1,1
17.7684,2.1328,1,200,enroll,load,0,0,1,1
17.7974,2.4472,1,202,enroll,load,0,1,1,1
17.8057,2.181,1,200,student_read,load,0,0,1,1
17.806,1.5327,1,200,student_read,load,0,0,1,1
17.8079,1.9657,1,200,student_read,load,0,0,1,1
17.8109,0.9633,1,200,balance,load,0,0,1,1
17.8112,1.0029,1,200,transcript,load,0,0,1,1
17.812,0.9881,1,200,payment,load,0,0,1,1
17.8141,1.1635,1,200,student_read,load,0,0,1,1
17.8158,0.998,1,200,transcript,load,0,0,1,1
17.8235,3.0113,1,202,enroll,load,0,1,1,1
17.8431,2.8656,1,202,enroll,load,0,1,1,1
17.8433,0.3316,0,503,transcript,load,0,0,1,1
17.8435,2.1595,1,200,student_read,load,0,0,1,1
17.8474,1.3453,1,200,timetable,load,0,0,1,1
17.8498,0.3251,0,503,timetable,load,0,0,1,1
17.8532,0.9693,1,200,timetable,load,0,0,1,1
17.8551,4.2518,1,200,student_read,load,0,0,1,1
17.9022,1.4212,1,200,student_read,load,0,0,1,1
17.9063,2.4282,1,202,payment,load,0,1,1,1
17.9063,0.9784,1,200,transcript,load,0,0,1,1
17.9066,0.3141,0,503,transcript,load,0,0,1,1
17.9105,0.9738,1,200,timetable,load,0,0,1,1
17.9108,2.2815,1,202,payment,load,0,1,1,1
17.9352,1.0551,1,200,transcript,load,0,0,1,1
17.9422,0.3228,0,503,transcript,load,0,0,1,1
17.9429,1.8097,1,202,payment,load,0,1,1,1
17.9472,1.2325,1,200,student_read,load,0,0,1,1
17.961,1.5197,1,200,balance,load,0,0,1,1
17.962,1.0326,1,200,timetable,load,0,0,1,1
17.9627,1.0281,1,200,student_read,load,0,0,1,1
17.9655,1.1036,1,200,student_read,load,0,0,1,1
17.9913,1.0731,1,200,transcript,load,0,0,1,1
17.9955,0.3253,0,503,transcript,load,0,0,1,1
18.0103,1.5761,1,200,probe_student,probe,0,0,1,1
18.0119,1.3287,1,200,probe_records,probe,0,0,1,1
18.0131,1.1091,1,200,transcript,load,0,0,1,1
18.0133,0.355,0,503,probe_timetable,probe,0,0,1,1
18.0134,0.981,1,200,balance,load,0,0,1,1
18.014,1.4423,1,200,payment,load,0,0,1,1
18.0142,3.2386,1,202,enroll,load,0,1,1,1
18.0149,1.324,1,200,probe_payment,probe,0,0,1,1
18.017,1.0073,1,200,student_read,load,0,0,1,1
18.0175,1.2475,1,200,payment,load,0,0,1,1
18.0175,2.0818,1,200,student_read,load,0,0,1,1
18.0194,1.4329,1,200,enroll,load,0,0,1,1
18.0382,1.7536,1,200,student_read,load,0,0,1,1
18.0494,1.0324,1,200,timetable,load,0,0,1,1
18.0494,0.3189,0,503,transcript,load,0,0,1,1
18.0552,2.3399,1,202,payment,load,0,1,1,1
18.0559,1.026,1,200,transcript,load,0,0,1,1
18.059,0.3132,0,503,timetable,load,0,0,1,1
18.0679,1.0972,1,200,student_read,load,0,0,1,1
18.1097,1.0127,1,200,student_read,load,0,0,1,1
18.1099,2.3594,1,202,enroll,load,0,1,1,1
18.1128,1.5411,1,200,enroll,load,0,0,1,1
18.1133,1.3054,1,200,student_read,load,0,0,1,1
18.1196,0.3016,0,503,transcript,load,0,0,1,1
18.1206,1.3343,1,200,enroll,load,0,0,1,1
18.1242,1.0072,1,200,transcript,load,0,0,1,1
18.1544,3.2745,1,200,enroll,load,0,0,1,1
18.1638,1.3992,1,200,payment,load,0,0,1,1
18.1749,0.3206,0,503,timetable,load,0,0,1,1
18.1749,0.8494,1,200,balance,load,0,0,1,1
18.1749,2.6619,1,200,balance,load,0,0,1,1
18.1834,1.2094,1,200,balance,load,0,0,1,1
18.1839,1.1504,1,200,transcript,load,0,0,1,1
18.1961,3.591,1,202,payment,load,0,1,1,1
18.2014,0.346,0,503,transcript,load,0,0,1,1
18.2105,1.4776,1,200,student_read,load,0,0,1,1
18.2135,0.3356,0,503,timetable,load,0,0,1,1
18.2141,1.0499,1,200,transcript,load,0,0,1,1
18.2313,0.3802,0,503,transcript,load,0,0,1,1
18.2329,2.2687,1,200,payment,load,0,0,1,1
18.2329,2.8204,1,200,student_read,load,1,0,1,1
18.2346,2.7189,1,202,enroll,load,0,1,1,1
18.2368,0.9824,1,200,payment,load,0,0,1,1
18.2514,1.4521,1,200,probe_student,probe,0,0,1,1
18.2534,1.52,1,200,balance,load,0,0,1,1
18.2535,0.3575,0,503,probe_records,probe,0,0,1,1
18.2551,0.3603,0,503,transcript,load,0,0,1,1
18.2551,0.3593,0,503,transcript,load,0,0,1,1
18.2555,0.3582,0,503,probe_timetable,probe,0,0,1,1
18.2573,1.0145,1,200,probe_payment,probe,0,0,1,1
18.2641,1.3444,1,200,enroll,load,0,0,1,1
18.265,1.7621,1,200,student_read,load,0,0,1,1
18.2917,0.9167,1,200,student_read,load,0,0,1,1
18.2927,2.6612,1,200,payment,load,0,0,1,1
18.2927,2.69,1,202,enroll,load,0,1,1,1
18.2929,1.4597,1,200,enroll,load,0,0,1,1
18.3051,1.1756,1,200,student_read,load,0,0,1,1
18.3088,0.3536,0,503,transcript,load,0,0,1,1
18.3208,1.1934,1,200,transcript,load,0,0,1,1
18.3412,2.414,1,202,grade,load,0,1,1,1
18.3447,1.3624,1,200,student_read,load,0,0,1,1
18.3572,3.43,1,202,enroll,load,0,1,1,1
18.3638,1.0329,1,200,student_read,load,0,0,1,1
18.3683,0.3473,0,503,timetable,load,0,0,1,1
18.3722,2.9684,1,200,enroll,load,0,0,1,1
18.3893,1.4511,1,200,student_read,load,0,0,1,1
18.4017,1.0212,1,200,balance,load,0,0,1,1
18.4018,2.8428,1,202,enroll,load,0,1,1,1
18.4063,1.1444,1,200,balance,load,0,0,1,1
18.4064,0.3676,0,503,transcript,load,0,0,1,1
18.4138,0.3568,0,503,timetable,load,0,0,1,1
18.4168,0.3535,0,503,transcript,load,0,0,1,1
18.4172,0.358,0,503,transcript,load,0,0,1,1
18.4212,0.3569,0,503,transcript,load,0,0,1,1
18.4346,0.3396,0,503,transcript,load,0,0,1,1
18.4599,1.0542,1,200,timetable,load,0,0,1,1
18.4756,1.4209,1,200,payment,load,0,0,1,1
18.4838,1.2687,1,200,payment,load,0,0,1,1
18.4955,1.1998,1,202,payment,load,0,1,1,1
18.5071,1.9919,1,200,probe_student,probe,0,0,1,1
18.5088,1.4424,1,200,probe_records,probe,0,0,1,1
18.5106,0.3409,0,503,probe_timetable,probe,0,0,1,1
18.5125,1.5141,1,200,probe_payment,probe,1,0,1,1
18.5128,1.0425,1,200,transcript,load,0,0,1,1
18.5144,0.3388,0,503,transcript,load,0,0,1,1
18.5195,1.4314,1,200,transcript,load,0,0,1,1
18.5302,0.324,0,503,timetable,load,0,0,1,1
18.5302,2.522,1,200,balance,load,0,0,1,1
18.5305,0.3219,0,503,transcript,load,0,0,1,1
18.5308,0.3218,0,503,transcript,load,0,0,1,1
18.5339,2.4495,1,202,enroll,load,0,1,1,1
18.5475,0.8712,1,200,balance,load,0,0,1,1
18.5492,0.3395,0,503,transcript,load,0,0,1,1
18.5693,1.0425,1,200,transcript,load,0,0,1,1
18.6037,2.149,1,200,student_read,load,1,0,1,1
18.6068,0.2968,0,503,transcript,load,0,0,1,1
18.607,1.1741,1,200,transcript,load,0,0,1,1
18.6094,1.1716,1,200,transcript,load,0,0,1,1
18.6116,2.219,1,202,payment,load,0,1,1,1
18.6145,1.1774,1,200,student_read,load,0,0,1,1
18.6154,1.6292,1,200,student_read,load,1,0,1,1
18.6431,1.0306,1,200,transcript,load,0,0,1,1
18.648,1.0799,1,202,payment,load,0,1,1,1
18.6607,1.4821,1,200,payment,load,0,0,1,1
18.6625,0.2781,0,503,transcript,load,0,0,1,1
18.6673,1.1696,1,200,balance,load,0,0,1,1
18.6709,1.9829,1,200,balance,load,0,0,1,1
18.6877,0.8555,1,200,balance,load,0,0,1,1
18.7028,2.6503,1,200,enroll,load,0,0,1,1
18.7085,0.273,0,503,transcript,load,0,0,1,1
18.7105,1.6274,1,200,student_read,load,0,0,1,1
18.7157,1.529,1,200,payment,load,0,0,1,1
18.7174,2.211,1,202,payment,load,0,1,1,1
18.7552,1.5439,1,200,probe_student,probe,1,0,1,1
18.7569,0.2746,0,503,probe_records,probe,0,0,1,1
18.7587,1.0262,1,200,probe_timetable,probe,0,0,1,1
18.7588,0.273,0,503,timetable,load,0,0,1,1
18.7604,0.9924,1,200,probe_payment,probe,1,0,1,1
18.7619,1.3565,1,200,student_read,load,0,0,1,1
18.7634,1.0213,1,200,timetable,load,0,0,1,1
18.7643,1.0165,1,200,student_read,load,0,0,1,1
18.7673,1.3317,1,200,payment,load,0,0,1,1
18.7703,0.8243,1,200,student_read,load,0,0,1,1
18.7706,2.0811,1,200,student_read,load,0,0,1,1
18.7742,1.6749,1,200,balance,load,0,0,1,1
18.7742,1.2405,1,202,payment,load,0,1,1,1
18.7752,0.3565,0,503,timetable,load,0,0,1,1
18.7782,1.062,1,200,student_read,load,0,0,1,1
18.8001,1.7407,1,200,student_read,load,0,0,1,1
18.8049,2.1816,1,200,balance,load,0,0,1,1
18.8138,1.5621,1,200,student_read,load,0,0,1,1
18.8142,2.5184,1,202,enroll,load,0,1,1,1
18.8214,1.8372,1,202,enroll,load,0,1,1,1
18.8226,3.1629,1,202,enroll,load,0,1,1,1
18.8456,1.1416,1,200,student_read,load,0,0,1,1
18.8459,0.2802,0,503,transcript,load,0,0,1,1
18.8498,1.1653,1,200,enroll,load,0,0,1,1
18.8524,1.2058,1,200,payment,load,0,0,1,1
18.8526,1.8528,1,202,enroll,load,0,1,1,1
18.8542,0.9943,1,200,balance,load,0,0,1,1
18.8639,1.9049,1,200,student_read,load,0,0,1,1
18.8736,1.7819,1,200,student_read,load,1,0,1,1
18.8843,0.2902,0,503,timetable,load,0,0,1,1
18.8848,1.3701,1,200,payment,load,0,0,1,1
18.8887,1.9835,1,200,enroll,load,0,0,1,1
18.9105,1.5195,1,200,student_read,load,0,0,1,1
18.9174,0.302,0,503,transcript,load,0,0,1,1
18.9305,2.2675,1,202,enroll,load,0,1,1,1
18.9406,0.9432,1,200,grade,load,0,0,1,1
18.949,0.3204,0,503,timetable,load,0,0,1,1
18.9576,0.3856,0,503,transcript,load,0,0,1,1
18.9776,0.4191,0,503,transcript,load,0,0,1,1
18.9781,1.2592,1,200,enroll,load,0,0,1,1
18.9903,0.4104,0,503,transcript,load,0,0,1,1
18.9945,2.2514,1,202,payment,load,0,1,1,1
18.9946,1.1977,1,200,student_read,load,0,0,1,1
19.0039,1.9457,1,200,probe_student,probe,0,0,1,1
19.0055,0.3917,0,503,probe_records,probe,0,0,1,1
19.0077,0.3165,0,503,probe_timetable,probe,0,0,1,1
19.0097,1.141,1,200,probe_payment,probe,0,0,1,1
19.0154,1.7524,1,202,enroll,load,0,1,1,1
19.0244,0.3034,0,503,transcript,load,0,0,1,1
19.0318,1.2931,1,200,payment,load,0,0,1,1
19.0644,1.1566,1,200,student_read,load,0,0,1,1
19.0651,0.3954,0,503,timetable,load,0,0,1,1
19.067,0.4835,0,503,transcript,load,0,0,1,1
19.0692,0.394,0,503,transcript,load,0,0,1,1
19.0692,2.175,1,202,grade,load,0,1,1,1
19.0817,1.1666,1,200,student_read,load,1,0,1,1
19.1104,0.4091,0,503,transcript,load,0,0,1,1
19.114,0.3138,0,503,timetable,load,0,0,1,1
19.1184,1.2161,1,200,payment,load,0,0,1,1
19.1221,0.9805,1,200,balance,load,0,0,1,1
19.1225,0.397,0,503,transcript,load,0,0,1,1
19.123,0.3046,0,503,timetable,load,0,0,1,1
19.1261,2.3121,1,202,payment,load,0,1,1,1
19.1315,1.1169,1,200,balance,load,0,0,1,1
19.1318,1.0682,1,200,payment,load,0,0,1,1
19.1409,1.0972,1,200,balance,load,0,0,1,1
19.16,1.2064,1,200,payment,load,0,0,1,1
19.1651,0.3238,0,503,transcript,load,0,0,1,1
19.1653,0.3229,0,503,transcript,load,0,0,1,1
19.1745,0.3884,0,503,timetable,load,0,0,1,1
19.1796,0.3099,0,503,transcript,load,0,0,1,1
19.1926,0.9514,1,200,student_read,load,0,0,1,1
19.2069,2.174,1,202,payment,load,0,1,1,1
19.2084,0.3552,0,503,transcript,load,0,0,1,1
19.216,1.1827,1,202,enroll,load,0,1,1,1
19.2187,0.3477,0,503,transcript,load,0,0,1,1
19.2192,0.3252,0,503,transcript,load,0,0,1,1
19.2195,1.3721,1,200,student_read,load,0,0,1,1
19.2328,1.4261,1,200,student_read,load,1,0,1,1
19.2537,1.9631,1,200,probe_student,probe,1,0,1,1
19.2557,0.3402,0,503,probe_records,probe,0,0,1,1
19.2576,0.5229,0,503,probe_timetable,probe,0,0,1,1
19.2605,1.1079,1,200,probe_payment,probe,0,0,1,1
19.2641,0.3338,0,503,transcript,load,0,0,1,1
19.265,1.0352,1,200,balance,load,0,0,1,1
19.2656,0.5674,0,503,transcript,load,0,0,1,1
19.2694,1.0108,1,200,balance,load,0,0,1,1
19.3153,0.3454,0,503,timetable,load,0,0,1,1
19.3234,1.6593,1,200,student_read,load,0,0,1,1
19.3237,3.0305,1,200,enroll,load,0,0,1,1
19.324,2.4864,1,200,enroll,load,0,0,1,1
19.3278,2.6615,1,202,payment,load,0,1,1,1
19.3343,2.3643,1,202,enroll,load,0,1,1,1
19.3387,0.3724,0,503,transcript,load,0,0,1,1
19.3621,0.3704,0,503,transcript,load,0,0,1,1
19.3928,2.2012,1,202,enroll,load,0,1,1,1
19.3967,1.686,1,202,enroll,load,0,1,1,1
19.3968,1.098,1,202,enroll,load,0,1,1,1
19.4007,2.1929,1,202,grade,load,0,1,1,1
19.4086,0.355,0,503,timetable,load,0,0,1,1
19.4187,0.3373,0,503,transcript,load,0,0,1,1
19.423,2.412,1,202,payment,load,0,1,1,1
19.4276,2.4578,1,200,balance,load,0,0,1,1
19.4523,0.3439,0,503,timetable,load,0,0,1,1
19.4549,1.7929,1,200,enroll,load,0,0,1,1
19.4564,2.1375,1,202,grade,load,0,1,1,1
19.4592,1.4698,1,202,enroll,load,0,1,1,1
19.4606,0.3363,0,503,transcript,load,0,0,1,1
19.4632,2.7073,1,202,payment,load,0,1,1,1
19.4807,0.9144,1,200,balance,load,0,0,1,1
19.4882,2.1436,1,202,grade,load,0,1,1,1
19.4889,2.0652,1,200,balance,load,0,0,1,1
19.4895,1.4564,1,200,balance,load,0,0,1,1
19.5141,1.0795,1,200,probe_student,probe,0,0,1,1
19.5143,0.8806,1,200,balance,load,0,0,1,1
19.5155,0.3328,0,503,transcript,load,0,0,1,1
19.5164,0.3902,0,503,probe_records,probe,0,0,1,1
19.5185,0.3322,0,503,probe_timetable,probe,0,0,1,1
19.5195,1.1752,1,200,balance,load,0,0,1,1
19.5196,0.3341,0,503,transcript,load,0,0,1,1
19.5205,0.9751,1,200,probe_payment,probe,0,0,1,1
19.5223,0.9746,1,200,payment,load,0,0,1,1
19.5433,1.7272,1,200,student_read,load,1,0,1,1
19.5445,0.4663,0,503,transcript,load,0,0,1,1
19.5474,2.8002,1,202,payment,load,0,1,1,1
19.5508,2.0411,1,200,student_read,load,0,0,1,1
19.5508,0.9867,1,200,student_read,load,1,0,1,1
19.5553,1.347,1,200,student_read,load,0,0,1,1
19.563,1.277,1,202,enroll,load,0,1,1,1
19.563,1.5835,1,200,payment,load,0,0,1,1
19.5636,2.2967,1,202,payment,load,0,1,1,1
19.5664,0.9716,1,200,grade,load,0,0,1,1
19.5945,1.9614,1,200,enroll,load,0,0,1,1
19.5946,0.3156,0,503,timetable,load,0,0,1,1
19.5979,0.313,0,503,transcript,load,0,0,1,1
19.6077,1.1484,1,202,enroll,load,0,1,1,1
19.6085,1.1859,1,200,student_read,load,0,0,1,1
19.6538,0.3648,0,503,transcript,load,0,0,1,1
19.6539,1.3412,1,200,student_read,load,1,0,1,1
19.6539,0.3642,0,503,transcript,load,0,0,1,1
19.6607,1.1531,1,200,student_read,load,0,0,1,1
19.6738,2.1763,1,202,payment,load,0,1,1,1
19.6954,0.2952,0,503,transcript,load,0,0,1,1
19.7064,0.2847,0,503,timetable,load,0,0,1,1
19.7065,0.2845,0,503,timetable,load,0,0,1,1
19.7071,1.0413,1,200,balance,load,0,0,1,1
19.7111,1.4822,1,202,enroll,load,0,1,1,1
19.728,1.9946,1,200,payment,load,0,0,1,1
19.7525,2.0826,1,202,payment,load,0,1,1,1
19.7526,1.7369,1,200,balance,load,0,0,1,1
19.7527,0.3502,0,503,transcript,load,0,0,1,1
19.7527,0.9958,1,200,balance,load,0,0,1,1
19.7528,1.636,1,200,probe_student,probe,1,0,1,1
19.7547,0.3257,0,503,probe_records,probe,0,0,1,1
19.756,0.8396,1,200,balance,load,0,0,1,1
19.7568,0.3473,0,503,probe_timetable,probe,0,0,1,1
19.7588,1.3566,1,200,probe_payment,probe,0,0,1,1
19.7676,2.0673,1,202,grade,load,0,1,1,1
19.7734,0.4267,0,503,transcript,load,0,0,1,1
19.7807,0.3003,0,503,transcript,load,0,0,1,1
19.781,0.2998,0,503,timetable,load,0,0,1,1
19.7811,1.993,1,200,enroll,load,0,0,1,1
19.7847,2.2744,1,202,enroll,load,0,1,1,1
19.7919,0.3159,0,503,transcript,load,0,0,1,1
19.7919,1.0004,1,200,student_read,load,1,0,1,1
19.7962,0.2882,0,503,timetable,load,0,0,1,1
19.7969,1.0504,1,200,student_read,load,1,0,1,1
19.8085,2.2476,1,202,payment,load,0,1,1,1
19.837,0.3209,0,503,transcript,load,0,0,1,1
19.8402,1.2814,1,200,payment,load,0,0,1,1
19.8404,0.3203,0,503,transcript,load,0,0,1,1
19.8446,0.3136,0,503,timetable,load,0,0,1,1
19.8483,2.0992,1,202,payment,load,0,1,1,1
19.8485,0.3149,0,503,transcript,load,0,0,1,1
19.8537,2.007,1,202,grade,load,0,1,1,1
19.8558,0.3015,0,503,timetable,load,0,0,1,1
19.8838,0.3138,0,503,transcript,load,0,0,1,1
19.8878,1.9578,1,200,enroll,load,0,0,1,1
19.8966,0.3155,0,503,transcript,load,0,0,1,1
19.8969,1.351,1,202,enroll,load,0,1,1,1
19.9072,1.7777,1,200,balance,load,0,0,1,1
19.9103,1.4782,1,200,student_read,load,1,0,1,1
19.9109,2.4924,1,200,student_read,load,0,0,1,1
19.9414,0.317,0,503,transcript,load,0,0,1,1
19.9415,1.5936,1,200,balance,load,0,0,1,1
19.9419,1.2786,1,200,payment,load,0,0,1,1
19.9459,2.5086,1,202,payment,load,0,1,1,1
19.951,2.1051,1,202,grade,load,0,1,1,1
19.9642,1.0584,1,200,student_read,load,0,0,1,1
19.9867,0.2963,0,503,transcript,load,0,0,1,1
19.9872,0.3214,0,503,timetable,load,0,0,1,1
19.9906,0.3184,0,503,transcript,load,0,0,1,1
19.991,0.937,1,200,balance,load,0,0,1,1
20.003,1.4295,1,200,student_read,load,0,0,1,1
20.0108,1.2358,1,200,probe_student,probe,0,0,1,1
20.0108,0.8835,1,200,balance,load,0,0,1,1
20.0124,0.2715,0,503,probe_records,probe,0,0,1,1
20.0141,0.3214,0,503,probe_timetable,probe,0,0,1,1
20.0148,0.935,1,200,transcript,load,0,0,1,1
20.015,0.9346,1,202,enroll,load,0,1,1,1
20.0162,0.7725,1,200,probe_payment,probe,0,0,1,1
20.0182,1.2387,1,200,student_read,load,0,0,1,1
20.0182,1.7519,1,202,enroll,load,0,1,1,1
20.0186,0.9678,1,202,enroll,load,0,1,1,1
20.0271,1.4691,1,200,balance,load,0,0,1,1
20.0507,1.3587,1,200,student_read,load,0,0,1,1
20.0573,1.7998,1,200,payment,load,0,0,1,1
20.0583,0.2798,0,503,transcript,load,0,0,1,1
20.0808,1.2719,1,200,payment,load,0,0,1,1
20.081,2.2523,1,200,student_read,load,0,0,1,1
20.0844,0.9835,1,200,balance,load,0,0,1,1
20.096,1.0625,1,200,student_read,load,0,0,1,1
20.099,0.2684,0,503,transcript,load,0,0,1,1
20.0993,0.7724,1,200,grade,load,0,0,1,1
20.1026,0.2968,0,503,transcript,load,0,0,1,1
20.1029,1.0208,1,202,enroll,load,0,1,1,1
20.1046,0.2914,0,503,transcript,load,0,0,1,1
20.1078,0.2634,0,503,transcript,load,0,0,1,1
20.1392,2.032,1,202,grade,load,0,1,1,1
20.1441,0.8719,1,200,student_read,load,1,0,1,1
20.1574,0.2496,0,503,timetable,load,0,0,1,1
20.1578,0.3072,0,503,transcript,load,0,0,1,1
20.1582,1.9274,1,202,payment,load,0,1,1,1
20.1607,0.304,0,503,transcript,load,0,0,1,1
20.1634,1.0183,1,200,student_read,load,0,0,1,1
20.1923,1.1183,1,200,student_read,load,0,0,1,1
20.1923,1.8683,1,202,grade,load,0,1,1,1
20.1924,1.3578,1,200,student_read,load,1,0,1,1
20.1942,1.9392,1,202,enroll,load,0,1,1,1
20.1954,0.2569,0,503,timetable,load,0,0,1,1
20.1976,1.6095,1,200,balance,load,0,0,1,1
20.2,1.6473,1,200,student_read,load,1,0,1,1
20.2001,2.0996,1,200,student_read,load,0,0,1,1
20.2029,0.2496,0,503,transcript,load,0,0,1,1
20.2057,0.9998,1,200,balance,load,0,0,1,1
20.2103,0.8618,1,200,student_read,load,1,0,1,1
20.2121,0.2437,0,503,transcript,load,0,0,1,1
20.221,0.3272,0,503,transcript,load,0,0,1,1
20.2283,0.32,0,503,transcript,load,0,0,1,1
20.2373,0.2573,0,503,transcript,load,0,0,1,1
20.2381,1.1147,1,202,enroll,load,0,1,1,1
20.2446,2.5817,1,200,payment,load,0,0,1,1
20.2446,2.1009,1,202,payment,load,0,1,1,1
20.2447,1.1358,1,200,student_read,load,0,0,1,1
20.2484,0.3037,0,503,transcript,load,0,0,1,1
20.2484,1.1241,1,200,balance,load,0,0,1,1
20.2539,1.6422,1,200,probe_student,probe,1,0,1,1
20.2549,0.2664,0,503,transcript,load,0,0,1,1
20.2553,0.2941,0,503,probe_records,probe,0,0,1,1
20.2567,0.2651,0,503,probe_timetable,probe,0,0,1,1
20.2585,2.8326,1,202,enroll,load,0,1,1,1
20.2587,1.074,1,200,probe_payment,probe,0,0,1,1
20.2642,1.7964,1,200,student_read,load,0,0,1,1
20.2803,1.2097,1,200,balance,load,0,0,1,1
20.283,0.9613,1,200,balance,load,0,0,1,1
20.2994,1.7186,1,200,student_read,load,1,0,1,1
20.3003,1.5173,1,200,payment,load,0,0,1,1
20.3083,0.3012,0,503,timetable,load,0,0,1,1
20.3087,1.1262,1,200,balance,load,0,0,1,1
20.3089,0.8177,1,200,balance,load,0,0,1,1
20.3249,1.2206,1,200,student_read,load,0,0,1,1
20.3345,0.8352,1,200,balance,load,0,0,1,1
20.3346,0.2369,0,503,timetable,load,0,0,1,1
20.3346,2.6797,1,202,payment,load,0,1,1,1
20.3379,1.1034,1,200,student_read,load,1,0,1,1
20.3381,1.8562,1,202,payment,load,0,1,1,1
20.3543,2.5298,1,202,payment,load,0,1,1,1
20.3674,0.3471,0,503,transcript,load,0,0,1,1
20.3712,0.2942,0,503,timetable,load,0,0,1,1
20.376,0.3305,0,503,transcript,load,0,0,1,1
20.3949,0.3116,0,503,timetable,load,0,0,1,1
20.3951,0.2641,0,503,timetable,load,0,0,1,1
20.3952,1.1505,1,200,payment,load,0,0,1,1
20.3987,0.2627,0,503,transcript,load,0,0,1,1
20.3995,0.2685,0,503,transcript,load,0,0,1,1
20.407,0.3001,0,503,transcript,load,0,0,1,1
20.4491,0.3111,0,503,timetable,load,0,0,1,1
20.4523,0.929,1,200,payment,load,0,0,1,1
20.4525,1.2916,1,200,student_read,load,0,0,1,1
20.4557,1.7434,1,202,grade,load,0,1,1,1
20.4591,0.7856,1,200,balance,load,0,0,1,1
20.4647,0.2833,0,503,transcript,load,0,0,1,1
20.465,1.3247,1,202,enroll,load,0,1,1,1
20.4693,0.2938,0,503,timetable,load,0,0,1,1
20.4946,1.3673,1,200,balance,load,0,0,1,1
20.4948,0.8303,1,200,student_read,load,1,0,1,1
20.5015,1.4382,1,200,probe_student,probe,0,0,1,1
20.5016,0.6764,1,200,balance,load,0,0,1,1
20.5032,0.2891,0,503,probe_records,probe,0,0,1,1
20.5053,0.3559,0,503,probe_timetable,probe,0,0,1,1
20.5066,0.8469,1,200,probe_payment,probe,0,0,1,1
20.5134,0.3515,0,503,timetable,load,0,0,1,1
20.5213,2.2657,1,202,payment,load,0,1,1,1
20.5376,1.0918,1,200,balance,load,0,0,1,1
20.5381,1.0603,1,202,enroll,load,0,1,1,1
20.5408,1.7127,1,202,grade,load,0,1,1,1
20.5483,0.9099,1,200,balance,load,0,0,1,1
20.5484,2.6243,1,202,payment,load,0,1,1,1
20.5521,0.2786,0,503,transcript,load,0,0,1,1
20.5667,1.7994,1,202,payment,load,0,1,1,1
20.5716,1.0284,1,200,balance,load,0,0,1,1
20.5915,0.2836,0,503,transcript,load,0,0,1,1
20.5957,0.3162,0,503,transcript,load,0,0,1,1
20.6095,0.3041,0,503,timetable,load,0,0,1,1
20.6538,0.2965,0,503,timetable,load,0,0,1,1
20.6555,1.0993,1,200,student_read,load,0,0,1,1
20.6575,0.2377,0,503,transcript,load,0,0,1,1
20.6586,0.298,0,503,transcript,load,0,0,1,1
20.6589,0.2398,0,503,transcript,load,0,0,1,1
20.6592,1.51,1,200,student_read,load,0,0,1,1
20.6614,0.2331,0,503,timetable,load,0,0,1,1
20.6654,0.8957,1,200,grade,load,0,0,1,1
20.668,1.6367,1,202,grade,load,0,1,1,1
20.6947,0.2397,0,503,transcript,load,0,0,1,1
20.7054,1.828,1,200,payment,load,0,0,1,1
20.7065,1.2488,1,200,student_read,load,1,0,1,1
20.7065,0.8918,1,200,enroll,load,0,0,1,1
20.7072,0.2838,0,503,timetable,load,0,0,1,1
20.7087,0.2254,0,503,timetable,load,0,0,1,1
20.7145,0.2763,0,503,timetable,load,0,0,1,1
20.748,1.6132,1,200,student_read,load,0,0,1,1
20.7484,0.8811,1,200,balance,load,0,0,1,1
20.7485,0.8204,1,200,student_read,load,1,0,1,1
20.7527,0.2807,0,503,transcript,load,0,0,1,1
20.7539,1.3483,1,200,probe_student,probe,0,0,1,1
20.7552,1.1667,1,200,enroll,load,0,0,1,1
20.7559,0.2769,0,503,probe_records,probe,0,0,1,1
20.756,0.2342,0,503,timetable,load,0,0,1,1
20.7578,0.2309,0,503,probe_timetable,probe,0,0,1,1
20.7598,1.3349,1,200,probe_payment,probe,0,0,1,1
20.7602,0.276,0,503,timetable,load,0,0,1,1
20.7631,1.0242,1,200,payment,load,0,0,1,1
20.7688,0.9274,1,200,student_read,load,0,0,1,1
20.7923,1.2157,1,200,balance,load,0,0,1,1
20.8137,1.0332,1,200,student_read,load,0,0,1,1
20.8307,1.1517,1,200,payment,load,0,0,1,1
20.8307,1.7564,1,200,grade,load,0,0,1,2
20.8348,1.2627,1,200,student_read,load,0,0,1,1
20.8369,0.2185,0,503,timetable,load,0,0,1,1
20.84,0.9303,1,200,grade,load,0,0,1,1
20.8473,0.2721,0,503,timetable,load,0,0,1,1
20.8517,0.204,0,503,transcript,load,0,0,1,1
20.8613,1.0008,1,200,enroll,load,0,0,1,1
20.8717,2.4167,1,202,payment,load,0,1,1,1
20.8722,0.2984,0,503,transcript,load,0,0,1,1
20.8752,0.2952,0,503,transcript,load,0,0,1,1
20.8943,0.1945,0,503,transcript,load,0,0,1,1
20.8945,0.2766,0,503,transcript,load,0,0,1,1
20.8987,0.9111,1,200,payment,load,0,0,1,1
20.9023,0.2214,0,503,timetable,load,0,0,1,1
20.9084,0.2626,0,503,transcript,load,0,0,1,1
20.9121,0.2176,0,503,transcript,load,0,0,1,1
20.9281,0.2819,0,503,transcript,load,0,0,1,1
20.9284,0.2814,0,503,transcript,load,0,0,1,1
20.9341,0.7315,1,202,enroll,load,0,1,1,1
20.9344,0.2775,0,503,timetable,load,0,0,1,1
20.946,1.0883,1,200,student_read,load,0,0,1,1
20.9496,0.7753,1,200,grade,load,0,0,1,1
20.9498,0.1993,0,503,transcript,load,0,0,1,1
20.9503,1.4694,1,200,enroll,load,0,0,1,1
20.9535,1.105,1,200,grade,load,0,0,1,1
20.9539,2.7,1,202,payment,load,0,1,1,1
20.9549,0.8829,1,202,enroll,load,0,1,1,1
20.9566,0.7936,1,200,enroll,load,0,0,1,1
20.9827,0.2773,0,503,timetable,load,0,0,1,1
20.9827,0.7543,1,200,student_read,load,1,0,1,1
20.9834,0.7695,1,200,student_read,load,0,0,1,1
20.9864,0.2695,0,503,transcript,load,0,0,1,1
20.9903,0.2026,0,503,timetable,load,0,0,1,1
20.9908,0.2629,0,503,timetable,load,0,0,1,1
20.9951,0.2265,0,503,transcript,load,0,0,1,1
21.0041,1.3187,1,200,probe_student,probe,0,0,1,1
21.0059,0.2159,0,503,probe_records,probe,0,0,1,1
21.0076,0.29,0,503,probe_timetable,probe,0,0,1,1
21.0093,0.9122,1,200,probe_payment,probe,0,0,1,1
21.0159,1.1898,1,200,balance,load,0,0,1,1
21.016,0.2824,0,503,transcript,load,0,0,1,1
21.0334,0.2647,0,503,transcript,load,0,0,1,1
21.0362,0.6604,1,200,balance,load,0,0,1,1
21.0522,0.1987,0,503,transcript,load,0,0,1,1
21.0533,0.8327,1,200,student_read,load,1,0,1,1
21.0553,0.2002,0,503,timetable,load,0,0,1,1
21.0557,0.2854,0,503,transcript,load,0,0,1,1
21.0657,0.2079,0,503,timetable,load,0,0,1,1
21.0679,0.655,1,200,balance,load,0,0,1,1
21.0827,0.8402,1,200,transcript,load,0,0,1,1
21.0889,0.9287,1,200,student_read,load,0,0,1,1
21.1121,0.9811,1,202,enroll,load,0,1,1,1
21.1194,0.9641,1,200,balance,load,0,0,1,1
21.1216,0.2059,0,503,transcript,load,0,0,1,1
21.1237,0.9328,1,200,balance,load,0,0,1,1
21.1238,1.883,1,202,payment,load,0,1,1,1
21.1266,0.2043,0,503,transcript,load,0,0,1,1
21.1298,1.0194,1,200,grade,load,0,0,1,1
21.1491,0.1855,0,503,timetable,load,0,0,1,1
21.1585,1.0471,1,200,balance,load,0,0,1,1
21.159,0.7856,1,202,enroll,load,0,1,1,1
21.1698,0.9519,1,200,balance,load,0,0,1,1
21.1704,1.977,1,202,payment,load,0,1,1,1
21.1707,1.7133,1,202,payment,load,0,1,1,1
21.171,0.1821,0,503,transcript,load,0,0,1,1
21.178,1.2958,1,200,payment,load,0,0,1,1
21.1817,0.9585,1,200,enroll,load,0,0,1,1
21.1929,0.792,1,200,balance,load,0,0,1,1
21.1934,0.7282,1,200,payment,load,0,0,1,1
21.198,0.8255,1,200,enroll,load,0,0,1,1
21.2052,1.0802,1,200,student_read,load,0,0,1,1
21.2054,0.9136,1,200,student_read,load,0,0,1,1
21.2098,0.1795,0,503,transcript,load,0,0,1,1
21.21,0.7959,1,200,payment,load,0,0,1,1
21.2119,0.821,1,200,student_read,load,1,0,1,1
21.2205,0.3407,0,503,timetable,load,0,0,1,1
21.2216,1.0433,1,200,student_read,load,0,0,1,1
21.2443,0.3198,0,503,timetable,load,0,0,1,1
21.2443,0.3181,0,503,transcript,load,0,0,1,1
21.2447,0.1896,0,503,transcript,load,0,0,1,1
21.246,0.1885,0,503,transcript,load,0,0,1,1
21.2478,1.8993,1,202,payment,load,0,1,1,1
21.248,0.5693,1,200,student_read,load,0,0,1,1
21.2509,1.0942,1,200,student_read,load,0,0,1,1
21.2514,0.7542,1,200,probe_student,probe,1,0,1,1
21.2528,1.1162,1,200,student_read,load,0,0,1,1
21.2537,0.3081,0,503,probe_records,probe,0,0,1,1
21.2537,0.3096,0,503,timetable,load,0,0,1,1
21.2556,0.6898,1,200,balance,load,0,0,1,1
21.2559,0.2058,0,503,probe_timetable,probe,0,0,1,1
21.2559,0.7755,1,200,payment,load,0,0,1,1
21.2569,0.9924,1,200,student_read,load,0,0,1,1
21.258,0.8848,1,200,probe_payment,probe,0,0,1,1
21.26,0.3039,0,503,timetable,load,0,0,1,1
21.2651,0.6584,1,200,balance,load,0,0,1,1
21.2705,0.1877,0,503,transcript,load,0,0,1,1
21.2981,0.7115,1,200,student_read,load,0,0,1,1
21.2984,0.3098,0,503,transcript,load,0,0,1,1
21.3106,1.701,1,202,grade,load,0,1,1,1
21.3152,0.9612,1,200,enroll,load,0,0,1,1
21.3251,1.0292,1,200,balance,load,0,0,1,1
21.3275,0.637,1,200,student_read,load,1,0,1,1
21.3309,0.9089,1,200,student_read,load,0,0,1,1
21.3326,0.205,0,503,transcript,load,0,0,1,1
21.3346,0.2341,0,503,timetable,load,0,0,1,1
21.3406,0.3456,0,503,transcript,load,0,0,1,1
21.3411,0.3451,0,503,timetable,load,0,0,1,1
21.3528,0.814,1,200,student_read,load,0,0,1,1
21.3529,1.661,1,200,enroll,load,0,0,1,1
21.3531,0.216,0,503,transcript,load,0,0,1,1
21.3532,0.5331,1,200,student_read,load,0,0,1,1
21.3616,1.9274,1,202,enroll,load,0,1,1,1
21.3725,1.0367,1,200,student_read,load,0,0,1,1
21.3805,1.0338,1,200,student_read,load,0,0,1,1
21.3813,0.2145,0,503,transcript,load,0,0,1,1
21.3885,0.2073,0,503,transcript,load,0,0,1,1
21.3893,0.651,1,200,grade,load,0,0,1,1
21.4091,0.3675,0,503,timetable,load,0,0,1,1
21.4094,0.3672,0,503,transcript,load,0,0,1,1
21.429,1.1884,1,200,enroll,load,0,0,1,1
21.4325,0.6438,1,200,student_read,load,0,0,1,1
21.4343,0.638,1,200,student_read,load,0,0,1,1
21.4345,0.342,0,503,transcript,load,0,0,1,1
21.4348,0.1974,0,503,transcript,load,0,0,1,1
21.4383,0.7397,1,200,payment,load,0,0,1,1
21.4413,0.3372,0,503,transcript,load,0,0,1,1
21.4557,0.4911,1,200,student_read,load,0,0,1,1
21.4582,0.6883,1,200,student_read,load,0,0,1,1
21.4582,0.8867,1,200,balance,load,0,0,1,1
21.4895,0.5324,1,200,balance,load,0,0,1,1
21.4901,0.5859,1,200,payment,load,0,0,1,1
21.4965,0.7132,1,200,payment,load,0,0,1,1
21.5009,0.6711,1,200,probe_student,probe,0,0,1,1
21.5027,0.2232,0,503,probe_records,probe,0,0,1,1
21.5048,0.3478,0,503,probe_timetable,probe,0,0,1,1
21.507,0.5101,1,200,probe_payment,probe,0,0,1,1
21.518,2.0581,1,202,enroll,load,0,1,1,1
21.5377,0.8691,1,200,payment,load,0,0,1,1
21.5457,1.8147,1,202,payment,load,0,1,1,1
21.5559,0.2979,0,503,transcript,load,0,0,1,1
21.5619,0.5142,1,200,student_read,load,0,0,1,1
21.6069,0.671,1,200,balance,load,0,0,1,1
21.6566,0.3831,1,200,transcript,load,0,0,1,1
21.7201,0.6133,1,200,payment,load,0,0,1,1
21.7511,0.3475,1,200,probe_student,probe,0,0,1,1
21.7532,0.5664,1,200,probe_records,probe,0,0,1,1
21.7549,0.3351,1,200,probe_timetable,probe,0,0,1,1
21.7563,0.5681,1,200,probe_payment,probe,0,0,1,1
21.7619,0.3632,1,200,student_read,load,0,0,1,1
21.8132,0.7579,1,200,grade,load,0,0,1,1
21.8571,0.2463,1,200,transcript,load,0,0,1,1
21.9055,0.5018,1,200,timetable,load,0,0,1,1
21.967,0.5902,1,200,enroll,load,0,0,1,1
22.0057,0.4135,1,200,probe_student,probe,0,0,1,1
22.008,0.1192,1,200,probe_records,probe,0,0,1,1
22.0103,0.4013,1,200,probe_timetable,probe,0,0,1,1
22.0123,0.0998,1,200,probe_payment,probe,0,0,1,1
22.0171,0.3826,1,200,student_read,load,0,0,1,1
22.0563,0.0659,1,200,student_read,load,0,0,1,1
22.1069,0.3093,1,200,enroll,load,0,0,1,1
22.1668,0.0215,1,200,student_read,load,0,0,1,1
22.2058,1.4971,1,202,enroll,load,0,1,1,1
22.2576,0.0421,1,200,probe_student,probe,0,0,1,1
22.2598,0.163,1,200,probe_records,probe,0,0,1,1
22.2622,0.101,1,200,probe_timetable,probe,0,0,1,1
22.2642,0.1795,1,200,probe_payment,probe,0,0,1,1
22.2663,0.0435,1,200,transcript,load,0,0,1,1
22.3057,0.1399,1,200,student_read,load,0,0,1,1
22.3585,0.0222,1,200,timetable,load,0,0,1,1
22.4074,0.0295,1,200,timetable,load,0,0,1,1
22.4581,0.0193,1,200,balance,load,0,0,1,1
22.5053,0.0329,1,200,probe_student,probe,0,0,1,1
22.5075,0.0381,1,200,probe_records,probe,0,0,1,1
22.5104,0.0573,1,200,probe_timetable,probe,0,0,1,1
22.5127,0.0378,1,200,probe_payment,probe,0,0,1,1
22.5153,0.0538,1,200,timetable,load,0,0,1,1
22.5573,0.0179,1,200,student_read,load,0,0,1,1
22.6149,0.2817,1,200,payment,load,0,0,1,1
22.6617,0.0241,1,200,balance,load,0,0,1,1
22.7083,1.3598,1,202,enroll,load,0,1,1,1
22.7563,0.0488,1,200,probe_student,probe,0,0,1,1
22.7583,0.0745,1,200,probe_records,probe,0,0,1,1
22.7612,0.0649,1,200,probe_timetable,probe,0,0,1,1
22.7634,0.0345,1,200,probe_payment,probe,0,0,1,1
22.7659,0.0917,1,200,payment,load,0,0,1,1
22.8052,0.0297,1,200,balance,load,0,0,1,1
22.8576,0.0182,1,200,balance,load,0,0,1,1
22.9124,0.0168,1,200,balance,load,0,0,1,1
22.9593,0.0169,1,200,student_read,load,0,0,1,1
23.006,0.0376,1,200,probe_student,probe,0,0,1,1
23.008,0.0387,1,200,probe_records,probe,0,0,1,1
23.0108,0.0404,1,200,probe_timetable,probe,0,0,1,1
23.0136,0.0278,1,200,probe_payment,probe,0,0,1,1
23.0156,0.2186,1,200,enroll,load,0,0,1,1
23.0684,0.2889,1,200,payment,load,0,0,1,1
23.1147,0.0191,1,200,timetable,load,0,0,1,1
23.1615,0.0553,1,200,transcript,load,0,0,1,1
23.2083,0.0287,1,200,balance,load,0,0,1,1
23.2555,0.0397,1,200,probe_student,probe,0,0,1,1
23.2575,0.0408,1,200,probe_records,probe,0,0,1,1
23.2602,0.0704,1,200,probe_timetable,probe,0,0,1,1
23.2631,0.038,1,200,probe_payment,probe,0,0,1,1
23.267,0.0656,1,200,timetable,load,0,0,1,1
23.3162,0.02,1,200,balance,load,0,0,1,1
23.3574,1.467,1,202,payment,load,0,1,1,1
23.4089,0.0186,1,200,balance,load,0,0,1,1
23.4558,0.0324,1,200,enroll,load,0,0,1,1
23.5024,0.0421,1,200,probe_student,probe,0,0,1,1
23.5045,0.0311,1,200,probe_records,probe,0,0,1,1
23.5072,0.0389,1,200,probe_timetable,probe,0,0,1,1
23.5098,0.0286,1,200,probe_payment,probe,0,0,1,1
23.5182,0.054,1,200,student_read,load,0,0,1,1
23.5642,0.0228,1,200,transcript,load,0,0,1,1
23.61,0.3665,1,200,payment,load,0,0,1,1
23.6573,0.0395,1,200,timetable,load,0,0,1,1
23.7191,0.0689,1,200,timetable,load,0,0,1,1
23.7648,0.0717,1,200,probe_student,probe,0,0,1,1
23.7676,0.0773,1,200,probe_records,probe,0,0,1,1
23.7702,0.0729,1,200,probe_timetable,probe,0,0,1,1
23.7727,0.0653,1,200,probe_payment,probe,0,0,1,1
23.7753,0.0401,1,200,transcript,load,0,0,1,1
23.8105,1.4695,1,202,enroll,load,0,1,1,1
23.8575,0.2779,1,200,enroll,load,0,0,1,1
23.9192,0.0212,1,200,timetable,load,0,0,1,1
23.9654,0.0692,1,200,payment,load,0,0,1,1
24.0116,0.0297,1,200,probe_student,probe,0,0,1,1
24.0135,0.0401,1,200,probe_records,probe,0,0,1,1
24.0161,0.0649,1,200,probe_timetable,probe,0,0,1,1
24.0186,0.031,1,200,probe_payment,probe,0,0,1,1
24.0214,0.1311,1,200,grade,load,0,0,1,1
24.0574,0.0202,1,200,timetable,load,0,0,1,1
24.1186,0.0254,1,200,timetable,load,0,0,1,1
24.1648,0.0384,1,200,timetable,load,0,0,1,1
24.2116,0.7429,1,200,payment,load,0,0,1,1
24.2578,0.0301,1,200,probe_student,probe,0,0,1,1
24.2605,0.0786,1,200,probe_records,probe,0,0,1,1
24.2626,0.0689,1,200,probe_timetable,probe,0,0,1,1
24.2646,0.062,1,200,probe_payment,probe,0,0,1,1
24.2675,0.0657,1,200,transcript,load,0,0,1,1
24.3182,0.0357,1,200,transcript,load,0,0,1,1
24.3646,0.3145,1,200,transcript,load,0,0,1,1
24.4119,0.0384,1,200,balance,load,0,0,1,1
24.4578,0.2265,1,200,transcript,load,0,0,1,1
24.5048,0.1634,1,200,probe_student,probe,0,0,1,1
24.5067,0.179,1,200,probe_records,probe,0,0,1,1
24.5091,0.1681,1,200,probe_timetable,probe,0,0,1,1
24.5117,0.1624,1,200,probe_payment,probe,0,0,1,1
24.5164,0.1539,1,200,student_read,load,0,0,1,1
24.5677,0.1141,1,200,student_read,load,0,0,1,1
24.6154,0.0602,1,200,transcript,load,0,0,1,1
24.6623,0.0254,1,200,transcript,load,0,0,1,1
24.711,0.0127,1,200,student_read,load,0,0,1,1
24.7566,0.0471,1,200,probe_student,probe,0,0,1,1
24.7587,0.0335,1,200,probe_records,probe,0,0,1,1
24.7608,0.0349,1,200,probe_timetable,probe,0,0,1,1
24.7626,0.0355,1,200,probe_payment,probe,0,0,1,1
24.7648,0.041,1,200,timetable,load,0,0,1,1
24.8059,0.6701,1,200,payment,load,0,0,1,1
24.8656,0.0173,1,200,transcript,load,0,0,1,1
24.9102,0.0157,1,200,student_read,load,0,0,1,1
24.9546,0.0767,1,200,transcript,load,0,0,1,1
25.0026,0.0261,1,200,probe_student,probe,0,0,1,1
25.0045,0.0778,1,200,probe_records,probe,0,0,1,1
25.0065,0.0707,1,200,probe_timetable,probe,0,0,1,1
25.0094,0.0646,1,200,probe_payment,probe,0,0,1,1
25.0195,0.5048,1,200,grade,load,0,0,1,1
25.0653,0.3683,1,200,payment,load,0,0,1,1
25.1111,0.0161,1,200,student_read,load,0,0,1,1
25.1572,0.1406,1,200,payment,load,0,0,1,1
25.2196,0.0534,1,200,timetable,load,0,0,1,1
25.2512,0.0401,1,200,probe_student,probe,0,0,1,1
25.2541,0.0342,1,200,probe_records,probe,0,0,1,1
25.2565,0.0484,1,200,probe_timetable,probe,0,0,1,1
25.2593,0.0355,1,200,probe_payment,probe,0,0,1,1
25.2688,0.042,1,200,timetable,load,0,0,1,1
25.3051,0.0765,1,200,transcript,load,0,0,1,1
25.3593,0.0174,1,200,balance,load,0,0,1,1
25.4056,0.0967,1,200,enroll,load,0,0,1,1
25.468,0.019,1,200,student_read,load,0,0,1,1
25.5025,0.0256,1,200,probe_student,probe,0,0,1,1
25.5055,0.0289,1,200,probe_records,probe,0,0,1,1
25.5079,0.091,1,200,probe_timetable,probe,0,0,1,1
25.5105,0.0275,1,200,probe_payment,probe,0,0,1,1
25.5174,0.0231,1,200,student_read,load,0,0,1,1
25.5607,0.0176,1,200,student_read,load,0,0,1,1
25.6072,0.0192,1,200,transcript,load,0,0,1,1
25.669,0.0233,1,200,balance,load,0,0,1,1
25.7143,0.0478,1,200,balance,load,0,0,1,1
25.7512,0.029,1,200,probe_student,probe,0,0,1,1
25.7532,0.0665,1,200,probe_records,probe,0,0,1,1
25.7554,0.0686,1,200,probe_timetable,probe,0,0,1,1
25.7575,0.0641,1,200,probe_payment,probe,0,0,1,1
25.7667,0.0493,1,200,balance,load,0,0,1,1
25.8077,0.0189,1,200,balance,load,0,0,1,1
25.8692,0.0162,1,200,balance,load,0,0,1,1
25.9153,0.114,1,200,enroll,load,0,0,1,1
25.9619,0.2268,1,200,payment,load,0,0,1,1
26.0077,0.0552,1,200,probe_student,probe,0,0,1,1
26.0102,0.0341,1,200,probe_records,probe,0,0,1,1
26.0127,0.0371,1,200,probe_timetable,probe,0,0,1,1
26.0149,0.0331,1,200,probe_payment,probe,0,0,1,1
26.0173,0.1218,1,200,payment,load,0,0,1,1
26.059,0.0522,1,200,transcript,load,0,0,1,1
26.1069,0.0163,1,200,balance,load,0,0,1,1
26.162,0.0401,1,200,transcript,load,0,0,1,1
26.2091,0.0176,1,200,transcript,load,0,0,1,1
26.2556,0.0361,1,200,probe_student,probe,0,0,1,1
26.2575,0.0671,1,200,probe_records,probe,0,0,1,1
26.2602,0.0362,1,200,probe_timetable,probe,0,0,1,1
26.2623,0.028,1,200,probe_payment,probe,0,0,1,1
26.2645,0.0343,1,200,student_read,load,0,0,1,1
26.3183,0.0239,1,200,transcript,load,0,0,1,1
26.3638,0.0247,1,200,transcript,load,0,0,1,1
26.4105,0.9748,1,200,grade,load,0,0,1,1
26.4583,1.3177,1,200,payment,load,0,0,1,1
26.5056,0.0446,1,200,probe_student,probe,0,0,1,1
26.5081,0.0319,1,200,probe_records,probe,0,0,1,1
26.5104,0.0597,1,200,probe_timetable,probe,0,0,1,1
26.5126,0.0302,1,200,probe_payment,probe,0,0,1,1
26.5146,0.0468,1,200,student_read,load,0,0,1,1
26.5569,0.0176,1,200,student_read,load,0,0,1,1
26.6124,1.2679,1,200,enroll,load,0,0,1,1
26.6588,0.0866,1,200,transcript,load,0,0,1,1
26.7058,0.0368,1,200,transcript,load,0,0,1,1
26.752,0.0262,1,200,probe_student,probe,0,0,1,1
26.7544,0.0285,1,200,probe_records,probe,0,0,1,1
26.7562,0.0406,1,200,probe_timetable,probe,0,0,1,1
26.7581,0.0338,1,200,probe_payment,probe,0,0,1,1
26.7671,0.0309,1,200,transcript,load,0,0,1,1
26.8146,0.0214,1,200,transcript,load,0,0,1,1
26.86,0.0231,1,200,transcript,load,0,0,1,1
26.9068,0.0247,1,200,transcript,load,0,0,1,1
26.9668,0.0231,1,200,transcript,load,0,0,1,1
27.0132,0.0858,1,200,probe_student,probe,0,0,1,1
27.0153,0.0688,1,200,probe_records,probe,0,0,1,1
27.0174,0.0269,1,200,probe_timetable,probe,0,0,1,1
27.0194,0.022,1,200,probe_payment,probe,0,0,1,1
27.0213,0.0782,1,200,transcript,load,0,0,1,1
27.0594,1.2865,1,202,payment,load,0,1,1,1
27.1066,0.0239,1,200,transcript,load,0,0,1,1
27.1689,0.0136,1,200,balance,load,0,0,1,1
27.2161,0.0215,1,200,balance,load,0,0,1,1
27.2614,0.0267,1,200,probe_student,probe,0,0,1,1
27.2633,0.0574,1,200,probe_records,probe,0,0,1,1
27.2646,0.0287,1,200,probe_timetable,probe,0,0,1,1
27.2661,0.0505,1,200,probe_payment,probe,0,0,1,1
27.268,0.0239,1,200,balance,load,0,0,1,1
27.3081,0.0176,1,200,student_read,load,0,0,1,1
27.3559,0.0163,1,200,transcript,load,0,0,1,1
27.4054,0.0394,1,200,timetable,load,0,0,1,1
27.4657,0.0438,1,200,balance,load,0,0,1,1
27.502,0.06,1,200,probe_student,probe,0,0,1,1
27.5035,0.0232,1,200,probe_records,probe,0,0,1,1
27.5043,0.0596,1,200,probe_timetable,probe,0,0,1,1
27.5058,0.0224,1,200,probe_payment,probe,0,0,1,1
27.5134,0.0477,1,200,student_read,load,0,0,1,1
27.5555,0.1772,1,200,grade,load,0,0,1,1
27.6081,0.0547,1,200,transcript,load,0,0,1,1
27.655,0.0146,1,200,balance,load,0,0,1,1
27.7175,0.3118,1,200,payment,load,0,0,1,1
27.7635,0.0264,1,200,probe_student,probe,0,0,1,1
27.7651,0.0273,1,200,probe_records,probe,0,0,1,1
27.7665,0.0537,1,200,probe_timetable,probe,0,0,1,1
27.7682,0.0229,1,200,probe_payment,probe,0,0,1,1
27.7693,0.0531,1,200,timetable,load,0,0,1,1
27.8113,0.0245,1,200,timetable,load,0,0,1,1
27.8567,0.0381,1,200,student_read,load,0,0,1,1
27.9193,0.0233,1,200,transcript,load,0,0,1,1
27.9655,0.0109,1,200,balance,load,0,0,1,1
28.0126,0.0238,1,200,probe_student,probe,0,0,1,1
28.014,0.0251,1,200,probe_records,probe,0,0,1,1
28.0156,0.039,1,200,probe_timetable,probe,0,0,1,1
28.0175,0.0336,1,200,probe_payment,probe,0,0,1,1
28.0192,0.0362,1,200,timetable,load,0,0,1,1
28.0555,0.0173,1,200,timetable,load,0,0,1,1
28.1068,0.0381,1,200,student_read,load,0,0,1,1
28.1689,0.0225,1,200,transcript,load,0,0,1,1
28.2149,0.0116,1,200,balance,load,0,0,1,1
28.2613,0.0252,1,200,probe_student,probe,0,0,1,1
28.2632,0.0528,1,200,probe_records,probe,0,0,1,1
28.2645,0.065,1,200,probe_timetable,probe,0,0,1,1
28.2662,0.052,1,200,probe_payment,probe,0,0,1,1
28.268,0.0606,1,200,student_read,load,0,0,1,1
28.3083,0.0157,1,200,balance,load,0,0,1,1
28.3694,0.0216,1,200,balance,load,0,0,1,1
28.4148,0.0158,1,200,transcript,load,0,0,1,1
28.461,0.0473,1,200,payment,load,0,0,1,1
28.5025,0.0276,1,200,probe_student,probe,0,0,1,1
28.5036,0.0223,1,200,probe_records,probe,0,0,1,1
28.5046,0.058,1,200,probe_timetable,probe,0,0,1,1
28.5055,0.0238,1,200,probe_payment,probe,0,0,1,1
28.5128,0.0473,1,200,student_read,load,0,0,1,1
28.557,1.4713,1,202,payment,load,0,1,1,1
28.6161,0.0216,1,200,timetable,load,0,0,1,1
28.6629,0.0106,1,200,student_read,load,0,0,1,1
28.7107,0.0254,1,200,balance,load,0,0,1,1
28.7566,0.0874,1,200,probe_student,probe,0,0,1,1
28.7585,0.1008,1,200,probe_records,probe,0,0,1,1
28.7603,0.082,1,200,probe_timetable,probe,0,0,1,1
28.7618,0.0781,1,200,probe_payment,probe,0,0,1,1
28.7633,0.1064,1,200,transcript,load,0,0,1,1
28.8182,0.0372,1,200,transcript,load,0,0,1,1
28.8567,0.0897,1,200,transcript,load,0,0,1,1
28.9104,0.0381,1,200,student_read,load,0,0,1,1
28.9561,0.071,1,200,timetable,load,0,0,1,1
29.0047,0.0707,1,200,probe_student,probe,0,0,1,1
29.012,0.0739,1,200,probe_records,probe,0,0,1,1
29.0163,0.0719,1,200,probe_timetable,probe,0,0,1,1
29.0183,0.0534,1,200,probe_payment,probe,0,0,1,1
29.0197,0.0551,1,200,balance,load,0,0,1,1
